id,Severity,age_classes,day_week,DEFORMED_classes,m_harm_classes,hour,impact1_classes,lgt_cond,make,man_coll,month,p_crash1,pcrash4,pcrash5,rel_road,reljct1,reljct2,rest_use,sex,speed_classes,typ_int,valign,vnum_lan,vsurcond,vtrafway,weather_classes
2465,1,10,1,3,3,12,6,1,10,5,6,1,2,2,1,0,1,3,1,2,1,2,3,2,3,1
2472,1,5,6,3,1,10,12,1,10,1,7,1,2,2,1,0,1,3,2,4,1,2,3,2,2,1
2477,0,10,5,3,1,13,13,1,4,2,7,5,2,2,1,0,8,3,1,2,1,2,3,2,2,1
2479,0,7,2,3,1,12,2,1,7,1,8,1,2,2,1,0,1,3,1,4,1,2,3,2,2,1
2482,1,10,2,4,1,17,13,1,7,3,8,8,2,2,1,0,1,3,2,5,1,3,3,2,2,1
2485,1,3,5,4,4,6,13,1,10,1,8,8,3,3,4,0,1,2,1,4,1,3,3,2,2,1
2488,0,7,6,4,1,14,13,1,10,2,9,1,2,2,1,0,3,2,1,4,2,2,3,2,3,1
2490,1,10,7,3,4,15,13,1,2,1,9,8,2,3,4,0,1,2,2,4,1,4,3,2,2,1
2495,1,8,6,4,1,20,18,2,7,4,9,8,2,2,1,0,2,2,1,2,3,5,3,2,3,1
2501,1,10,5,2,5,8,1,1,10,1,8,1,3,2,1,1,12,2,1,3,1,2,3,2,4,1
2504,1,14,7,4,4,14,3,1,7,1,1,1,2,3,6,0,1,1,1,4,1,2,3,2,2,1
2505,1,9,7,4,1,18,13,3,7,4,2,1,2,2,1,0,2,1,1,4,3,2,4,2,3,1
2506,1,10,7,4,1,15,13,1,8,4,3,1,2,2,1,0,1,1,1,2,1,2,4,2,3,1
2507,0,7,1,4,1,18,13,1,7,3,3,8,2,2,1,0,1,1,1,5,1,5,3,2,2,1
2508,0,3,1,4,1,20,12,2,4,4,3,1,2,2,1,0,2,1,1,5,2,2,3,2,3,1
2509,1,3,1,4,1,20,13,2,4,4,3,1,2,2,1,0,2,1,1,6,2,2,3,2,3,1
2515,1,7,7,4,4,20,13,2,7,1,4,1,2,3,6,0,1,1,1,3,1,2,3,2,2,1
2516,0,3,3,4,1,7,13,1,2,3,4,1,2,2,1,0,2,1,1,2,3,2,3,2,2,1
2519,1,11,6,4,1,12,13,1,7,1,4,1,2,3,6,0,1,1,1,2,1,2,3,2,3,1
2522,1,11,5,4,1,11,13,1,7,3,4,8,2,2,1,0,1,1,1,3,1,5,3,2,2,1
2524,1,4,6,4,1,18,13,1,7,4,5,1,2,2,1,0,2,1,1,5,3,2,3,2,2,1
2525,0,4,7,4,1,18,13,1,8,3,4,8,2,2,1,0,1,1,1,4,1,3,3,2,2,1
2531,0,6,7,4,1,21,13,3,7,2,5,1,2,2,1,0,1,1,1,3,1,2,3,2,3,1
2533,0,4,2,4,4,16,13,1,2,1,5,8,2,3,6,0,2,3,1,4,3,2,3,2,2,1
2535,0,3,6,4,1,21,13,3,3,1,6,1,2,3,6,0,1,1,1,6,1,2,3,2,2,1
2538,1,12,2,4,1,11,2,1,1,4,6,1,2,2,1,0,2,1,1,4,3,2,3,2,3,1
2542,0,7,1,4,1,18,13,1,3,3,7,1,2,2,1,0,1,1,1,4,1,2,3,2,2,1
2550,0,7,1,4,2,20,13,2,8,1,8,1,2,2,1,0,1,1,1,5,1,2,3,2,3,1
2565,0,9,4,4,1,18,10,2,10,4,10,1,2,2,1,0,2,1,1,4,3,2,3,2,3,1
2570,0,8,7,4,1,12,13,1,7,3,12,8,2,2,1,0,1,1,1,4,1,3,3,2,2,1
2571,0,6,4,4,1,16,13,1,2,4,2,7,2,2,1,0,2,1,1,5,2,2,3,2,2,1
2572,0,9,5,4,5,18,1,2,7,1,2,8,2,2,1,0,1,1,1,4,1,4,3,2,2,1
2573,0,7,6,4,5,21,13,2,7,1,3,1,2,3,4,0,1,3,1,3,1,2,3,3,2,1
2576,0,6,5,4,1,17,1,1,7,1,3,8,3,2,1,1,5,1,1,3,1,3,3,2,7,1
2578,0,6,1,4,5,4,13,2,2,1,4,1,3,3,4,0,1,1,1,6,1,2,5,2,4,1
2580,0,5,7,4,1,1,13,3,4,1,4,8,2,3,2,1,5,1,1,4,1,3,3,2,7,1
2582,0,9,7,4,1,12,13,1,7,4,4,7,2,2,1,0,8,1,1,4,1,2,3,2,2,1
2589,0,7,1,4,1,16,7,1,7,2,5,7,2,2,1,0,1,2,1,5,1,4,6,2,4,1
2592,1,7,1,4,5,15,15,1,7,1,6,1,2,3,4,0,1,1,1,4,1,2,3,2,2,1
2595,1,3,6,4,1,18,13,1,4,4,6,1,2,2,1,0,2,3,1,3,2,2,5,2,5,1
2602,1,7,5,4,5,19,15,1,7,1,7,8,2,3,4,0,1,2,1,4,1,4,3,2,2,1
2604,1,3,6,4,1,18,13,1,8,4,7,1,2,2,1,0,2,1,1,5,2,2,3,2,2,1
2605,1,10,6,4,1,18,13,1,7,4,7,8,3,2,1,0,1,2,1,4,1,3,3,2,2,1
2608,1,8,7,3,5,23,13,3,7,1,7,1,2,3,8,0,1,1,1,4,1,2,3,2,3,1
2609,1,4,3,4,3,16,13,1,4,1,7,1,2,3,4,0,3,1,1,4,1,2,5,2,5,1
2611,0,4,7,4,5,22,1,2,8,1,7,8,2,2,1,0,1,1,1,5,1,4,3,2,2,1
2612,1,9,3,4,1,5,13,2,8,1,7,1,3,2,1,0,1,1,1,4,1,2,3,2,2,1
2613,0,9,4,4,5,17,13,1,7,1,8,1,2,3,4,0,1,1,1,5,1,2,3,2,2,1
2615,1,10,6,4,1,11,13,1,7,3,8,1,2,2,1,0,2,1,1,2,2,2,3,2,5,1
2617,1,8,4,4,5,20,1,1,7,1,7,7,2,3,3,0,1,1,1,6,1,3,3,2,4,1
2619,1,10,4,4,5,17,1,1,7,1,8,7,2,3,3,0,1,1,1,5,1,3,3,2,3,1
2621,0,10,4,4,1,17,1,1,7,1,8,8,2,2,1,0,1,1,1,4,1,3,3,2,2,1
2623,1,11,1,2,1,19,13,1,2,1,8,8,2,3,5,0,1,1,1,4,1,4,3,2,2,1
2625,0,8,5,4,1,13,1,1,2,1,9,7,3,2,1,0,1,1,1,5,1,2,3,2,2,1
2627,1,4,1,4,4,18,13,1,7,1,7,1,2,3,4,0,1,1,1,4,1,2,3,2,2,1
2631,0,4,5,4,5,21,1,2,8,1,9,1,2,2,1,1,12,1,1,5,1,2,3,2,3,1
2632,0,8,2,4,5,14,1,1,10,1,9,8,2,3,4,0,1,1,1,4,1,4,3,2,2,1
2633,1,4,2,4,5,8,1,1,8,1,9,1,2,2,1,0,2,1,1,4,2,2,3,2,5,1
2634,1,9,7,4,1,10,1,1,10,1,8,1,2,2,1,0,3,1,1,3,1,2,5,2,2,1
2635,0,11,5,4,5,15,1,1,7,1,9,8,3,3,3,0,1,3,1,5,1,4,3,2,3,1
2637,0,4,2,4,1,11,1,1,8,1,9,8,3,2,1,0,1,1,1,4,1,3,3,2,2,1
2639,1,7,1,4,1,13,13,1,7,2,10,1,2,2,1,1,12,1,1,4,1,2,4,2,4,1
2640,0,7,2,4,5,12,1,1,2,1,10,8,2,2,1,0,1,1,2,4,1,4,3,2,2,1
2641,1,5,7,4,5,18,1,1,7,1,10,8,2,3,3,0,1,2,1,5,1,3,3,2,3,1
2643,0,4,7,4,1,14,1,1,8,1,10,1,3,2,1,0,1,1,1,5,1,2,3,2,2,1
2644,0,11,2,4,5,19,1,2,7,1,10,8,2,3,4,0,1,1,1,4,1,4,3,2,2,1
2646,0,10,1,4,1,13,1,1,2,1,10,8,2,2,1,0,1,1,1,5,1,3,3,2,2,1
2648,1,4,5,4,5,19,1,2,2,1,10,1,2,3,4,0,1,1,1,5,1,2,3,2,2,1
2649,0,2,1,4,5,2,13,2,10,1,11,8,2,2,1,0,1,1,1,5,1,3,3,2,4,1
2650,0,7,7,4,1,12,13,1,7,3,11,1,2,2,1,0,3,1,1,4,2,2,4,2,2,1
2652,1,7,7,4,1,23,13,3,7,1,11,1,2,2,1,0,1,1,1,4,1,2,5,2,5,1
2653,1,4,5,4,1,17,13,2,8,4,11,1,2,2,1,0,2,1,1,5,2,2,3,2,2,1
2655,1,8,6,4,5,17,15,2,7,1,12,8,2,3,4,0,1,2,1,6,1,4,3,2,2,1
2659,0,9,6,4,5,13,12,1,7,1,6,8,3,3,4,0,1,3,2,5,1,4,3,2,3,1
2673,0,9,7,4,1,18,13,1,2,6,8,1,2,2,1,0,1,1,1,5,1,2,3,2,2,1
2704,0,6,5,3,1,17,13,1,2,4,1,1,3,2,1,0,8,1,1,4,1,2,3,2,2,1
2706,0,8,6,3,5,16,13,1,10,1,2,8,3,3,4,0,1,1,1,4,1,3,3,2,2,1
2707,0,4,1,4,1,16,13,1,7,4,2,1,3,2,1,0,2,1,1,5,3,2,4,2,3,1
2710,0,3,7,4,5,19,1,3,2,1,3,1,2,2,1,0,2,1,1,4,2,2,4,2,3,1
2711,1,3,4,2,1,18,1,1,8,1,3,1,2,2,1,0,2,1,1,4,2,2,5,2,3,1
2713,1,9,4,3,1,11,13,1,10,4,3,1,2,2,1,0,2,1,1,4,3,2,4,2,3,1
2714,1,4,2,4,1,17,13,5,4,4,1,1,3,2,1,0,2,1,1,4,2,2,5,2,2,1
2715,1,10,4,3,1,22,15,3,4,1,4,1,2,3,4,0,1,1,1,4,1,2,3,2,2,1
2716,1,7,6,3,1,13,2,1,8,5,5,8,2,2,1,1,12,1,1,5,1,3,5,2,4,1
2717,1,8,7,4,1,8,13,1,7,4,5,1,3,2,1,0,2,1,1,4,2,2,5,2,4,1
2720,0,7,6,4,5,19,4,3,4,1,6,1,3,3,3,0,1,1,1,6,1,2,5,2,3,1
2721,0,9,3,3,5,17,12,1,8,1,6,1,2,3,5,0,1,1,1,5,1,2,3,2,2,1
2722,1,9,2,3,5,17,13,1,7,1,6,8,2,3,4,0,1,1,1,4,1,4,3,2,2,1
2725,0,6,4,4,1,11,13,1,2,4,7,1,3,2,1,0,2,1,1,4,2,2,3,2,2,1
2726,0,6,5,4,5,24,1,2,7,1,7,8,2,3,4,0,1,1,1,3,1,4,3,2,2,1
2729,1,10,7,4,5,17,13,1,7,1,7,8,2,3,4,0,1,1,1,4,1,4,3,2,2,1
2731,1,3,3,4,1,17,1,1,4,1,8,1,3,2,1,0,2,1,1,4,2,2,5,2,2,1
2732,0,3,7,4,1,19,13,5,4,4,9,1,2,2,1,0,8,1,1,5,1,2,3,2,2,1
2734,1,4,5,4,1,19,1,2,8,1,9,7,3,2,1,0,1,1,1,4,1,2,5,2,5,1
2737,1,3,4,4,1,16,13,1,2,4,10,1,3,2,1,0,2,1,1,4,2,2,5,2,5,1
2739,1,5,2,4,1,20,13,3,7,3,10,1,2,2,1,0,2,2,1,4,2,2,5,2,3,1
2750,1,7,1,4,1,19,13,5,7,1,7,1,2,4,4,0,2,3,1,3,3,2,3,2,2,1
2756,1,7,5,4,1,19,13,2,2,4,10,1,3,2,1,0,8,3,1,4,1,2,3,2,2,1
2801,0,7,7,4,1,17,10,1,3,1,5,5,2,3,4,0,1,2,1,2,1,2,3,2,2,1
2816,1,3,2,3,1,10,13,1,8,4,8,1,3,2,1,0,4,1,1,4,1,2,5,2,2,1
2861,1,4,1,4,1,18,10,1,7,4,3,4,2,2,1,0,3,3,1,3,2,2,3,2,2,1
2925,1,4,3,4,1,17,13,1,4,4,4,1,2,2,1,0,2,1,1,3,3,2,3,2,2,1
2942,1,6,2,4,1,21,13,2,4,4,6,1,2,2,1,0,8,1,1,3,1,2,3,2,2,1
2946,1,7,1,4,1,12,10,1,7,4,6,1,2,2,1,0,2,1,1,4,3,2,3,2,2,1
2955,1,4,5,4,1,10,13,1,2,4,5,1,2,2,1,0,2,1,1,6,3,2,3,2,2,1
2999,1,6,7,4,1,16,13,1,4,4,7,1,2,2,1,0,1,1,1,3,1,2,5,2,2,1
3021,0,6,5,4,1,2,13,3,10,1,8,8,2,3,4,0,1,1,1,4,1,3,3,2,2,1
3029,1,7,4,4,1,3,13,2,2,1,8,1,2,2,1,0,1,1,1,4,1,2,3,2,3,1
3035,1,5,6,4,1,20,13,3,7,4,8,1,2,2,1,0,2,1,1,3,2,2,5,2,2,1
3042,1,8,6,4,5,12,13,1,7,1,9,1,2,3,4,0,1,1,2,4,1,2,3,2,2,1
3070,1,6,6,4,1,16,13,1,4,4,9,1,2,2,1,0,8,1,1,3,1,2,3,2,2,1
3079,1,7,4,4,1,11,8,1,8,1,11,1,2,2,1,0,1,2,1,3,1,2,3,2,2,1
3098,1,7,6,4,1,17,13,5,2,4,1,1,2,2,1,0,2,1,1,4,2,2,4,2,3,1
3100,1,4,7,4,1,15,13,1,4,1,1,8,2,3,4,0,1,1,1,5,1,3,3,2,2,1
3101,1,3,1,4,1,11,13,1,4,4,1,1,2,2,1,0,7,1,1,4,1,2,5,2,3,1
3102,0,3,7,4,5,18,1,1,2,1,2,1,2,3,4,0,1,1,1,6,1,2,3,2,2,1
3104,0,8,1,4,2,16,13,1,10,1,2,8,2,3,4,0,1,1,1,4,1,3,3,2,2,1
3105,1,9,7,4,1,16,10,1,7,5,2,2,2,2,1,0,1,1,1,3,1,2,6,2,4,1
3106,0,6,7,4,1,15,13,1,10,4,2,1,2,2,1,0,7,1,1,7,1,2,5,2,3,1
3108,1,5,1,4,1,12,13,1,4,4,2,1,2,2,1,0,8,1,1,3,1,2,3,2,2,1
3109,0,3,7,4,1,14,13,1,2,4,2,1,2,2,1,0,2,1,1,3,3,5,3,2,3,1
3110,1,4,3,4,1,18,13,1,4,1,3,1,2,3,4,0,1,1,1,5,1,2,3,2,2,1
3112,1,6,5,4,5,11,13,1,8,1,3,8,2,3,4,0,1,1,1,6,1,4,3,2,2,1
3113,1,4,7,4,1,1,13,2,4,4,4,7,2,2,1,0,8,1,1,4,1,2,3,2,2,1
3114,1,11,6,4,5,10,1,1,10,1,4,8,2,3,4,0,1,1,1,4,1,3,3,2,2,1
3115,1,10,2,4,5,21,4,2,8,1,4,8,2,3,4,0,1,1,1,4,1,4,3,2,2,1
3116,0,5,7,4,1,21,13,2,4,4,4,1,2,2,1,0,2,1,1,4,3,2,3,2,2,1
3117,0,11,1,4,1,10,13,1,10,4,4,8,2,2,1,0,2,1,1,3,3,2,3,2,2,1
3120,0,9,1,4,1,20,13,5,7,4,4,1,2,2,1,0,4,1,2,4,1,2,3,2,2,1
3121,1,7,7,3,5,14,1,1,8,1,4,8,2,2,1,0,1,1,1,4,1,3,3,2,2,1
3123,1,10,3,4,1,11,13,1,10,4,4,1,2,2,1,0,2,1,1,4,3,2,5,2,4,1
3124,1,10,2,4,5,20,1,2,7,1,5,1,2,3,3,0,1,1,1,5,1,2,3,2,3,1
3125,1,8,5,4,1,15,13,1,2,3,5,8,2,2,1,0,1,1,1,4,1,3,3,2,2,1
3127,0,4,6,4,1,21,4,2,8,3,5,1,2,2,1,0,1,1,1,4,1,2,3,2,2,1
3128,0,6,3,4,4,13,13,1,2,1,5,8,2,3,4,0,1,1,1,7,1,3,3,2,2,1
3129,1,3,3,4,1,11,13,1,2,4,5,1,2,2,1,0,2,1,1,3,3,2,3,2,2,1
3132,0,5,6,4,1,18,13,1,7,1,5,1,2,3,4,0,1,1,1,5,1,2,3,2,2,1
3135,0,7,3,4,1,17,13,1,2,4,5,1,2,2,1,0,2,1,1,4,2,2,3,2,2,1
3137,1,8,6,4,1,14,13,1,2,3,5,1,2,2,1,0,1,1,1,4,1,2,3,2,2,1
3140,0,5,1,4,1,15,13,1,2,4,5,1,2,2,1,0,2,1,1,4,2,2,5,2,2,1
3142,0,3,7,4,1,21,13,2,10,3,5,8,2,2,1,0,1,1,1,4,1,3,4,2,2,1
3144,1,10,5,4,5,4,1,2,7,1,6,8,2,2,1,0,1,1,1,4,1,3,3,2,2,1
3145,0,5,6,4,1,12,13,1,4,3,6,1,2,2,1,0,2,1,1,5,2,2,7,2,4,1
3146,0,4,1,3,1,24,13,2,4,3,6,8,2,2,1,0,1,1,1,4,1,4,3,2,2,1
3149,0,6,1,4,1,23,13,2,10,2,6,6,2,2,1,0,1,1,1,7,1,2,3,2,4,1
3150,1,7,3,4,5,1,13,3,7,1,6,8,2,3,4,0,2,1,1,3,4,2,3,2,2,1
3151,1,11,2,4,4,12,13,1,10,1,6,8,2,3,4,0,1,1,1,4,1,3,3,2,2,1
3156,1,5,4,4,1,6,13,4,4,4,6,1,2,2,1,0,8,1,1,4,1,2,3,2,2,1
3157,1,7,7,4,1,22,13,2,11,3,6,1,2,2,1,0,8,1,1,4,1,2,3,2,2,1
3161,0,4,6,4,5,21,13,2,4,1,6,8,2,3,4,0,1,1,1,7,1,4,3,2,2,1
3162,0,4,6,4,1,3,13,2,7,2,6,1,2,2,1,0,1,1,1,4,1,2,3,2,3,1
3163,1,4,5,4,1,15,13,1,8,3,6,8,2,2,1,0,1,1,1,6,1,3,3,2,2,1
3164,1,9,7,3,1,15,13,1,2,4,3,1,2,2,1,0,8,1,1,3,1,2,3,2,2,1
3165,1,10,1,4,1,13,13,1,7,2,4,1,2,2,1,0,1,1,1,3,1,2,3,2,2,1
3166,1,6,3,4,1,13,13,1,2,1,4,1,2,4,5,0,1,1,1,3,1,2,3,3,2,1
3167,0,3,5,4,1,16,13,1,10,4,6,1,2,2,1,0,2,1,1,6,3,2,3,2,2,1
3168,1,8,7,3,5,18,1,1,7,1,6,1,3,2,1,0,1,1,1,3,1,2,5,2,2,1
3169,1,6,4,4,1,14,13,1,1,4,7,1,2,2,1,0,4,1,2,4,1,2,3,2,2,1
3170,0,12,4,4,1,10,10,1,7,6,7,8,2,2,1,0,1,1,1,4,1,3,3,2,2,1
3171,0,4,1,4,4,5,13,2,2,1,7,1,2,3,4,0,2,1,1,7,3,2,3,2,2,1
3172,0,8,3,4,1,7,13,1,7,3,7,8,2,2,1,0,1,1,1,4,1,3,3,2,2,1
3174,1,5,6,4,1,16,10,1,8,6,7,1,2,2,1,0,1,1,1,6,1,2,5,2,2,1
3175,0,10,7,4,1,14,13,1,7,2,7,1,2,2,1,0,1,1,1,5,1,2,5,2,4,1
3176,0,6,7,4,1,14,10,1,7,2,7,1,2,2,1,0,1,1,2,5,1,2,5,2,4,1
3177,0,9,7,4,1,14,13,1,7,2,7,1,2,2,1,0,1,1,1,5,1,2,5,2,4,1
3179,0,6,7,3,1,14,13,1,7,2,7,1,2,2,1,0,1,1,1,5,1,2,5,2,4,1
3180,0,7,7,4,1,12,13,1,10,4,7,1,2,2,1,0,3,1,1,4,3,2,3,2,2,1
3182,1,4,3,4,1,11,13,1,10,4,7,1,2,2,1,0,3,1,1,3,1,2,5,2,2,1
3183,1,8,6,4,1,20,13,3,7,4,7,1,2,2,1,0,4,1,1,4,1,2,5,3,2,1
3186,0,4,7,3,2,3,13,2,10,1,7,8,2,3,4,0,1,1,1,5,1,4,3,2,2,1
3187,0,8,4,3,1,18,13,1,1,1,7,1,2,2,1,0,1,1,1,4,1,2,3,2,2,1
3188,1,9,5,4,1,18,13,1,8,2,7,1,2,2,1,0,1,1,1,4,1,2,3,2,2,1
3190,1,7,6,4,5,21,13,2,2,1,7,8,2,3,4,0,1,1,1,4,1,4,3,2,2,1
3191,1,9,1,4,5,18,4,1,7,1,7,8,2,3,4,0,1,1,1,4,1,4,3,2,2,1
3201,1,8,3,4,1,7,13,1,2,4,5,1,2,2,1,1,2,1,1,4,2,2,3,2,3,1
3202,1,7,6,4,1,15,12,1,7,6,6,8,2,2,1,0,1,1,1,3,1,4,3,2,2,1
3203,1,6,7,4,4,16,13,1,4,1,7,8,2,3,3,0,1,1,1,6,1,4,3,2,2,1
3205,0,5,7,4,5,11,1,1,8,1,8,8,2,2,1,0,8,1,1,4,1,3,3,2,2,1
3207,1,8,3,4,1,18,13,1,7,4,8,1,2,2,1,0,2,1,1,4,2,2,3,2,3,1
3208,0,8,4,4,1,6,13,4,2,3,8,1,2,2,1,0,1,1,1,4,1,2,3,2,2,1
3209,0,8,6,4,1,5,13,2,7,3,8,1,2,2,1,0,1,1,1,4,1,2,3,2,2,1
3210,0,8,2,4,1,20,13,2,8,3,8,8,2,2,1,0,1,3,1,5,1,3,3,2,2,1
3211,1,8,6,4,5,13,1,1,2,1,8,8,2,2,1,0,1,1,1,4,1,3,3,2,2,1
3212,0,3,6,4,4,9,7,2,10,1,8,8,2,3,4,0,1,1,1,5,1,4,3,2,2,1
3214,0,9,1,4,1,21,13,2,7,4,8,1,2,2,1,0,2,1,1,4,3,2,5,3,2,3
3215,1,9,7,4,1,18,13,1,7,3,8,8,2,2,1,0,1,2,1,4,1,3,3,2,2,1
3216,1,5,5,4,1,18,11,1,8,6,8,8,2,2,1,0,1,1,1,6,1,3,3,2,2,1
3217,0,8,7,4,1,7,4,1,3,4,9,1,2,2,1,0,1,1,1,4,1,2,3,2,2,1
3218,0,6,5,4,1,20,13,3,2,3,9,8,2,2,1,0,1,3,1,4,1,3,3,3,2,1
3220,0,3,7,4,1,19,13,5,2,3,9,3,2,2,1,0,2,1,1,5,3,2,3,2,2,1
3222,0,8,7,4,1,21,7,3,7,8,9,1,3,2,1,0,1,1,1,4,1,2,7,2,4,1
3223,0,11,4,4,5,11,1,1,7,1,9,1,2,2,1,0,2,1,1,4,3,2,3,2,2,1
3226,1,5,1,3,4,8,10,1,4,1,9,8,2,3,4,0,1,1,1,7,1,4,3,2,2,1
3229,1,6,6,4,1,17,13,1,8,4,9,1,2,2,1,0,2,1,1,4,2,2,5,2,4,1
3230,1,11,1,4,5,19,1,2,10,1,10,8,2,3,4,0,1,1,1,4,1,4,3,2,2,1
3231,0,4,5,4,1,24,7,2,10,2,10,1,2,2,1,0,3,1,1,2,2,2,5,2,2,1
3233,0,10,7,4,1,14,13,1,11,2,10,8,2,2,1,0,1,1,1,4,1,4,3,2,2,1
3234,1,9,6,4,1,14,19,1,7,6,10,8,2,2,1,0,1,1,1,4,1,3,4,2,3,1
3236,1,6,4,4,1,16,1,1,4,1,10,1,2,2,1,0,3,1,1,4,3,2,3,2,2,1
3240,1,9,7,3,5,13,13,1,7,1,9,1,2,3,3,0,1,1,1,3,1,2,3,2,3,1
3241,1,6,3,4,1,13,13,1,7,4,9,1,2,2,1,0,2,1,1,4,3,2,6,2,3,1
3243,0,6,3,4,1,18,13,1,2,6,10,8,2,2,1,0,1,1,1,4,1,4,3,2,2,1
3244,0,7,3,3,1,18,10,1,7,6,10,8,2,2,1,0,1,1,1,4,1,4,3,2,2,1
3247,1,8,7,4,1,14,4,1,7,5,10,1,2,2,1,0,1,1,1,4,1,2,3,2,2,1
3248,0,3,1,4,5,11,1,1,2,1,10,7,2,2,1,0,1,1,1,5,1,4,3,2,2,1
3249,0,8,7,4,1,14,13,1,2,4,11,1,2,2,1,0,2,1,1,3,2,2,3,2,2,1
3250,0,4,7,4,1,16,13,1,4,4,11,1,2,2,1,0,2,1,1,6,2,2,3,2,2,1
3252,1,5,1,4,5,13,1,1,2,1,11,8,2,3,4,0,1,1,1,4,1,4,3,2,2,1
3253,0,6,7,4,2,23,13,2,2,1,12,8,2,3,4,0,1,1,1,6,1,3,3,2,2,1
3255,1,8,5,4,5,9,1,1,7,1,12,8,2,2,1,0,1,1,1,4,1,3,3,3,2,1
3256,0,4,6,4,1,22,13,2,6,4,12,1,3,2,1,0,4,1,1,6,1,2,6,2,3,1
3257,1,4,1,4,5,1,1,3,10,1,6,1,2,3,4,0,1,1,1,4,1,2,5,2,3,1
3258,0,4,2,4,1,18,13,3,10,1,11,1,2,2,1,0,1,1,1,4,1,2,5,2,2,1
3261,0,10,5,4,1,11,13,1,7,3,7,1,2,2,1,0,2,1,1,4,2,2,3,2,2,1
3263,1,4,2,4,1,17,13,1,7,4,8,1,2,2,1,0,8,3,1,4,1,2,5,2,2,1
3266,0,11,3,4,1,12,13,1,2,2,8,1,2,2,1,0,3,1,1,5,2,2,3,2,4,1
3268,0,8,7,4,5,20,1,2,7,1,8,8,2,3,4,0,1,3,1,5,1,3,3,2,2,1
3269,0,5,2,3,1,23,9,2,8,5,9,7,2,2,1,0,1,3,1,5,1,2,3,2,4,1
3274,1,8,6,4,5,17,1,1,8,1,10,8,3,3,4,0,1,3,1,6,1,4,3,2,2,1
3282,1,10,1,4,1,18,4,1,10,1,4,1,3,3,4,0,1,1,1,3,1,2,3,2,2,1
3286,1,7,4,3,5,22,13,3,7,4,5,1,2,2,1,0,2,3,1,3,3,2,3,2,2,1
3289,0,8,1,3,5,19,7,1,2,1,5,8,2,3,4,0,1,3,1,4,1,4,3,8,2,1
3292,0,10,7,4,1,22,13,2,10,4,4,1,2,2,1,0,2,1,2,4,2,2,3,2,3,1
3293,1,7,2,3,5,12,1,1,7,1,5,6,3,2,1,1,5,3,1,4,1,2,2,2,7,1
3294,0,5,5,4,3,2,4,3,10,1,5,8,3,3,5,0,1,3,1,3,1,5,3,2,2,1
3302,0,3,2,4,1,16,13,1,10,4,5,1,2,2,1,0,4,3,1,4,1,2,5,2,2,1
3306,0,5,7,4,1,22,13,2,7,4,5,1,2,2,1,0,2,3,1,4,2,2,3,3,2,1
3308,1,9,1,4,1,10,11,1,8,1,5,8,3,3,5,1,5,1,1,4,1,5,2,2,7,1
3313,1,4,6,4,1,15,7,1,4,7,6,8,2,2,1,0,4,1,1,3,1,5,5,2,2,1
3315,1,5,7,4,5,3,13,2,10,1,6,8,2,3,4,0,2,3,1,5,3,5,3,2,2,1
3319,1,11,3,4,1,14,13,1,7,4,6,1,2,2,1,0,2,3,1,3,2,2,3,2,2,1
3321,1,9,7,2,5,10,1,1,7,1,6,8,2,2,1,0,1,3,1,4,1,3,3,2,2,1
3323,1,6,1,4,1,8,13,1,7,4,6,1,2,2,1,0,2,3,1,3,3,2,3,2,2,1
3325,1,5,5,4,1,14,13,1,4,3,6,8,2,2,1,0,1,1,2,3,1,4,3,2,2,1
3330,1,6,6,4,5,22,13,2,7,1,7,1,2,3,4,0,1,3,1,4,1,2,3,2,2,1
3332,1,6,2,3,1,21,13,1,4,1,7,1,2,3,7,0,3,3,1,5,3,2,3,2,2,1
3349,1,11,6,4,5,19,13,1,8,1,5,1,2,3,4,0,1,1,1,4,1,2,3,2,2,1
3356,1,8,6,4,1,11,13,1,2,4,8,8,2,2,1,0,4,3,1,3,1,4,5,2,2,1
3357,0,4,4,1,1,21,8,2,10,1,8,1,2,2,1,0,1,3,1,4,1,2,3,2,2,1
3368,0,3,1,4,5,6,1,4,7,1,7,8,3,3,4,0,1,3,1,5,1,5,3,2,2,1
3369,1,12,6,4,5,9,13,1,2,4,8,1,2,2,1,0,2,1,1,3,2,2,5,2,2,1
3378,0,9,4,4,1,17,10,1,7,6,8,8,2,2,1,0,1,3,1,3,1,3,3,2,2,1
3379,1,5,1,2,5,20,13,5,7,1,6,8,2,3,4,0,1,3,1,4,1,3,3,2,2,1
3382,1,4,7,4,1,23,11,2,4,5,6,7,3,2,1,0,1,1,1,6,1,5,3,2,3,1
3383,0,5,7,4,1,23,3,2,4,5,6,7,3,2,1,0,1,1,1,6,1,5,3,2,3,1
3385,0,7,7,3,5,20,1,1,8,1,7,1,2,2,1,0,1,3,1,4,1,2,3,2,2,1
3393,0,6,6,4,1,23,13,3,4,1,8,8,3,3,5,0,1,3,1,4,1,5,5,2,2,1
3394,0,5,3,4,1,14,7,1,10,2,8,1,2,2,1,0,1,3,1,5,1,2,5,2,4,1
3395,1,9,4,3,1,18,13,1,7,1,8,8,3,3,5,0,1,3,1,4,1,5,3,2,2,1
3398,1,9,6,4,5,10,1,1,7,1,8,8,3,3,4,0,1,3,1,4,1,4,3,2,2,1