id,Severity,age_classes,day_week,DEFORMED_classes,m_harm_classes,hour,impact1_classes,lgt_cond,make,man_coll,month,p_crash1,pcrash4,pcrash5,rel_road,reljct1,reljct2,rest_use,sex,speed_classes,typ_int,valign,vnum_lan,vsurcond,vtrafway,weather_classes
3399,0,4,3,4,1,19,15,5,4,1,8,7,2,3,4,0,1,1,1,4,1,4,5,2,2,1
3401,0,10,7,4,1,19,4,5,8,1,9,8,2,3,4,0,1,3,1,4,1,4,3,2,2,1
3403,1,6,5,4,1,18,13,1,10,4,8,1,3,2,1,0,2,3,1,4,2,2,3,2,2,1
3404,1,4,4,4,1,16,13,1,4,3,8,7,2,2,1,0,1,3,1,6,1,5,5,2,2,1
3406,1,9,2,4,1,15,3,1,7,4,9,1,2,2,1,0,2,3,1,3,2,2,5,2,2,1
3410,1,5,7,4,1,14,4,1,10,5,9,1,2,2,1,0,1,1,1,4,1,2,5,2,2,1
3411,0,4,1,4,1,16,13,1,7,1,9,7,2,3,4,0,1,3,1,5,1,5,3,2,2,1
3412,0,3,1,4,1,12,13,1,2,4,8,1,2,2,1,1,2,1,2,3,2,2,5,2,3,1
3415,1,6,4,4,1,23,13,3,8,2,6,1,2,2,1,0,1,3,1,5,1,2,5,2,2,1
3418,1,14,3,4,1,13,13,1,8,4,8,1,2,2,1,0,2,1,1,4,3,2,3,2,2,1
3420,1,6,1,4,1,2,13,3,10,2,6,7,3,2,1,0,1,1,1,7,1,2,5,2,3,1
3422,1,4,6,4,1,22,13,2,7,6,8,1,2,2,1,0,1,3,1,3,1,2,3,2,2,1
3437,0,10,6,4,1,8,13,1,4,4,9,1,2,2,1,0,4,1,2,5,1,2,3,2,2,1
3438,1,8,7,4,1,15,2,1,7,1,9,8,2,3,4,0,1,3,1,4,1,4,3,2,2,1
3446,1,6,6,4,1,21,13,3,10,4,8,1,2,2,1,0,4,1,1,3,1,2,5,2,2,1
3448,1,9,6,4,5,14,1,1,8,1,8,8,3,2,1,0,1,1,1,4,1,5,3,2,2,1
3451,1,5,7,4,1,22,13,2,7,1,10,1,2,2,1,0,1,3,1,4,1,2,5,2,2,1
3452,0,7,7,4,5,9,13,1,7,1,11,8,3,3,5,0,1,3,1,5,1,5,3,2,2,1
3453,1,6,2,3,1,15,12,1,2,1,11,1,2,3,5,0,1,3,1,3,1,2,3,3,2,1
3456,1,10,7,3,5,12,1,1,7,1,10,1,2,3,5,0,1,3,1,4,1,2,3,2,2,1
3478,1,6,1,4,5,23,1,2,7,1,5,2,2,2,1,0,1,3,1,5,1,2,5,2,4,1
3515,1,5,5,4,1,18,13,1,7,4,7,1,2,2,1,0,2,3,1,4,3,2,5,2,2,1
3517,1,5,7,4,1,10,1,1,8,1,8,1,2,2,1,0,8,3,1,4,1,2,5,2,2,1
3613,0,5,7,4,1,2,13,2,7,1,3,8,2,3,4,0,1,3,1,5,1,4,3,2,2,1
3625,1,6,7,2,5,21,1,2,7,1,4,8,3,3,4,0,1,3,1,4,1,4,3,2,2,1
3627,0,7,4,4,1,13,12,1,8,4,5,1,3,2,1,0,2,2,1,4,2,2,3,2,2,1
3630,1,4,2,4,1,21,13,3,8,1,4,1,2,2,1,0,1,2,1,4,1,2,4,2,3,1
3632,1,8,7,4,5,11,1,1,3,1,5,1,2,2,1,0,1,2,1,4,1,2,3,2,3,1
3635,1,5,6,3,1,21,13,2,2,1,5,1,2,2,1,0,1,1,1,4,1,2,3,2,2,1
3638,1,5,5,4,5,20,13,5,7,1,5,8,2,3,4,0,1,3,1,5,1,4,3,2,2,1
3639,1,7,7,4,1,13,12,1,7,4,4,1,2,2,1,0,2,3,1,2,3,2,3,2,2,1
3642,0,4,1,3,5,20,1,5,10,1,5,8,3,2,1,0,1,3,1,4,1,4,3,2,2,1
3643,0,2,3,4,1,22,2,2,4,1,5,8,2,3,4,0,1,2,1,6,1,4,3,3,2,1
3646,1,10,7,4,1,21,13,2,7,4,4,1,2,2,1,0,2,1,1,4,2,2,3,2,2,1
3649,1,10,5,4,5,18,1,1,8,1,5,7,2,3,8,1,13,3,1,4,1,2,3,2,3,1
3650,0,6,3,4,1,12,13,1,4,4,5,1,3,2,1,0,2,3,1,4,2,2,3,2,3,1
3656,1,4,3,4,1,17,13,1,10,6,6,1,2,2,1,0,1,1,1,4,1,2,3,2,2,1
3658,0,3,5,4,5,11,1,1,10,1,5,7,2,2,1,0,1,1,1,5,1,3,3,2,6,1
3663,0,3,7,4,1,12,13,1,10,4,3,1,3,2,1,0,8,1,1,4,1,2,3,2,2,1
3668,0,4,5,4,1,7,13,1,2,2,5,1,3,2,1,0,8,2,1,5,1,2,3,2,2,1
3669,1,4,6,4,5,21,1,2,4,1,6,8,3,3,2,0,1,2,1,6,1,4,3,2,2,1
3673,0,7,6,4,1,3,15,2,7,1,6,8,2,3,4,0,1,3,1,4,1,3,3,2,2,1
3674,0,6,4,4,1,19,1,1,4,1,6,8,2,3,4,0,1,2,1,5,1,4,3,2,2,1
3679,1,8,7,4,1,20,13,2,7,1,6,1,3,2,1,0,1,3,1,4,1,2,4,2,3,1
3681,1,7,6,4,1,17,12,1,8,4,5,1,2,2,1,0,8,2,1,4,1,2,5,2,5,1
3687,1,2,5,4,1,20,15,1,2,1,6,8,2,3,4,0,1,3,1,4,1,4,3,2,2,1
3693,1,8,4,4,1,15,13,1,7,2,6,1,2,2,1,0,1,2,1,4,1,2,3,2,2,1
3696,0,4,6,4,1,23,13,2,7,1,6,8,2,3,4,0,1,3,1,3,1,4,3,2,2,1
3699,1,7,6,2,1,22,13,3,2,4,6,1,3,2,1,0,2,3,1,3,2,2,3,2,2,1
3701,0,6,3,4,4,20,13,5,7,1,6,8,2,3,5,0,1,3,1,5,1,4,3,2,2,1
3702,0,7,4,4,5,20,15,1,4,1,7,8,3,3,4,0,1,3,1,7,1,4,3,2,2,1
3706,1,8,5,4,1,15,2,1,7,1,7,1,2,2,1,0,1,3,1,4,1,2,3,2,2,1
3708,1,7,6,4,1,21,13,2,10,1,7,1,2,2,1,0,1,3,1,5,1,2,3,3,2,1
3715,1,9,6,4,1,17,13,1,10,4,7,8,3,2,1,0,2,3,1,4,3,4,3,2,2,1
3718,0,10,3,4,1,12,13,1,2,4,7,8,2,2,1,0,8,1,1,4,1,4,3,2,2,1
3719,0,3,6,4,1,11,2,1,2,4,7,8,3,2,1,0,2,1,1,7,3,3,3,2,2,1
3723,0,5,1,4,5,14,1,1,7,1,7,1,2,2,1,0,1,3,1,4,1,2,3,2,3,1
3724,1,8,1,4,1,14,10,1,7,1,7,6,2,2,1,0,1,3,1,4,1,2,3,2,3,1
3733,0,10,5,4,5,20,1,5,7,1,7,8,3,3,2,0,1,3,1,4,1,4,3,2,2,1
3739,1,7,1,4,5,18,1,1,2,1,7,8,2,2,1,0,1,3,1,4,1,3,3,2,2,1
3746,0,5,6,4,1,17,13,1,7,3,7,1,2,2,1,0,1,1,1,4,1,2,3,2,2,1
3748,1,9,1,4,1,20,13,2,2,4,7,1,2,2,1,0,2,2,2,3,3,2,3,2,2,1
3755,1,9,7,4,1,16,13,1,2,4,7,1,2,2,1,1,2,3,1,4,3,2,3,2,2,1
3758,0,6,2,2,1,23,1,2,7,1,8,8,3,2,5,0,1,3,1,4,1,4,3,2,2,1
3759,0,13,2,2,5,15,1,1,2,1,8,8,3,3,4,0,1,2,1,3,1,4,3,2,2,1
3761,0,6,7,3,1,22,13,2,7,1,8,8,2,3,5,0,1,3,1,5,1,3,3,2,2,1
3763,1,7,5,4,1,18,13,1,7,4,8,1,3,2,1,0,2,3,1,4,2,2,3,2,2,1
3764,0,9,4,4,1,22,2,2,7,1,8,8,3,3,4,0,1,3,1,4,1,4,3,2,2,1
3765,1,8,4,3,5,10,1,1,10,1,8,1,3,3,2,0,1,2,1,4,1,2,3,3,3,1
3769,0,7,7,4,1,12,13,1,7,3,7,8,2,2,1,0,1,2,1,4,1,4,4,2,2,1
3774,0,4,3,4,1,17,12,1,4,6,8,1,3,2,1,0,1,1,1,6,1,2,3,2,2,1
3793,0,8,2,4,1,14,8,1,2,1,9,8,3,3,3,0,1,1,1,5,1,3,3,3,4,1
3795,1,11,4,4,1,14,2,1,7,4,9,8,2,2,1,0,2,3,1,2,2,2,3,3,2,1
3800,1,9,1,4,1,21,13,3,7,4,9,1,2,2,1,1,2,2,2,3,7,2,3,2,4,1
3803,1,8,1,4,1,19,13,5,4,3,9,8,2,2,1,0,1,1,1,3,1,4,3,2,2,1
3804,1,4,1,3,5,17,1,1,7,1,10,1,3,2,1,0,1,3,1,5,1,2,4,2,4,1
3805,0,8,7,2,1,17,13,1,7,4,10,1,2,2,1,0,8,1,1,3,1,2,3,2,2,1
3806,1,9,1,4,1,14,13,1,7,4,10,1,2,2,1,0,2,1,1,4,2,2,3,2,2,1
3807,0,8,5,4,1,15,13,1,10,4,10,1,2,2,1,0,2,2,1,4,2,2,3,2,2,1
3814,0,7,6,2,1,17,7,1,7,1,11,2,2,2,1,0,1,3,1,3,1,2,3,2,2,1
3815,0,8,6,2,1,17,7,1,7,1,11,2,2,2,1,0,1,3,1,3,1,2,3,2,2,1
3816,0,4,6,3,5,17,1,1,2,1,11,1,3,2,1,0,1,3,1,4,1,2,3,2,2,1
3817,1,6,3,4,1,7,4,1,8,4,10,1,3,2,1,0,8,2,1,5,1,2,3,2,2,1
3821,0,7,5,4,1,16,13,1,7,3,9,8,2,2,1,0,1,1,2,4,1,3,3,2,2,1
3822,1,6,3,4,1,11,13,1,10,2,10,1,3,2,1,0,8,2,1,4,1,2,3,2,3,1
3823,1,12,1,2,5,16,1,5,4,1,11,1,3,2,1,0,1,1,1,4,1,2,3,2,2,1
3827,0,6,4,4,1,11,4,1,8,4,11,1,3,2,1,0,2,1,1,5,3,2,3,3,2,1
3831,0,4,1,4,1,18,11,3,8,4,3,1,2,2,1,0,2,2,1,3,3,2,4,2,5,1
3835,1,8,1,4,1,15,13,1,7,3,5,1,2,2,1,0,2,3,1,4,3,2,5,2,3,1
3844,1,8,5,2,5,19,1,3,8,1,9,8,3,3,4,0,1,3,1,4,1,4,3,2,2,1
3847,0,6,7,2,1,17,4,1,11,1,1,8,2,3,4,0,1,3,1,4,1,3,3,2,2,1
3848,0,10,3,4,4,7,13,1,7,1,2,7,2,3,4,0,1,3,1,3,1,2,3,2,2,1
3849,1,7,7,4,1,19,13,2,7,4,2,1,2,2,1,0,2,1,1,4,3,2,3,2,2,1
3850,1,11,2,4,1,9,13,1,7,4,2,1,2,2,1,0,2,1,1,4,2,2,3,2,3,1
3851,0,3,4,2,1,13,13,1,4,4,2,1,2,2,1,0,2,1,1,4,3,2,3,2,3,1
3852,0,3,4,4,1,13,13,1,10,4,2,1,2,2,1,0,2,3,1,4,3,2,3,2,3,1
3853,0,2,1,4,1,17,13,1,4,4,2,1,2,2,1,0,2,3,1,5,2,2,3,2,3,1
3854,0,10,2,4,5,18,1,5,7,1,2,1,3,3,3,0,1,1,1,5,1,2,3,2,4,1
3855,0,5,5,4,1,23,13,2,7,1,3,8,2,3,4,0,1,3,1,4,1,3,3,2,2,1
3856,0,5,6,4,1,14,13,1,10,3,3,1,2,2,1,0,8,1,1,5,1,2,3,2,2,1
3861,0,6,7,4,1,19,13,2,7,1,3,1,2,2,1,0,1,3,1,4,1,2,3,2,2,1
3862,1,4,5,4,1,13,13,1,8,1,3,8,2,3,4,0,1,3,1,6,1,3,3,2,2,1
3863,1,11,6,2,5,19,1,1,8,1,4,1,2,3,3,0,1,3,1,3,1,2,3,2,4,1
3866,1,4,1,4,3,2,13,2,10,1,4,1,3,3,3,0,1,3,1,4,1,2,3,2,4,1
3867,1,7,5,2,5,16,1,1,2,1,4,1,3,3,4,0,1,3,1,4,1,2,3,2,2,1
3868,0,3,7,4,1,1,13,3,2,1,4,8,3,3,4,0,3,3,1,5,2,5,5,2,3,1
3869,1,8,7,4,5,13,1,1,7,1,4,1,2,3,3,0,1,1,1,4,1,2,3,2,3,1
3873,1,8,1,4,1,13,13,1,2,2,5,1,2,2,1,0,1,3,1,4,1,2,3,2,3,1
3875,1,5,4,4,3,19,13,5,8,1,5,8,3,3,4,0,1,3,1,5,1,3,3,2,2,1
3877,1,7,2,4,1,19,7,1,4,2,5,1,2,2,1,0,1,3,1,5,1,2,3,2,3,1
3878,0,8,2,4,1,19,13,1,7,2,5,1,2,2,1,0,1,3,1,6,1,2,3,2,3,1
3879,1,7,3,4,1,17,13,1,7,4,5,1,2,2,1,0,2,3,1,3,2,2,3,2,3,1
3880,1,7,1,4,4,21,13,3,8,1,5,1,3,3,3,0,1,3,1,4,1,2,3,2,4,1
3887,1,3,1,4,1,1,13,2,7,4,5,1,2,2,1,0,2,3,1,4,2,2,3,2,3,1
3889,0,1,5,4,5,23,1,2,10,1,5,1,2,2,1,0,1,1,1,6,1,2,3,3,2,1
3890,1,6,7,4,1,21,4,3,8,4,5,8,2,2,1,0,2,3,1,3,2,2,3,2,3,1
3892,0,8,3,4,1,19,10,1,2,4,6,8,2,2,1,0,2,3,1,2,3,2,3,2,2,1
3895,1,8,1,4,2,24,13,2,8,1,6,1,2,3,4,0,8,3,1,5,1,2,3,2,2,1
3896,1,6,3,4,1,16,13,1,7,4,6,1,2,2,1,0,2,3,1,3,2,2,3,2,2,1
3898,1,3,4,4,1,24,13,3,2,1,6,8,2,3,4,0,1,3,1,4,1,3,4,2,4,1
3899,1,5,7,4,5,17,13,1,4,1,6,8,2,3,4,0,8,3,1,5,1,3,3,2,2,1
3900,0,7,7,4,1,21,13,2,2,2,6,1,2,2,1,0,1,3,1,5,1,2,3,2,3,1
3902,1,7,7,2,1,17,13,1,3,3,4,1,2,2,1,0,8,3,1,5,1,2,3,2,2,1
3904,1,6,4,4,1,6,13,4,7,1,7,1,2,2,1,0,1,1,1,4,1,2,3,2,2,1
3905,1,6,2,4,1,21,10,2,7,1,7,1,2,2,1,0,1,1,1,4,1,2,3,2,2,1
3907,1,7,5,2,1,22,13,3,7,1,7,1,2,3,3,0,1,1,1,4,1,2,3,2,4,1
3911,0,6,1,4,1,24,13,3,4,2,6,1,2,2,1,0,2,3,1,6,2,2,3,2,2,1
3912,0,12,5,4,1,12,4,1,7,4,8,8,2,2,1,0,2,3,1,2,2,2,3,2,3,1
3913,1,7,6,4,1,13,13,1,7,2,8,1,2,2,1,0,1,1,1,4,1,2,3,2,3,1
3914,0,6,1,4,1,21,13,2,2,2,8,1,2,2,1,0,1,3,1,5,1,2,3,2,2,1
3915,1,7,3,4,1,23,7,2,7,2,8,4,2,2,1,0,2,3,1,2,2,2,3,2,2,1
3917,1,11,5,4,1,14,13,1,2,2,8,1,2,2,1,0,2,3,1,4,2,2,3,2,3,1
3920,0,10,1,4,4,23,13,2,7,1,8,1,3,3,4,0,2,3,1,4,3,2,3,2,2,1
3921,0,8,2,1,5,23,1,2,7,1,8,8,2,3,4,0,2,3,1,4,3,4,3,2,2,1
3923,0,4,2,4,1,18,13,1,10,3,8,1,2,2,1,0,2,3,1,4,4,2,3,2,2,1
3924,1,5,5,4,5,23,13,3,8,1,9,8,2,3,4,1,5,3,1,5,1,4,2,2,7,1
3925,1,6,6,4,1,14,7,1,11,2,9,2,2,2,1,0,8,1,1,3,1,2,3,2,3,1
3928,0,6,6,4,5,9,1,1,7,1,9,1,2,2,1,0,1,3,1,5,1,2,3,2,3,1
3930,0,3,1,4,4,2,13,2,10,1,9,1,2,3,4,0,1,3,1,5,1,2,3,2,2,1
3931,0,5,2,4,1,18,13,1,2,3,9,8,2,2,1,0,1,3,1,4,1,3,3,2,2,1
3932,1,7,4,4,4,24,13,2,8,1,9,1,2,3,4,0,1,3,1,7,1,2,3,2,3,1
3934,1,8,1,4,1,19,13,1,7,1,9,8,3,3,4,0,1,3,1,5,1,4,3,2,2,1
3935,1,12,7,2,5,10,1,1,8,1,9,1,2,2,1,0,1,3,1,4,1,2,3,2,3,1
3937,0,6,4,4,1,22,7,2,2,2,8,2,2,2,1,0,1,3,1,3,1,2,3,2,2,1
3939,1,6,5,4,1,20,13,3,8,4,9,1,2,2,1,0,8,1,1,3,1,2,3,3,3,1
3941,1,4,7,4,1,20,13,2,2,3,10,8,2,2,1,0,1,1,1,5,1,4,3,2,2,1
3942,0,10,7,4,5,6,13,2,7,1,10,1,2,3,4,0,1,3,1,5,1,2,3,2,2,1
3943,0,10,4,4,5,19,1,2,10,1,10,1,3,2,1,0,1,3,1,4,1,2,3,2,2,1
3948,0,7,1,4,5,20,1,2,7,1,11,1,2,2,1,0,8,3,1,5,1,2,3,2,3,1
3949,1,3,2,4,1,18,13,2,4,4,11,1,2,2,1,0,8,1,1,4,1,2,3,2,3,1
3950,0,9,2,4,1,16,13,1,7,4,11,8,2,2,1,0,2,3,1,4,3,4,3,2,3,1
3951,0,8,5,4,1,19,13,2,7,3,11,8,2,2,1,0,1,3,1,4,1,4,3,2,2,1
3952,0,3,7,4,1,1,7,2,2,2,10,1,2,2,1,0,1,3,2,3,1,2,3,2,3,1
3953,0,5,4,4,1,19,13,2,8,2,12,1,2,2,1,0,1,3,1,4,1,2,3,2,2,1
3954,1,5,4,4,5,14,1,1,4,1,12,8,2,3,4,0,1,3,1,4,1,5,3,2,2,1
3955,1,9,1,2,5,8,1,1,10,1,10,1,2,2,1,0,8,3,1,4,1,2,3,2,3,1
3962,1,5,1,4,1,15,13,1,4,2,7,7,2,2,1,0,1,3,1,4,1,5,3,2,2,1
3965,1,11,3,3,5,12,1,1,7,1,8,8,2,2,1,0,1,3,1,4,1,3,3,2,2,1
3967,1,8,6,4,1,14,1,1,7,1,8,1,2,2,1,0,2,2,1,5,3,2,3,2,2,1
3968,1,9,6,4,5,17,13,1,7,2,8,1,3,2,1,0,2,3,1,3,3,2,3,2,2,1
3970,0,8,6,2,1,17,7,1,7,2,8,8,2,2,1,0,2,3,1,2,3,2,3,2,2,1
3972,0,7,7,4,5,17,7,1,7,2,8,7,2,2,1,0,1,3,1,5,1,2,3,2,3,1
3976,1,9,7,4,5,20,1,5,7,1,8,8,2,3,4,0,1,3,1,4,1,3,3,2,2,1
3977,0,5,1,4,1,13,13,1,7,3,9,1,2,2,1,0,1,2,1,4,1,2,3,2,2,1
3978,1,3,3,4,1,19,13,2,8,1,9,1,2,2,1,0,3,3,1,4,3,2,3,2,2,1
3979,1,9,6,3,5,13,1,1,7,1,9,7,2,3,4,0,1,3,1,3,1,2,3,2,2,1
4025,1,6,4,4,1,12,13,1,2,2,6,2,3,2,1,0,2,1,1,7,3,2,3,2,2,1
4053,1,5,2,4,1,6,15,1,7,1,8,1,2,3,4,0,1,1,1,6,1,2,3,2,2,1
4103,0,5,2,4,1,6,11,4,4,1,1,1,2,3,3,0,1,3,1,7,1,2,3,3,4,1
4186,0,4,7,3,1,11,1,1,2,1,3,7,3,2,1,0,2,3,1,6,3,2,5,2,5,1
4225,0,3,6,4,1,19,13,1,2,4,4,3,2,2,1,0,2,1,1,5,2,2,7,2,3,1
4462,0,7,5,4,1,2,13,2,8,2,9,7,2,2,1,0,1,2,1,6,1,2,5,2,4,1
4544,1,7,5,3,1,17,7,1,2,2,8,5,2,2,1,0,8,3,1,2,1,2,5,2,2,1
4616,1,4,7,2,1,16,13,1,4,3,12,8,3,2,1,0,1,3,1,7,1,4,3,2,2,1
4648,1,7,5,3,5,12,1,1,8,1,9,7,2,2,1,0,1,3,1,3,1,2,3,2,4,1
4650,1,8,3,4,1,15,13,1,2,4,2,1,2,2,1,0,2,3,1,4,2,2,3,2,2,1
4652,0,5,4,4,4,17,13,1,10,1,6,8,2,3,6,0,1,1,1,5,1,4,3,2,2,1
4657,0,5,6,4,1,2,13,2,10,1,7,8,2,3,5,0,1,3,1,8,1,4,3,2,3,1
4659,0,7,6,4,1,6,13,1,3,4,5,1,2,2,1,0,2,3,1,5,3,2,5,3,3,1
4661,0,7,2,4,5,9,1,1,7,1,8,1,3,2,1,0,1,3,1,6,1,2,3,2,2,1
4663,0,5,1,4,2,10,13,1,10,1,8,8,3,3,4,0,1,1,1,5,1,3,3,2,2,1
4665,0,9,4,4,1,19,13,5,2,1,6,8,2,3,4,0,1,1,1,5,1,4,3,2,2,1
4668,0,11,5,3,1,13,10,1,4,5,6,7,2,2,1,1,11,1,1,4,1,2,6,2,4,1
4670,0,6,4,4,1,20,13,5,8,3,8,7,2,2,1,0,1,1,1,5,1,3,3,2,2,1
4672,1,8,6,3,1,21,13,3,7,4,8,1,2,2,1,0,2,3,1,4,2,2,5,2,5,1
4674,1,10,2,2,1,17,13,5,7,4,12,8,2,2,1,0,8,3,1,2,1,2,5,2,2,1
4677,1,7,1,4,1,20,13,3,7,3,9,1,2,2,1,0,2,3,1,4,3,2,5,2,5,1
4678,1,7,7,4,4,13,13,1,7,1,4,8,2,3,4,0,1,1,2,4,1,4,3,2,2,1
4682,1,6,7,4,1,17,1,1,7,1,8,8,3,3,4,0,1,2,1,5,1,3,3,2,2,1
4684,0,7,1,4,5,16,1,1,7,1,8,8,3,3,4,0,1,1,1,6,1,4,3,2,2,1
4688,0,4,1,4,1,12,13,1,2,4,2,1,2,2,1,0,2,1,1,4,2,2,3,2,2,1
4689,0,6,6,4,5,23,1,2,4,1,3,8,2,3,4,0,1,1,1,6,1,4,3,2,2,1
4691,1,8,7,2,4,11,13,1,8,1,4,1,2,3,4,0,1,1,2,3,1,2,3,2,2,1
4692,0,3,5,4,1,16,13,1,10,4,4,1,2,2,1,0,4,1,1,6,1,2,3,2,2,1
4697,1,10,1,4,1,12,13,1,7,3,4,8,2,2,1,0,1,1,1,4,1,3,3,2,2,1
4698,0,12,6,4,1,16,11,1,7,6,4,8,2,2,1,0,1,1,1,4,1,3,3,2,2,1
4702,1,8,5,4,4,12,13,1,4,1,5,8,2,3,4,0,1,1,1,3,1,4,3,2,2,1
4704,0,8,3,4,5,17,1,1,10,1,5,8,2,2,1,0,1,1,1,4,1,4,3,2,2,1
4707,0,4,7,4,2,15,13,1,2,1,5,1,2,3,4,0,1,1,1,5,1,2,3,2,2,1
4711,0,12,6,4,5,12,1,1,10,3,6,8,2,2,1,0,1,1,1,3,1,3,3,2,2,1
4712,1,7,6,4,1,12,13,1,2,3,6,8,2,2,1,0,1,1,1,3,1,3,3,2,2,1
4715,1,7,4,4,1,19,13,1,4,4,6,1,2,2,1,0,2,1,1,3,2,2,6,2,2,1
4717,0,6,5,4,5,24,1,2,11,1,6,1,2,3,3,1,12,1,1,6,1,2,7,2,4,1
4719,1,9,4,4,1,17,13,1,4,4,6,1,2,2,1,0,2,1,1,4,3,2,3,2,3,1
4720,1,9,4,4,1,23,13,3,3,3,6,1,2,2,1,1,2,1,1,3,3,2,3,2,2,1
4725,0,8,5,4,1,7,13,1,10,4,6,1,2,2,1,0,3,1,1,3,3,2,5,2,2,1
4728,1,6,1,4,1,11,13,1,10,3,7,8,2,2,1,0,1,1,1,3,1,4,4,2,2,1
4729,1,8,1,4,1,11,13,1,7,3,7,8,2,2,1,0,1,1,1,3,1,3,4,2,2,1
4731,1,5,3,4,1,14,13,1,10,4,7,1,2,2,1,0,2,1,1,4,2,2,5,2,4,1
4734,1,8,7,4,1,19,13,1,7,4,7,1,3,2,1,0,2,1,1,4,2,2,6,2,3,1
4735,1,7,7,4,1,19,13,1,7,4,7,1,3,2,1,0,2,1,1,4,2,2,6,2,3,1
4738,0,5,1,4,1,18,13,1,4,1,7,1,2,3,7,0,1,1,1,4,1,2,3,2,2,1
4741,1,7,5,4,4,19,12,1,7,1,7,8,2,3,4,0,1,1,1,5,1,3,3,2,2,1
4742,1,8,2,4,1,17,13,1,7,4,8,1,2,2,1,0,2,1,1,3,2,2,5,3,2,1
4745,0,8,2,4,5,10,1,1,7,1,6,8,2,3,4,0,1,1,1,3,1,4,3,2,2,1
4747,0,8,7,4,5,19,2,1,2,1,8,8,2,3,4,0,1,1,1,5,1,4,3,2,2,1
4748,0,5,6,4,1,16,13,1,8,3,8,8,2,2,1,0,1,1,2,4,1,3,3,2,2,1
4749,0,8,4,4,1,13,11,1,10,5,8,1,2,2,1,1,12,1,1,4,1,2,6,2,4,1
4754,0,4,2,4,1,10,13,1,4,3,8,7,3,2,1,0,1,1,1,6,1,2,3,2,2,1
4755,1,8,3,4,1,16,13,1,7,4,8,1,2,2,1,0,2,1,1,2,3,2,3,2,2,1
4759,0,6,2,4,1,21,13,2,2,1,8,7,3,3,4,0,1,1,1,4,1,4,3,2,2,1
4761,1,5,1,4,1,12,13,1,3,3,8,8,2,2,1,0,1,1,1,5,1,4,4,2,2,1
4762,1,3,7,4,5,24,1,2,2,1,9,1,2,3,4,0,1,1,1,5,1,2,5,2,3,1
4767,1,4,6,4,1,14,1,1,2,1,9,8,2,2,1,0,1,1,1,4,1,3,3,3,2,1
4772,1,6,2,4,1,21,10,3,7,4,10,1,2,2,1,0,2,1,1,3,2,2,4,2,4,1
4773,1,7,7,4,1,15,13,1,10,3,10,8,2,2,1,0,1,1,1,5,1,3,3,2,2,1
4774,0,8,1,4,1,1,13,2,7,2,8,1,2,2,1,0,1,1,1,6,1,2,4,2,4,1
4776,1,10,7,4,1,11,13,1,8,3,10,8,2,2,1,0,1,1,1,3,1,3,3,2,2,1
4777,0,8,7,4,1,11,13,1,7,3,10,8,2,2,1,0,1,1,1,3,1,3,3,2,2,1
4783,1,7,1,4,1,19,12,1,7,1,10,1,2,2,1,0,1,1,1,4,1,2,5,2,2,1
4784,1,6,7,4,1,13,13,1,7,4,10,1,2,2,1,0,2,1,1,4,3,2,5,2,4,1
4786,0,3,1,4,1,15,13,1,10,4,11,1,2,2,1,0,8,1,1,4,1,2,7,2,3,1
4790,1,5,3,4,1,14,13,1,2,4,11,1,2,2,1,0,2,1,1,3,3,2,4,2,3,1
4846,1,9,4,4,1,15,7,1,7,2,9,5,2,2,1,0,1,1,1,2,1,2,3,2,2,1
4868,0,9,6,4,1,15,13,1,8,3,9,1,2,2,1,0,2,1,1,3,3,2,3,2,2,1
4901,1,9,3,4,1,15,13,1,8,4,4,1,3,2,1,0,2,3,1,4,2,2,3,2,2,1
4903,1,8,6,4,1,15,13,1,7,4,4,8,2,2,1,0,2,3,1,3,3,3,3,2,2,1
4904,0,10,5,4,1,15,13,1,7,3,5,1,2,3,2,0,3,2,1,4,2,2,3,2,2,1
4906,1,8,6,4,1,15,2,1,7,4,5,8,2,2,1,0,2,3,1,2,2,2,3,2,3,1
4908,1,10,5,4,1,16,11,1,10,4,5,1,2,2,1,0,2,3,1,3,2,2,3,2,2,1
4909,1,5,4,3,5,22,2,3,7,1,5,6,2,2,1,1,5,3,1,4,1,2,2,2,7,1
4911,0,7,7,4,1,13,13,1,7,4,5,1,3,2,1,0,2,3,1,4,2,2,3,2,2,1
4917,0,4,2,4,1,22,13,2,10,3,6,1,2,2,1,0,1,2,1,8,1,2,3,2,2,1
4918,1,8,2,3,1,13,13,1,7,1,6,8,3,2,1,0,1,3,1,4,1,4,3,2,2,1
4919,1,5,3,4,1,13,13,1,4,4,6,1,3,2,1,0,2,3,1,4,2,2,3,2,2,1
4923,1,11,3,3,1,12,13,1,2,4,6,8,2,2,1,0,2,3,1,4,2,3,3,2,2,1
4925,1,5,5,2,2,20,1,3,4,1,6,1,2,2,1,0,1,3,1,2,1,2,3,8,2,7
4927,1,9,1,4,1,12,13,1,7,2,6,1,2,2,1,0,2,3,1,4,3,2,3,2,2,1
4928,0,5,4,3,1,21,13,2,7,1,6,1,2,2,1,0,1,3,1,4,1,2,3,2,2,1
4932,1,3,1,4,5,2,1,3,8,1,7,2,3,2,1,0,3,3,1,7,3,2,3,2,2,1