id,Severity,age_classes,day_week,DEFORMED_classes,m_harm_classes,hour,impact1_classes,lgt_cond,make,man_coll,month,p_crash1,pcrash4,pcrash5,rel_road,reljct1,reljct2,rest_use,sex,speed_classes,typ_int,valign,vnum_lan,vsurcond,vtrafway,weather_classes
4934,1,8,4,3,1,19,13,1,10,1,7,1,2,2,1,0,1,3,1,4,1,2,3,2,2,1
4935,0,7,3,4,1,19,13,1,7,4,7,1,2,2,1,0,2,3,1,4,2,2,3,2,2,1
4941,0,10,6,4,1,4,13,4,2,1,7,1,2,2,1,0,1,3,1,4,1,2,3,2,2,1
4942,1,7,5,4,1,6,13,1,2,4,7,1,2,2,1,0,2,3,1,4,3,2,3,2,2,1
4951,0,6,1,4,5,19,1,1,7,1,8,8,2,2,1,0,1,3,1,4,1,4,3,2,2,1
4953,1,8,5,1,5,18,1,1,2,1,8,8,3,2,1,0,8,2,2,2,1,2,3,2,2,1
4954,1,8,7,4,5,19,1,1,7,1,8,1,2,3,4,0,1,3,1,3,1,2,3,2,2,1
4955,0,6,7,2,1,16,7,1,2,2,8,7,2,2,1,0,8,3,1,4,1,2,3,2,2,1
4956,1,6,7,3,1,16,13,1,8,2,8,1,2,2,1,0,8,3,1,4,1,2,3,2,2,1
4958,0,7,1,4,1,18,13,1,2,3,8,8,2,2,1,0,1,3,1,4,1,3,3,2,2,1
4959,0,9,4,4,1,15,13,1,2,3,8,8,2,2,1,0,1,3,1,3,1,4,3,2,2,1
4961,0,7,1,4,4,19,13,1,10,1,8,8,2,3,4,0,1,3,1,6,1,4,3,2,2,1
4963,1,10,5,4,1,18,2,1,4,4,8,1,2,2,1,0,2,3,1,4,3,2,3,2,2,1
4964,0,8,3,3,1,11,13,1,7,2,8,2,3,2,1,0,1,3,1,4,1,2,3,2,3,1
4969,0,8,4,4,1,20,13,1,7,4,8,1,2,2,1,0,2,3,1,4,2,2,3,2,5,1
4972,1,8,2,4,5,5,1,4,7,1,8,1,2,2,1,0,1,3,1,4,1,2,3,2,2,1
4973,0,10,2,3,5,11,1,1,7,1,8,1,2,2,1,0,2,3,1,3,2,2,3,2,2,1
4974,1,4,1,2,1,20,20,3,10,4,8,1,2,2,1,0,2,3,1,3,2,2,3,2,2,1
4983,1,10,6,4,5,23,13,2,7,1,9,8,2,3,4,0,1,3,1,4,1,3,3,2,2,1
4988,0,8,1,2,1,15,7,1,7,2,10,1,2,2,1,0,1,3,1,4,1,2,3,2,2,1
4989,1,8,1,3,1,15,13,1,7,2,10,1,2,2,1,0,1,3,1,4,1,2,3,2,2,1
4991,0,5,4,4,1,14,1,1,4,1,5,8,2,3,4,0,3,3,1,6,4,2,3,2,2,1
4998,0,7,3,4,5,8,1,1,7,1,7,1,3,2,1,0,8,3,1,4,1,2,3,2,2,1
5000,0,8,1,4,1,1,13,3,7,3,7,1,2,2,1,1,12,3,1,5,1,2,3,2,4,1
5002,1,7,5,4,1,14,2,1,7,4,8,1,2,2,1,0,2,3,1,5,3,2,3,2,2,1
5005,1,10,6,4,1,18,12,1,7,1,8,1,2,3,4,0,1,3,1,5,1,2,3,2,2,1
5007,1,10,7,4,1,12,7,1,7,2,9,7,2,2,1,0,8,3,2,4,1,2,3,2,2,1
5009,0,8,7,4,1,18,7,2,2,2,12,1,2,2,1,0,1,2,1,5,1,2,3,2,4,1
5012,1,7,6,4,1,22,13,3,2,4,2,1,2,2,1,0,2,1,1,4,2,2,3,2,3,1
5013,0,4,6,4,1,12,13,1,4,3,2,8,2,2,1,0,1,1,1,4,1,3,3,2,2,1
5015,1,7,4,4,5,17,13,3,4,1,3,8,2,3,4,0,1,2,1,5,1,4,3,2,2,1
5016,1,8,2,4,1,15,7,1,10,2,3,5,2,2,1,0,1,1,1,2,1,2,3,2,2,1
5017,1,7,5,1,5,20,1,3,7,1,3,8,2,3,4,0,8,1,1,2,1,2,3,2,2,1
5019,1,9,4,4,1,10,13,1,2,4,3,1,2,2,1,0,2,2,1,4,2,2,3,2,2,1
5020,1,9,1,4,1,17,12,1,7,6,3,8,2,2,1,0,1,1,1,3,1,3,3,2,2,1
5021,1,10,2,4,5,12,1,1,7,1,3,8,2,3,4,0,1,1,1,3,1,4,3,2,2,1
5022,0,8,4,4,1,5,4,3,7,4,3,8,2,2,1,0,2,1,1,4,2,4,3,2,3,1
5024,0,8,6,4,1,14,13,1,7,3,3,8,3,2,1,0,1,1,1,5,1,3,3,2,2,1
5026,0,5,1,4,5,17,12,1,4,6,3,8,2,2,1,0,1,1,1,4,1,3,3,2,2,1
5027,1,9,7,4,4,10,13,1,7,1,4,1,2,3,4,0,1,1,1,5,1,2,3,2,3,1
5028,0,4,1,4,5,23,1,3,4,1,4,8,2,3,4,0,1,3,1,5,1,4,3,2,2,1
5031,1,3,2,4,1,14,13,1,4,1,4,8,2,3,4,0,1,3,1,7,1,3,3,2,2,1
5032,1,4,3,4,5,21,1,3,10,1,4,8,2,2,1,0,1,1,1,4,1,4,3,2,2,1
5034,0,4,5,4,1,7,13,1,4,4,5,1,2,2,1,0,8,1,1,4,1,2,3,2,2,1
5037,0,8,7,4,1,22,13,3,4,4,5,1,2,2,1,0,2,1,1,5,2,2,3,2,2,1
5038,1,10,7,4,1,10,13,1,7,4,5,1,2,2,1,0,8,3,1,5,1,2,3,2,2,1
5039,1,6,7,4,1,14,13,1,7,4,5,7,2,2,1,0,1,1,1,4,1,2,3,2,2,1
5042,0,6,6,4,1,5,13,4,10,1,6,8,2,3,4,0,1,3,1,4,1,3,3,2,2,1
5044,0,4,1,4,1,23,13,3,4,2,6,1,2,2,1,0,1,1,1,7,1,2,4,2,4,1
5048,0,8,6,4,5,21,13,3,7,1,6,1,2,3,4,0,3,1,1,4,1,2,3,2,2,1
5050,0,6,1,4,1,3,13,3,4,3,6,1,2,2,1,0,1,1,1,6,1,2,3,2,4,1
5051,1,2,2,4,1,20,10,3,4,4,6,8,2,2,1,0,8,1,1,4,1,4,3,2,2,1
5052,0,9,2,4,2,21,13,3,7,1,6,8,2,3,4,0,1,1,1,5,1,3,3,2,3,1
5054,1,7,4,4,1,11,4,1,7,4,6,1,2,2,1,0,8,1,1,4,1,2,3,2,2,1
5055,0,7,6,4,2,3,13,3,4,1,6,8,2,3,4,0,1,1,1,5,1,4,3,2,2,1
5059,0,8,7,4,5,13,13,1,7,1,7,7,2,3,4,0,1,1,1,5,1,2,3,2,2,1
5060,1,5,2,4,1,19,11,5,7,1,7,8,2,3,4,0,1,1,1,4,1,4,3,2,2,1
5065,0,5,1,4,4,16,13,1,10,1,7,1,2,3,4,0,1,3,1,6,1,2,3,2,2,1
5068,0,6,2,4,1,21,13,3,8,1,8,8,2,3,4,0,1,1,1,5,1,4,3,2,2,1
5071,0,7,3,4,4,16,13,1,1,1,8,8,2,3,4,0,1,1,1,5,1,3,3,2,2,1
5072,1,6,4,4,5,13,1,1,2,1,8,8,2,3,4,0,5,2,1,6,1,3,4,2,7,1
5076,1,8,6,4,5,23,1,3,7,1,8,1,2,3,4,0,1,2,1,5,1,2,3,2,2,1
5078,1,6,6,4,1,17,13,1,4,4,9,1,2,2,1,0,2,1,1,6,2,2,3,2,2,1
5080,1,7,5,4,1,16,13,1,7,2,9,1,2,2,1,0,3,2,1,4,3,2,3,2,2,1
5082,1,3,7,4,5,22,1,3,7,1,9,8,2,3,4,0,1,2,1,4,1,3,3,2,2,1
5084,1,12,5,4,4,12,13,1,7,1,9,8,2,3,4,0,1,1,1,5,1,4,3,2,3,1
5088,0,5,7,4,1,12,3,1,2,4,10,1,2,2,1,0,8,2,1,4,1,2,3,2,2,1
5089,1,9,7,4,1,13,13,1,7,4,10,1,2,2,1,0,2,2,1,4,2,2,3,2,3,1
5091,0,9,4,4,1,16,11,1,8,4,10,1,2,2,1,0,3,1,1,4,2,2,3,2,3,1
5096,0,7,4,4,1,7,13,1,7,4,11,1,2,2,1,0,2,2,1,5,2,2,3,2,3,1
5097,0,4,1,4,1,20,13,2,4,4,10,1,2,2,1,0,8,1,1,5,1,2,3,2,3,1
5098,1,6,5,3,5,22,1,3,4,1,11,3,2,2,1,0,1,1,1,3,1,2,3,2,2,1
5099,0,2,7,4,1,9,18,1,2,4,11,1,2,2,1,0,8,3,1,2,1,2,3,2,2,1
5100,0,8,4,4,1,19,13,3,7,1,12,1,2,2,1,0,1,2,1,5,1,2,3,2,3,1
5108,1,10,4,4,1,17,13,1,7,4,8,1,2,2,1,0,2,1,1,3,2,2,3,2,2,1
5114,0,8,1,2,5,12,1,1,1,1,8,1,3,3,2,0,1,1,1,3,1,2,3,9,2,1
5115,1,10,3,4,1,14,4,1,8,4,8,8,2,2,1,0,2,1,1,2,2,2,3,2,4,1
5119,0,3,3,4,5,18,15,2,4,1,1,8,2,3,4,0,1,3,1,4,1,3,3,2,2,1
5120,0,7,7,4,4,24,15,2,2,1,1,8,2,3,4,0,1,3,1,5,1,4,3,2,2,1
5127,1,10,6,4,5,15,1,1,4,1,2,1,2,2,1,0,1,1,1,3,1,2,3,2,2,1
5129,0,4,3,3,5,20,15,2,10,1,2,8,2,3,3,0,1,1,1,6,1,3,4,2,3,1
5133,1,9,2,4,1,19,19,3,8,6,3,8,2,2,1,0,1,3,1,4,1,4,5,2,5,1
5136,1,8,7,4,1,9,18,1,7,5,3,1,2,2,1,0,1,3,1,4,1,2,3,2,2,1
5139,1,10,2,4,1,16,13,1,2,4,3,1,2,2,1,0,2,3,1,4,3,2,3,2,3,1
5140,1,9,3,4,1,17,13,1,2,4,2,1,2,2,1,0,2,3,1,3,2,2,3,2,2,1
5143,1,9,5,4,1,17,13,1,7,4,2,1,2,2,1,0,2,3,1,3,2,2,6,2,5,1
5144,0,3,1,4,1,12,13,1,2,4,3,1,3,2,1,0,2,1,1,4,3,2,3,2,3,1
5145,1,5,5,4,1,18,13,5,4,4,3,1,3,2,1,0,2,3,2,3,2,2,5,2,5,1
5146,1,9,7,4,1,16,18,1,7,4,3,1,3,2,1,0,2,3,1,4,2,2,4,2,3,1
5151,0,8,7,4,5,16,1,1,7,4,4,1,2,2,1,1,12,3,1,5,1,2,5,2,4,1
5158,0,4,5,4,1,8,1,1,8,1,4,8,2,2,1,0,2,1,1,3,2,2,5,2,2,1
5162,0,9,1,4,1,13,13,1,7,3,4,8,2,2,1,0,1,3,1,4,1,3,3,2,2,1
5163,1,7,1,4,5,13,1,1,7,3,4,8,2,2,1,0,1,1,2,4,1,3,3,2,2,1
5166,1,10,6,4,1,16,22,1,7,4,4,1,3,2,1,0,1,1,1,5,1,2,3,2,3,1
5167,1,5,1,4,1,1,13,3,4,2,5,1,2,2,1,0,3,3,1,3,2,2,4,2,3,1
5169,1,8,1,4,5,18,13,1,7,2,5,7,2,3,2,0,1,1,1,5,1,2,3,2,2,1
5171,0,6,7,4,1,21,13,2,7,1,5,1,2,2,1,0,1,3,1,4,1,2,4,2,4,1
5175,1,9,7,4,5,15,15,1,7,1,5,1,2,2,1,0,1,3,1,3,1,2,3,2,2,1
5176,1,7,7,4,5,13,1,1,7,1,5,1,3,3,2,0,1,3,1,5,1,2,8,2,4,1
5178,0,10,7,3,1,15,13,1,7,1,5,8,2,3,4,0,1,3,1,4,1,4,4,2,2,1
5184,1,7,6,4,1,22,21,3,4,1,5,1,2,2,3,0,8,3,1,3,1,2,4,2,3,1
5185,0,9,1,4,1,21,13,3,10,3,5,8,2,2,1,0,1,3,1,5,1,3,6,2,5,1
5187,1,9,2,4,1,10,7,1,2,2,6,1,2,2,1,0,1,1,1,4,1,2,3,2,3,1
5188,0,12,7,4,5,22,15,2,4,1,6,1,2,3,4,0,1,1,1,5,1,2,3,2,3,1
5189,1,6,6,4,1,13,13,1,4,2,6,8,3,2,1,0,1,1,1,6,1,4,3,2,4,1
5192,0,5,6,4,1,17,13,1,10,4,6,1,2,2,1,0,2,3,1,5,3,2,3,2,2,1
5196,1,9,6,4,5,20,15,2,7,1,7,1,2,3,3,0,1,1,1,5,1,2,3,2,3,1
5197,0,7,4,4,2,4,15,1,2,1,7,8,2,3,4,0,1,3,1,4,1,4,3,2,2,1
5198,0,7,4,4,1,7,7,1,4,2,7,7,2,2,1,0,1,1,1,5,1,2,7,2,4,1
5199,1,5,6,4,1,23,13,2,2,4,7,7,2,2,1,0,2,3,1,5,3,2,3,2,2,1
5201,1,6,6,4,1,4,1,3,4,1,7,1,2,2,1,0,2,1,1,3,2,2,6,2,5,1
5202,0,9,6,4,1,8,13,1,2,4,8,1,3,2,1,0,8,1,1,3,1,2,3,2,2,1
5204,0,3,2,4,1,20,13,3,4,4,8,1,3,2,1,0,2,3,1,4,2,2,4,2,3,1
5212,0,3,4,4,4,2,15,2,2,1,9,8,2,3,4,0,1,1,1,7,1,4,3,2,3,1
5213,0,8,6,4,5,20,21,2,7,1,9,8,2,3,4,0,1,3,1,3,1,4,3,2,2,1
5214,1,4,7,4,1,2,13,2,4,2,9,1,2,2,1,0,1,1,1,6,1,2,5,2,2,1
5215,1,3,7,4,1,4,1,3,10,1,9,1,2,2,1,1,2,3,1,4,3,2,4,2,3,1
5218,1,9,7,4,1,11,18,1,7,6,9,8,2,2,1,0,1,1,1,3,1,3,3,2,2,1
5219,0,10,7,4,1,11,18,1,7,6,9,8,2,2,1,0,1,1,1,3,1,4,3,2,2,1
5221,0,8,7,4,1,1,7,3,2,2,9,1,2,2,1,0,1,3,1,4,1,2,5,2,5,1
5223,1,4,4,4,1,22,13,3,4,4,8,1,2,2,1,0,2,1,1,3,2,2,5,2,5,1
5225,1,3,2,4,1,20,13,3,2,3,8,1,2,2,1,0,8,1,1,3,1,2,6,2,5,1
5228,1,7,5,4,5,14,1,1,7,1,9,8,2,3,4,0,1,3,1,4,1,4,3,2,2,1
5232,1,6,4,4,5,17,1,5,7,1,10,1,3,2,1,0,1,1,1,4,1,2,4,2,4,1
5235,1,4,2,4,1,16,13,1,7,4,10,1,2,2,1,0,2,3,2,3,2,2,4,2,4,1
5238,1,3,7,4,5,24,1,3,10,1,9,8,3,2,1,0,1,1,1,4,1,3,4,2,2,1
5239,1,10,7,4,1,12,1,1,7,1,9,2,3,2,1,0,1,3,1,5,1,2,5,2,4,1
5240,1,4,7,4,1,12,15,1,2,1,9,2,3,2,1,0,1,3,1,5,1,2,5,2,4,1
5242,0,3,1,4,1,15,1,1,4,1,9,1,3,2,1,0,8,1,1,5,1,2,3,2,3,1
5246,0,4,1,4,1,24,13,3,7,1,10,1,2,3,4,0,3,3,2,3,3,2,5,2,5,1
5248,1,11,4,4,5,9,1,1,7,1,10,8,2,3,4,0,1,1,1,4,1,4,3,2,2,1
5249,1,6,5,4,1,17,13,1,3,4,10,1,3,2,1,0,8,1,1,3,1,2,5,2,5,1
5252,1,9,4,4,1,17,18,1,7,4,11,8,2,2,1,0,2,3,1,2,3,2,2,2,3,1
5253,1,9,3,4,1,23,13,3,7,1,11,1,2,3,4,0,1,3,1,5,1,2,5,2,4,1
5254,0,8,7,4,5,14,1,1,7,1,11,1,2,3,2,0,1,1,1,5,1,2,3,2,2,1
5255,1,8,4,4,5,14,1,1,7,1,11,1,3,2,1,0,8,3,1,3,1,2,3,2,2,1
5258,1,4,6,4,1,13,13,1,4,2,11,7,2,2,1,1,12,1,1,3,1,2,4,2,6,1
5260,0,7,7,4,1,13,7,1,10,2,11,2,2,2,1,0,1,3,1,3,1,2,5,2,5,1
5265,0,5,4,4,1,16,13,1,2,4,12,1,3,2,1,0,2,1,1,4,3,2,4,2,3,1
5266,0,3,6,3,5,20,1,2,2,4,11,1,2,2,1,0,8,1,1,4,1,2,3,2,3,1
5268,1,3,3,4,1,20,13,3,2,4,11,1,2,2,1,0,2,1,1,4,2,2,6,2,5,1
5269,1,3,7,4,1,12,13,1,4,4,11,1,2,2,1,0,3,1,1,3,2,2,5,2,5,1
5270,1,10,3,4,1,17,13,5,10,2,11,1,2,2,1,0,1,1,1,3,1,2,5,2,4,1
5275,1,8,6,4,1,12,13,1,10,4,12,1,2,2,1,0,2,3,1,4,3,2,5,2,5,1
5278,0,3,4,4,1,18,13,6,2,3,3,1,2,2,1,0,1,1,1,7,1,2,3,2,2,1
5320,1,3,3,3,5,24,2,6,8,1,8,1,2,3,3,0,1,3,1,4,1,2,3,2,4,1
5352,0,7,3,4,5,15,1,1,7,1,1,8,2,3,5,0,1,1,1,4,1,3,3,2,2,1
5354,0,7,5,4,1,18,13,3,7,4,1,1,2,2,1,0,2,2,1,4,3,2,5,2,5,1
5355,1,3,3,4,1,9,13,1,4,3,1,1,2,2,1,0,3,2,1,3,2,2,5,2,5,1
5356,1,8,4,4,1,17,21,3,7,5,1,8,2,2,1,0,1,2,1,5,1,4,4,2,4,1
5357,0,6,6,4,1,20,1,3,2,1,1,1,2,2,1,0,1,2,1,4,1,2,5,2,5,1
5359,1,13,7,4,1,7,18,1,7,1,1,8,2,3,3,0,1,2,1,5,1,2,6,2,4,1
5361,0,3,7,3,1,14,18,1,2,6,1,1,2,2,1,0,1,2,1,2,1,2,6,2,5,1
5362,1,9,6,4,5,15,13,1,7,1,1,8,2,3,4,0,1,1,1,4,1,4,3,2,2,1
5363,0,10,1,4,1,11,1,1,3,6,1,8,3,2,1,0,1,2,1,4,1,3,3,2,2,1
5365,0,6,2,4,1,10,13,1,1,3,1,8,2,2,1,0,3,1,1,4,4,4,3,3,2,1
5366,1,3,3,4,1,9,1,1,2,1,1,1,2,2,1,0,2,1,1,4,3,2,3,2,2,1
5367,0,3,1,4,5,17,1,5,10,1,1,1,3,2,1,0,2,2,2,3,2,2,4,2,3,1
5369,0,3,4,3,5,19,1,2,2,1,1,1,3,2,1,0,1,2,1,5,1,2,3,3,4,1
5370,0,6,7,4,1,18,13,3,7,1,1,8,3,3,7,0,1,2,1,6,1,4,3,2,2,1
5374,1,9,6,3,1,10,1,1,7,1,1,1,3,2,1,0,8,2,1,4,1,2,3,2,3,1
5378,1,4,3,3,1,14,1,1,8,1,2,7,3,2,1,0,1,2,1,6,1,2,5,2,5,1
5382,1,7,1,3,1,15,13,1,7,2,2,7,3,2,1,0,1,2,1,5,1,2,4,2,4,1
5384,0,9,3,3,5,10,1,1,7,1,2,8,2,3,5,0,1,2,1,4,1,4,3,2,2,1
5385,0,5,2,4,3,21,1,3,2,1,2,7,3,2,1,0,1,2,1,6,1,2,4,2,5,1
5392,0,11,1,4,1,11,1,1,7,1,2,8,2,2,1,0,1,1,1,4,1,3,3,2,2,1
5393,0,10,1,4,5,12,1,1,7,1,2,8,2,3,4,0,1,1,1,4,1,4,3,2,2,1
5394,0,9,7,4,1,12,13,1,2,3,1,1,2,2,1,0,1,2,1,5,1,2,3,2,4,1
5396,0,10,6,4,1,16,7,1,7,2,2,1,2,2,1,0,1,2,1,4,1,2,3,2,2,1
5403,0,8,5,3,1,16,13,1,7,2,2,7,2,2,1,0,1,2,1,5,1,2,6,2,4,1
5406,0,5,7,3,1,2,13,2,7,2,3,1,2,2,1,0,1,2,1,6,1,2,5,2,4,1
5407,0,6,7,4,1,2,7,2,2,2,3,1,2,2,1,0,1,2,1,4,1,2,3,2,4,1
5417,0,7,6,4,5,16,1,1,7,1,3,8,3,3,2,0,1,2,1,5,1,4,3,2,2,1
5419,0,6,4,4,5,7,13,1,7,4,3,7,2,2,1,0,2,2,1,5,2,2,3,2,2,1
5422,1,10,5,4,5,9,1,1,8,1,3,1,3,2,1,0,8,2,1,3,1,2,3,2,2,1
5424,0,6,4,2,5,20,1,2,4,1,3,1,3,2,1,0,8,2,1,4,1,2,3,2,4,1
5427,0,5,5,4,1,19,13,5,4,3,3,8,2,2,1,0,1,2,1,5,1,3,3,2,2,1
5429,0,6,3,3,1,6,13,2,7,4,3,1,2,2,1,0,1,2,1,3,1,2,5,2,4,1
5433,1,6,6,4,1,9,13,1,2,2,4,1,2,2,1,0,1,2,1,5,1,2,5,2,4,1
5435,0,8,2,4,1,16,13,1,10,3,4,8,2,2,1,0,1,2,1,4,1,3,3,2,2,1
5441,1,7,1,4,1,18,1,3,2,1,1,8,2,2,1,0,1,1,1,3,1,3,3,2,2,1
5442,0,4,5,4,1,14,13,1,4,2,4,7,2,2,1,0,8,2,1,4,1,2,3,2,2,1
5445,0,11,3,4,5,14,1,1,7,1,4,8,2,3,4,0,1,1,1,5,1,4,3,2,2,1
5448,0,4,3,4,1,9,1,1,2,1,5,1,3,2,1,0,2,2,1,4,3,2,3,2,3,1
5453,0,9,7,3,1,18,13,1,7,2,5,1,3,2,1,0,1,2,1,4,1,2,3,2,2,1
5454,0,6,3,4,5,7,1,1,10,1,4,1,3,2,1,0,1,1,1,5,1,2,6,2,4,1
5459,0,6,7,4,5,10,1,1,7,1,4,1,3,2,1,0,1,2,1,4,1,2,4,2,4,1
5462,0,10,1,4,5,13,1,1,7,1,4,8,3,2,1,0,1,2,1,5,1,4,3,2,2,1
5473,1,4,1,4,1,22,13,2,8,2,2,7,2,2,1,0,1,2,1,5,1,2,5,2,4,1
5474,1,3,1,4,1,22,13,3,4,4,2,1,2,2,1,0,8,2,1,3,1,2,5,2,2,1
5480,0,6,6,3,1,23,1,3,10,1,4,1,2,2,1,0,1,2,1,5,1,2,7,2,4,1
5483,1,3,3,4,1,22,13,3,4,4,5,1,2,2,1,0,8,2,1,5,1,2,3,2,3,1
5486,1,4,5,4,1,16,13,1,2,3,5,8,2,2,1,0,1,2,1,3,1,3,3,2,2,1
5488,1,6,1,4,5,15,1,1,8,1,5,8,2,3,3,0,1,1,1,5,1,3,3,2,4,1
5489,0,5,7,3,1,16,13,1,4,1,5,1,2,2,1,0,1,2,1,5,1,2,3,2,2,1
5492,1,5,3,4,1,7,13,1,2,2,5,1,2,2,1,0,1,2,1,5,1,2,7,2,4,1
5493,1,9,7,4,5,17,1,1,2,1,5,1,3,2,1,0,2,2,1,2,2,2,4,2,2,1
5499,0,4,6,4,1,18,15,1,4,1,5,8,2,3,4,0,1,2,1,5,1,4,3,2,3,1
5506,1,5,1,4,1,18,13,1,10,4,5,1,2,2,1,0,2,2,1,4,2,2,5,2,3,1
5513,1,4,5,4,1,21,13,3,4,4,6,1,2,2,1,0,2,2,1,4,3,2,3,2,2,1
5515,1,4,2,4,1,13,13,1,7,4,6,8,2,2,1,0,2,2,1,4,2,3,3,2,2,1
5516,0,8,6,4,1,23,7,2,7,2,6,1,2,2,1,0,1,2,1,5,1,2,4,2,4,1
5527,1,11,4,2,5,18,1,1,2,1,7,1,2,3,2,0,1,1,1,4,1,2,3,2,2,1
5534,1,7,1,3,5,14,15,1,6,1,7,6,2,3,4,0,1,2,1,4,1,4,3,2,4,1
5535,0,5,4,3,1,5,7,4,7,2,7,1,2,2,1,0,1,2,1,4,1,2,6,2,4,1
5544,1,9,6,4,1,6,18,1,2,4,7,1,2,2,1,0,1,1,1,5,1,2,3,2,2,1
5553,0,6,7,4,1,21,1,2,7,1,7,1,2,2,1,0,1,1,1,4,1,2,5,2,4,1
5556,0,8,1,3,1,16,2,1,7,4,6,1,2,2,1,0,2,2,1,3,3,2,5,2,5,1
5561,0,3,5,4,1,2,13,3,2,1,7,1,2,3,3,0,1,3,1,6,1,2,3,2,3,1
5563,1,7,7,4,1,16,18,1,7,5,5,1,2,2,1,0,1,2,1,4,1,2,6,2,4,1
5564,1,6,1,3,5,14,1,1,7,2,8,1,3,2,1,0,8,2,1,4,1,2,5,2,2,1
5565,1,9,1,3,5,14,13,1,7,2,8,1,3,2,1,0,8,2,1,4,1,2,5,2,2,1
5568,0,3,3,4,5,10,13,1,8,2,8,7,2,2,1,1,12,2,1,5,1,2,5,2,4,1
5569,0,3,6,4,1,20,13,5,8,3,8,8,2,2,1,0,1,2,1,5,1,3,3,2,2,1
5581,0,6,7,4,1,10,21,1,7,5,6,1,2,2,1,0,1,1,1,5,1,2,6,2,4,1
5597,1,9,6,4,1,17,13,1,7,4,7,1,2,2,1,0,2,1,1,5,3,2,3,2,2,1
5601,1,9,7,4,5,9,1,1,4,1,8,8,3,3,6,0,1,2,1,4,1,4,3,2,2,1
5606,1,9,2,3,1,14,13,1,7,1,7,8,2,3,4,0,1,1,1,3,1,4,3,2,2,1
5608,1,8,3,4,5,14,15,1,7,1,8,8,2,3,4,0,1,2,1,5,1,4,5,2,4,1
5612,1,9,4,4,1,15,13,1,7,4,7,8,2,2,1,0,8,2,1,3,1,4,3,2,2,1
5615,1,5,7,4,1,24,13,3,8,2,3,1,2,2,1,0,1,2,1,7,1,2,7,2,4,1
5626,0,4,5,4,1,12,13,1,2,4,9,1,2,2,1,0,2,2,1,7,3,2,3,2,3,1
5629,0,6,1,3,1,16,13,1,1,3,9,1,2,2,1,0,3,2,1,4,3,4,3,2,2,1
5633,0,4,6,4,1,10,19,1,4,4,8,8,2,2,1,0,3,2,1,3,2,2,3,2,2,1
5635,1,7,1,4,1,15,13,1,4,4,8,1,3,2,1,0,8,2,1,3,1,2,5,2,5,1
5636,1,3,6,3,1,22,1,3,4,1,9,1,3,2,1,0,8,2,1,5,1,2,3,2,2,1
5639,1,10,3,1,5,14,1,1,10,1,9,8,2,2,1,0,1,3,1,2,1,2,3,2,2,1
5645,0,10,1,2,1,22,22,3,7,5,9,1,2,2,1,0,1,2,1,6,1,2,5,2,4,1
5650,0,10,4,4,1,7,21,1,7,4,8,1,2,2,1,0,2,2,2,4,2,2,3,2,2,1
5667,1,10,6,4,5,12,1,1,2,1,10,1,2,3,2,0,1,2,1,4,1,4,3,2,2,1
5671,1,10,4,2,5,10,1,1,8,1,9,1,2,3,4,0,1,1,1,2,1,2,3,2,2,1
5679,1,5,7,4,1,23,1,3,7,1,9,8,2,2,1,0,1,1,1,4,1,4,5,2,2,1
5682,1,3,1,4,1,12,13,1,4,3,9,8,2,2,1,0,1,1,1,4,1,3,3,2,2,1
5684,0,8,1,4,1,12,13,1,7,3,9,8,2,2,1,0,1,1,1,3,1,4,3,2,2,1
5685,1,8,1,4,1,12,21,1,7,3,9,8,2,2,1,0,1,1,1,3,1,4,3,2,2,1
5687,0,10,1,3,1,12,18,1,7,3,9,8,2,2,1,0,1,1,1,3,1,4,3,2,2,1
5688,0,8,1,3,1,12,18,1,1,3,9,8,2,2,1,0,1,1,1,4,1,3,3,2,2,1
5689,1,5,1,4,1,13,13,1,4,2,9,1,2,2,1,0,3,1,1,4,3,2,3,2,2,1
5692,0,4,3,4,1,8,13,1,2,4,9,1,2,2,1,0,8,1,1,4,1,2,3,2,2,1
5696,0,10,6,4,1,14,13,1,2,3,9,8,2,2,1,0,1,2,1,3,1,3,3,2,2,1
5697,0,7,7,4,1,14,13,1,2,3,10,8,2,2,1,0,3,1,1,6,3,4,3,2,2,1
5698,1,10,7,3,1,18,13,5,7,1,10,1,2,2,1,0,1,1,1,3,1,2,3,2,2,1
5699,0,7,7,3,1,22,13,3,7,4,10,1,3,2,1,0,2,1,1,3,2,2,3,2,5,1
5703,0,8,7,3,1,11,8,1,7,1,10,1,2,2,1,0,1,1,1,4,1,2,3,2,2,1
5705,0,10,7,1,1,11,15,1,7,1,10,1,2,2,1,0,1,1,1,4,1,2,3,2,2,1
5707,0,10,7,4,1,11,13,1,7,1,10,1,2,2,1,0,1,1,1,4,1,2,3,2,2,1
5711,0,4,5,2,2,22,13,2,10,1,10,1,2,2,1,0,1,2,1,5,1,2,5,2,4,1
5712,1,7,6,4,5,11,1,1,8,1,9,7,2,2,1,0,1,2,1,4,1,2,4,2,3,1
5715,0,12,3,4,1,7,1,1,8,1,8,8,2,2,1,0,1,2,1,4,1,3,3,2,2,1
5716,1,5,7,4,5,11,1,1,10,1,10,1,2,2,1,0,8,2,1,5,1,2,5,2,5,1