id,Severity,age_classes,day_week,DEFORMED_classes,m_harm_classes,hour,impact1_classes,lgt_cond,make,man_coll,month,p_crash1,pcrash4,pcrash5,rel_road,reljct1,reljct2,rest_use,sex,speed_classes,typ_int,valign,vnum_lan,vsurcond,vtrafway,weather_classes
5719,0,10,6,4,1,5,13,2,10,2,10,1,2,2,1,0,1,1,1,4,1,2,3,2,5,1
5721,0,11,7,4,5,16,1,1,7,1,10,1,3,2,1,0,1,2,1,5,1,2,3,2,2,1
5722,0,8,4,4,1,20,13,3,7,4,4,1,2,2,1,0,2,1,1,4,2,2,5,2,3,1
5728,0,6,1,4,1,16,13,1,1,6,10,8,2,2,1,0,1,1,2,4,1,4,3,2,2,1
5731,0,8,1,4,1,16,13,1,10,4,10,8,2,2,1,0,1,2,1,3,1,4,3,2,2,1
5738,0,7,6,3,1,6,18,4,7,4,11,1,2,2,1,0,1,2,1,5,1,2,5,2,4,1
5739,1,3,6,4,1,19,13,2,10,2,12,1,2,2,1,0,1,2,1,5,1,2,6,2,4,1
5745,1,9,3,4,1,14,13,1,7,3,11,1,2,2,1,0,1,1,1,3,1,2,3,2,2,1
5747,1,8,1,4,1,15,13,1,2,2,10,1,2,2,1,0,1,1,1,4,1,2,3,2,3,1
5752,1,10,3,4,4,7,13,1,7,1,11,8,2,3,3,0,1,1,1,5,1,4,4,2,4,1
5753,1,6,3,3,1,15,1,1,4,1,11,1,3,2,1,0,8,1,1,3,1,2,3,2,2,1
5754,0,3,5,4,1,24,13,3,4,2,11,1,2,2,1,0,1,1,1,5,1,2,3,2,4,1
5756,0,4,5,3,5,9,1,1,2,1,11,7,3,2,1,0,1,1,1,5,1,2,6,2,4,1
5761,1,8,7,4,1,15,13,1,7,4,10,1,3,2,1,0,8,2,1,4,1,2,3,2,3,1
5764,1,7,6,4,5,16,1,1,2,1,12,8,2,5,1,0,1,1,1,4,1,4,2,2,2,1
5765,0,4,7,4,5,2,1,3,4,1,12,7,2,2,1,0,1,1,1,6,1,3,6,2,4,1
5775,1,4,4,4,1,22,13,3,4,3,12,1,2,2,1,0,2,1,1,4,2,2,4,2,3,1
5776,0,5,6,4,1,10,13,1,2,2,12,7,2,2,1,0,1,1,1,6,1,4,6,2,4,1
5793,1,7,5,4,1,21,21,3,4,4,2,7,2,2,1,0,1,2,1,6,1,2,6,2,4,1
5795,0,7,3,2,1,11,13,1,10,1,5,1,2,2,1,0,1,2,1,3,1,2,5,2,2,1
5806,1,7,5,4,1,12,12,1,1,5,5,7,2,2,1,0,2,1,1,3,3,2,5,2,3,1
5807,1,7,5,4,1,12,2,1,2,5,5,1,3,2,1,0,2,1,1,4,3,2,5,2,3,1
5812,1,3,2,4,1,10,13,1,2,1,10,7,2,3,7,0,1,2,1,4,1,2,5,2,5,1
5817,0,2,6,4,5,2,1,2,10,1,1,2,3,2,1,0,1,3,1,6,1,2,3,2,2,1
5822,1,7,3,4,5,7,1,1,7,1,3,8,3,2,1,0,2,3,1,4,2,4,5,2,5,1
5825,0,8,1,4,5,24,1,2,2,1,4,1,2,3,2,0,3,3,1,4,2,2,3,2,3,1
5826,1,4,6,3,1,23,13,3,2,4,4,1,2,2,1,0,8,1,1,5,1,2,4,2,4,1
5827,0,8,2,4,2,24,2,3,2,1,4,1,2,3,4,0,1,3,1,5,1,2,6,2,4,1
5828,0,6,6,4,1,20,13,3,2,4,4,1,2,2,1,0,2,1,1,7,3,2,4,2,4,1
5829,1,7,7,2,3,22,15,2,7,1,4,8,2,3,4,0,1,3,1,3,1,4,2,2,3,1
5831,0,5,1,4,5,18,1,1,10,1,5,1,3,3,8,1,5,3,1,6,1,2,2,2,7,1
5833,0,8,2,4,1,17,13,1,2,2,5,1,2,2,1,0,3,3,1,3,3,2,3,2,2,1
5835,1,4,1,4,4,9,13,1,10,1,5,1,2,3,4,0,1,3,1,6,1,2,3,2,2,1
5840,1,9,5,4,5,14,1,1,7,1,6,1,3,3,4,0,1,3,1,4,1,2,3,2,2,1
5841,0,6,7,4,5,15,1,1,4,1,6,8,3,3,4,0,1,1,1,5,1,4,3,2,2,1
5842,0,12,2,4,1,11,13,1,2,1,6,8,3,3,4,0,1,1,1,4,1,4,3,2,2,1
5843,1,8,4,4,1,15,13,1,10,1,6,1,2,3,4,0,1,1,1,4,1,2,3,2,2,1
5845,1,12,7,4,5,17,1,1,10,1,6,7,2,3,5,0,1,1,1,5,1,4,3,2,2,1
5847,0,7,4,4,1,22,21,3,2,4,6,8,2,2,1,0,2,3,1,3,3,2,3,2,3,1
5848,0,4,2,4,1,1,13,3,2,2,6,1,2,2,1,0,1,3,1,5,1,2,4,2,4,1
5850,1,8,7,4,5,10,1,1,8,1,6,1,2,2,1,0,1,3,1,5,1,2,3,2,4,1
5852,0,9,6,4,1,16,21,1,10,4,7,8,2,2,1,1,2,1,2,2,2,2,4,2,3,1
5853,1,9,6,4,4,19,1,1,7,1,7,8,3,3,4,0,1,3,1,4,1,4,3,2,2,1
5854,0,8,1,2,5,22,1,2,7,1,7,8,3,5,1,0,1,3,1,3,1,4,3,2,2,1
5855,1,4,6,4,1,20,13,5,2,4,7,8,2,2,1,0,2,1,1,3,2,2,5,2,3,1
5858,0,8,7,4,5,20,1,5,7,1,7,8,3,3,4,0,1,3,1,5,1,3,3,3,2,1
5859,0,9,4,4,5,14,15,1,6,1,7,8,2,3,4,0,1,1,1,5,1,3,3,2,2,1
5860,0,10,1,4,5,14,1,1,7,1,7,8,2,3,4,0,1,3,1,5,1,3,3,3,2,3
5861,1,10,1,2,5,13,1,1,7,1,7,8,3,3,3,0,1,3,1,4,1,3,3,2,4,1
5862,0,3,1,4,1,20,13,2,10,1,7,1,2,3,4,0,1,1,1,6,1,2,3,2,2,1
5864,0,4,2,4,1,19,21,1,8,4,7,1,2,2,1,0,2,3,1,3,2,2,3,2,2,1
5865,1,8,1,4,5,12,1,1,8,1,7,6,3,5,1,0,1,3,1,5,1,2,3,2,2,1
5868,1,8,6,4,5,15,2,1,7,4,8,1,2,2,1,1,2,3,1,3,2,2,3,2,2,1
5869,0,8,1,4,5,13,15,1,7,1,8,8,2,2,1,0,1,3,1,5,1,4,3,2,2,1
5870,1,9,2,4,5,16,12,1,7,1,8,8,2,3,4,0,1,3,1,3,1,3,3,2,2,1
5872,0,8,5,2,5,16,10,1,2,3,8,8,2,2,1,0,1,1,1,4,1,4,3,2,2,1
5875,0,7,7,4,5,9,1,1,7,1,8,2,3,2,1,0,1,3,1,4,1,2,3,2,4,1
5878,0,7,1,4,5,13,1,1,7,1,8,8,2,3,4,0,1,3,1,5,1,4,3,2,2,1
5879,1,9,4,4,5,11,1,1,7,1,8,2,3,2,1,0,1,3,1,3,1,3,3,2,2,1
5880,1,11,7,2,5,12,1,1,7,1,8,2,3,3,4,0,8,3,1,4,1,2,3,2,2,1
5882,0,9,2,4,1,16,1,1,7,1,8,7,2,2,1,0,8,3,1,4,1,2,3,2,2,1
5883,0,4,7,4,5,19,10,1,7,4,8,1,2,2,1,0,1,3,1,5,1,2,3,2,2,1
5884,1,5,7,4,5,19,13,1,7,4,8,1,2,2,1,0,1,3,1,5,1,2,3,2,2,1
5885,0,8,3,4,5,11,1,1,2,1,8,8,3,2,1,0,1,1,1,4,1,3,4,2,4,1
5888,1,9,1,4,1,6,13,4,4,1,8,1,2,2,1,0,1,1,1,5,1,2,3,2,2,1
5889,0,10,4,2,5,11,1,1,10,1,8,1,3,2,1,0,2,1,1,3,2,2,3,2,2,3
5890,1,4,6,4,1,19,13,3,2,4,9,1,2,2,1,0,2,3,1,4,2,2,5,2,2,1
5891,0,9,5,4,5,16,1,1,4,1,9,8,3,3,4,0,1,3,1,5,1,4,3,2,2,1
5893,1,10,7,4,1,12,13,1,7,3,9,1,2,2,1,0,1,1,1,4,1,2,3,3,2,3
5895,1,10,7,4,1,11,13,1,7,4,9,7,2,2,1,0,1,3,1,4,1,2,3,2,2,1
5898,1,4,6,4,1,21,22,3,10,4,9,8,2,2,1,0,2,3,1,3,2,2,3,2,3,1
5899,1,9,7,4,1,15,1,1,7,1,10,1,3,2,1,0,2,1,1,4,3,2,3,2,2,1
5900,1,4,5,4,1,21,13,3,8,3,10,1,2,2,1,0,2,1,1,4,2,2,5,2,5,1
5902,0,7,1,4,1,20,13,2,7,3,11,1,2,2,1,0,1,3,1,4,1,2,3,2,2,1
5903,1,8,1,4,1,18,13,3,7,2,12,1,2,2,1,0,1,3,1,4,1,2,3,2,5,1
5931,0,7,3,4,1,7,13,1,7,4,10,1,2,2,1,0,2,3,1,3,3,2,3,2,2,1
5946,0,7,4,4,1,20,13,2,7,3,3,6,3,2,1,0,1,3,1,4,1,2,5,2,2,1
5953,0,6,2,4,5,22,13,3,8,1,6,3,2,4,4,0,2,3,1,4,2,2,5,2,4,1
5958,1,7,4,4,1,21,7,2,2,2,6,7,3,2,1,0,1,3,1,5,1,2,7,2,4,1
5959,1,8,4,4,1,21,13,2,4,2,6,1,3,2,1,0,1,3,1,5,1,2,7,2,4,1
5960,0,6,3,4,1,21,13,2,8,4,7,3,2,2,1,0,2,1,1,6,2,2,5,2,3,1
5961,0,3,2,4,1,14,13,1,4,4,8,1,3,2,1,0,2,3,2,6,2,2,6,2,4,1
5963,1,6,2,4,1,24,13,2,7,2,9,1,3,2,1,0,1,2,2,6,1,2,5,2,3,1
5967,1,4,3,4,1,7,13,1,4,2,5,1,2,2,1,0,1,1,1,4,1,2,5,2,2,1
5969,0,6,3,4,1,22,13,2,7,4,1,8,2,2,1,0,1,3,1,6,1,3,3,2,2,1
5971,0,5,4,4,1,6,13,3,2,4,1,1,2,2,1,0,2,1,1,4,3,2,3,2,3,1
5976,1,4,7,3,5,21,1,3,2,1,1,1,2,3,4,0,2,3,1,4,3,2,3,2,2,1
5977,1,6,7,4,1,19,13,2,2,3,1,1,2,2,1,0,2,3,1,5,2,2,3,2,2,1
5978,1,8,2,4,1,19,12,3,4,4,1,1,2,2,1,0,2,1,1,4,2,2,3,2,2,1
5981,0,2,7,4,1,11,13,1,4,4,2,1,2,2,1,0,2,1,1,6,3,2,3,2,2,1
5983,1,5,3,4,1,8,13,1,10,2,2,1,2,2,1,0,1,1,1,5,1,2,3,2,4,1
5984,1,2,1,4,1,15,12,1,8,4,2,1,2,2,1,0,2,3,1,3,2,2,3,2,3,1
5985,0,6,3,4,1,1,13,2,7,3,2,8,2,2,1,0,1,3,1,4,1,3,3,2,2,1
5986,1,4,3,4,1,24,13,3,4,4,1,1,2,2,1,0,2,1,1,3,2,2,3,2,2,1
5987,1,12,1,4,1,12,12,1,8,4,1,1,2,2,1,0,2,2,1,4,2,2,3,2,3,1
5988,0,6,5,4,1,17,2,3,8,1,1,1,2,3,4,0,1,3,1,4,1,2,3,2,3,1
5990,0,5,4,4,1,20,1,2,2,1,2,1,2,2,1,1,5,1,1,4,1,2,2,2,7,1
5991,0,6,4,3,1,20,13,2,4,1,2,1,2,2,1,1,5,1,1,5,1,2,2,2,7,1
5993,0,4,4,4,1,20,13,2,10,1,2,1,2,2,1,1,5,1,1,4,1,2,2,2,7,1
5994,1,7,4,4,5,6,1,2,7,1,2,1,2,2,1,0,2,3,1,4,2,2,5,8,5,1
5995,0,4,6,4,1,18,13,5,3,2,2,1,2,2,1,0,8,3,1,4,1,2,3,2,2,1
5996,0,11,6,4,1,19,13,2,7,1,2,8,2,2,1,0,1,3,1,4,1,3,3,2,3,1
5998,0,2,3,4,1,17,13,1,10,4,2,1,2,2,1,0,2,1,1,5,3,2,4,2,3,1
5999,0,10,4,4,5,15,1,1,7,1,2,1,2,3,1,0,1,3,1,4,1,2,3,2,2,1
6000,1,10,4,4,5,15,1,1,7,1,2,1,2,2,1,0,1,3,1,4,1,2,3,2,2,1
6002,0,8,7,2,5,11,7,1,7,2,3,2,2,2,1,0,3,3,2,2,1,2,3,2,3,1
6003,1,9,7,4,1,11,13,1,7,2,3,1,2,2,1,0,3,3,2,4,1,2,3,2,3,1
6004,0,10,1,4,1,9,13,1,2,4,1,8,2,2,1,0,1,1,1,4,1,5,3,3,2,1
6008,0,7,6,4,1,2,7,2,7,2,1,1,2,2,1,0,1,3,1,5,1,2,4,3,4,1
6009,1,3,4,4,1,17,13,5,2,3,1,1,2,2,1,0,2,3,1,4,3,2,3,2,2,1
6010,0,3,6,4,5,6,1,2,4,1,2,8,2,3,4,0,1,3,1,6,1,3,3,2,2,1
6011,1,9,1,4,1,15,7,1,1,2,2,5,2,2,1,0,3,1,1,2,2,2,4,2,3,1
6012,1,8,1,4,1,15,7,1,7,2,2,5,2,2,1,0,3,1,1,2,2,2,4,2,3,1
6013,1,9,7,3,5,19,1,3,7,1,2,1,2,2,1,0,1,3,1,4,1,2,3,2,3,1
6016,1,5,7,4,5,13,1,1,7,1,2,8,2,3,3,0,1,1,1,5,1,3,3,2,3,1
6017,0,7,7,4,5,2,1,2,3,1,2,1,2,2,1,0,1,3,1,3,1,2,3,2,2,1
6018,1,5,3,3,1,14,13,1,7,4,3,1,2,2,1,1,5,3,1,4,1,2,3,2,3,1
6020,1,6,6,4,5,24,1,2,11,1,3,8,2,3,4,0,1,3,1,5,1,4,3,2,2,1
6021,0,11,5,4,1,19,13,2,7,4,3,1,2,2,1,1,2,3,1,4,3,2,3,2,4,1
6022,0,1,3,3,5,15,1,1,2,1,3,1,2,2,1,0,1,3,1,3,1,2,3,2,2,1
6024,1,7,6,4,1,17,13,1,2,4,4,1,2,2,1,1,2,3,1,5,2,2,3,2,4,1
6026,0,4,4,4,1,23,7,2,10,2,1,1,2,2,1,0,1,3,1,5,1,2,3,2,3,1
6027,1,9,4,4,1,15,1,1,2,1,2,1,2,3,3,0,1,1,1,5,1,2,4,2,3,1
6029,1,7,7,4,1,22,1,2,7,1,3,1,2,2,1,0,2,3,1,4,3,2,3,2,3,1
6032,1,7,7,4,5,19,13,2,7,2,3,1,2,2,1,0,1,3,1,4,1,2,3,2,2,1
6033,1,7,7,4,5,19,1,2,7,2,3,1,2,3,1,0,1,3,1,4,1,2,3,2,2,1
6034,1,10,6,4,1,12,13,1,7,4,3,8,2,2,1,0,2,1,1,3,3,2,3,2,4,1
6035,0,9,4,4,1,20,13,2,7,2,3,1,2,2,1,0,3,3,1,4,2,2,5,2,2,1
6037,1,8,1,4,1,12,12,1,7,4,3,8,2,2,1,0,1,1,1,4,1,4,3,2,2,1
6038,0,5,1,4,1,3,13,2,10,1,3,8,2,3,4,0,1,3,1,3,1,4,3,2,2,1
6039,1,9,6,4,1,19,13,2,7,4,4,1,2,2,1,0,2,3,1,4,2,2,3,2,2,1
6040,0,3,1,4,1,14,13,1,10,3,4,8,2,2,1,0,1,1,1,4,1,3,3,2,2,1
6041,0,8,1,4,1,16,13,1,8,4,4,1,2,2,1,0,2,1,1,4,3,2,3,2,3,1
6044,1,11,6,3,1,17,13,1,10,4,3,1,2,2,1,0,1,1,1,3,1,2,3,2,2,1
6046,1,8,1,4,5,21,12,3,7,4,4,1,2,2,1,0,2,3,1,6,2,2,6,2,5,1
6047,1,10,6,4,1,11,13,1,7,4,3,1,2,2,1,0,2,3,1,3,2,2,3,2,3,1
6050,0,12,2,4,1,15,13,1,4,4,4,1,2,2,1,0,4,1,1,5,1,2,3,2,3,1
6051,0,4,3,4,1,21,13,3,2,4,4,1,3,2,1,0,2,1,1,4,3,2,3,2,3,1
6052,1,5,6,4,1,23,13,3,10,2,4,1,2,2,1,0,1,3,1,4,1,2,4,2,3,1
6054,0,7,6,4,1,23,7,3,4,2,4,2,2,2,1,0,1,3,1,3,1,2,4,2,3,1
6059,1,6,4,4,5,14,1,1,2,1,1,1,2,2,1,0,8,3,1,4,1,2,3,2,2,1
6060,1,6,7,4,5,13,1,1,7,1,1,1,2,2,1,0,2,2,1,4,2,2,3,2,2,1
6061,0,8,1,4,1,22,13,3,7,4,1,1,2,2,1,0,8,3,1,4,1,2,3,2,2,1
6063,1,9,4,4,1,16,13,1,7,4,1,1,2,2,1,0,2,3,1,4,3,2,5,2,5,1
6065,0,7,6,4,1,15,13,1,10,4,1,1,2,2,1,0,4,1,1,4,1,2,3,3,4,1
6068,1,8,6,4,5,15,1,1,7,1,1,1,2,2,1,0,2,1,1,4,2,2,4,2,3,1
6070,0,5,3,4,1,20,13,3,2,4,2,1,2,2,1,0,2,3,1,4,2,2,4,2,3,1
6074,1,9,6,4,1,18,21,1,7,4,3,1,2,2,1,0,2,3,1,4,3,2,4,2,4,1
6076,0,7,7,4,1,3,13,3,7,3,4,1,2,2,1,0,1,3,1,4,1,2,4,2,3,1
6077,0,6,6,4,1,6,13,2,8,4,4,8,2,2,1,0,2,1,1,4,2,4,3,2,2,1
6078,1,10,3,4,1,21,13,2,10,4,4,1,2,2,1,0,2,3,1,5,2,2,3,2,3,1
6080,0,6,1,4,1,9,13,1,1,2,4,1,2,2,1,0,1,1,1,6,1,2,4,2,4,1
6082,1,9,1,4,1,9,13,1,7,4,1,1,2,2,1,0,2,3,1,4,3,2,3,2,3,1
6083,1,9,7,4,1,24,13,3,7,2,1,1,2,2,1,0,2,3,1,4,3,2,5,2,3,1
6085,0,5,2,4,1,17,13,1,8,4,2,1,2,2,1,0,2,1,1,6,2,2,4,2,3,1
6087,0,8,6,4,1,12,7,1,4,2,3,1,2,2,1,0,1,3,1,2,1,2,3,2,2,1
6089,0,5,1,4,1,4,13,2,7,1,5,8,2,3,4,0,1,3,1,4,1,4,3,2,2,1
6090,1,6,4,4,1,22,13,3,4,2,5,1,2,2,1,0,1,1,1,5,1,2,6,2,4,1
6095,0,3,1,4,1,7,13,1,8,4,4,1,2,2,1,0,8,1,1,4,1,2,3,2,2,1
6098,0,8,5,4,1,18,13,1,7,4,4,1,2,2,1,0,2,3,1,3,2,2,3,2,3,1
6099,1,7,1,4,1,20,13,3,7,3,4,1,2,2,1,0,2,3,1,4,2,2,3,2,3,1
6101,1,4,2,4,1,15,13,1,2,4,4,1,2,2,1,0,2,1,1,4,2,2,5,2,5,1
6102,0,3,5,4,1,23,13,2,10,2,4,1,2,2,1,0,1,1,1,6,1,2,4,2,4,1
6103,1,7,7,4,5,6,1,4,10,1,4,8,2,3,4,1,5,1,1,4,1,3,3,2,7,1
6105,0,4,6,4,5,23,4,3,10,1,5,8,2,3,4,0,1,1,1,7,1,4,3,2,4,1
6107,1,4,5,4,1,9,13,1,8,4,2,1,2,2,1,0,2,3,1,4,3,2,3,2,3,1
6108,0,6,1,4,1,23,13,3,7,4,4,1,2,2,1,0,2,3,1,4,2,2,3,2,3,1
6110,0,7,6,4,1,21,13,3,7,4,4,1,2,2,1,1,2,3,1,4,2,2,4,2,3,1
6111,0,7,3,4,1,23,7,3,7,2,3,1,2,2,1,0,1,3,1,4,1,2,5,2,3,1
6112,1,6,3,4,5,23,1,3,7,2,3,1,2,2,1,0,1,3,1,4,1,2,5,2,3,1
6113,0,11,3,4,1,23,13,3,7,2,3,1,2,2,1,0,1,3,1,4,1,2,5,2,3,1
6115,1,9,7,4,1,14,4,1,7,4,4,1,2,2,1,0,2,3,1,4,2,2,3,2,5,1
6120,1,8,7,4,1,20,13,3,7,2,2,7,2,2,1,0,3,3,1,4,3,2,4,2,3,1
6121,1,8,6,4,1,14,13,1,7,4,2,1,2,2,1,0,2,3,1,4,2,2,3,2,3,1
6122,1,7,2,4,1,16,13,1,4,4,3,8,2,2,1,0,2,3,1,3,3,2,3,2,2,1
6123,1,3,4,4,5,6,1,2,8,1,3,1,2,2,1,0,1,1,1,6,1,2,4,2,4,1
6125,0,12,4,4,1,13,8,1,7,4,3,8,2,2,1,0,1,3,1,2,1,2,3,2,3,1
6127,0,9,4,4,1,13,13,1,7,4,3,1,2,2,1,0,1,3,1,4,1,2,3,2,3,1
6129,1,5,5,1,1,2,2,3,7,4,3,1,2,2,1,0,1,1,1,4,1,2,3,3,3,1
6131,1,10,1,4,5,20,1,3,7,1,3,8,2,3,4,0,1,3,1,4,1,3,3,2,2,1
6133,1,10,3,4,1,12,13,1,10,4,4,1,2,2,1,0,2,3,1,4,2,2,4,2,3,1
6134,0,9,6,4,1,15,13,1,7,3,4,1,2,2,1,0,2,3,1,4,2,2,4,2,3,1
6135,0,4,1,4,1,2,7,3,7,2,5,5,2,2,1,0,2,3,1,2,2,2,3,2,5,1
6137,0,11,3,4,1,9,10,1,4,4,5,8,2,2,1,0,2,1,1,2,2,2,4,2,3,1
6139,1,4,5,4,1,11,13,1,8,4,5,1,2,2,1,0,2,3,1,4,2,2,3,2,3,1
6141,1,8,1,4,1,15,13,1,7,4,5,1,2,2,1,0,2,3,1,4,2,2,3,2,5,1
6144,1,7,4,4,1,19,5,1,2,1,5,8,2,3,4,1,5,3,1,4,1,4,3,2,7,1
6145,1,10,5,4,1,13,13,1,7,2,5,1,2,2,1,0,1,1,1,5,1,2,3,2,2,1
6146,1,4,6,4,1,16,13,1,4,4,1,7,2,2,1,0,2,1,1,4,2,2,3,2,2,1
6149,1,4,1,4,1,4,13,3,4,2,6,1,2,2,1,0,1,1,1,8,1,2,6,2,4,1
6150,1,3,1,4,1,22,13,3,4,2,6,1,2,2,1,0,2,1,1,6,3,2,3,2,3,1
6151,1,3,3,4,1,20,13,5,4,2,5,1,2,2,1,0,1,1,1,5,1,2,3,2,3,1
6153,1,4,4,4,1,20,13,3,2,1,5,8,2,3,3,0,1,3,1,4,1,4,3,2,3,1
6154,1,7,7,4,5,18,1,3,2,1,2,1,2,2,1,0,1,3,1,4,1,2,4,2,3,1
6157,0,9,6,4,1,22,13,2,7,4,2,1,2,2,1,0,2,3,1,5,2,2,3,2,3,1
6159,1,6,1,4,5,1,1,3,2,1,2,1,2,2,1,0,2,3,1,5,3,2,4,2,3,1
6163,0,6,2,4,5,19,13,1,10,4,5,1,2,2,1,0,8,1,1,5,1,2,3,2,2,1
6164,1,9,1,4,1,15,4,1,1,4,5,1,2,2,1,0,2,1,1,3,2,2,3,2,2,1
6166,1,8,2,4,5,18,1,1,7,1,5,8,2,3,4,0,1,3,2,3,1,4,3,2,2,1
6167,1,6,4,4,1,16,13,1,7,4,6,8,2,2,1,0,2,3,1,4,2,3,3,2,5,1
6170,1,10,6,4,1,21,13,2,7,4,6,1,2,2,1,0,2,3,1,4,4,2,3,2,2,1
6172,1,4,1,4,5,19,1,1,2,2,6,1,2,2,1,0,1,1,1,5,1,2,3,2,4,1
6174,0,3,1,4,5,6,1,4,8,1,6,8,2,3,4,0,1,3,1,4,1,4,3,2,2,1
6175,1,9,2,4,1,19,7,5,7,2,6,1,2,2,1,0,1,3,1,4,1,2,3,2,3,1
6176,1,12,3,4,1,12,4,1,4,4,6,1,2,2,1,0,2,3,1,2,2,2,3,2,2,1
6180,0,8,7,4,1,24,13,2,7,1,6,1,2,2,1,0,1,3,1,4,1,2,3,2,3,1
6184,0,4,2,4,1,21,13,3,4,4,4,1,2,2,1,0,2,1,1,7,2,2,4,2,3,1
6185,0,3,7,4,1,16,13,1,10,4,4,1,2,2,1,0,2,3,1,3,3,2,3,2,2,1
6187,0,7,2,4,1,24,13,2,7,3,6,7,2,2,1,0,1,3,1,4,1,2,3,2,2,1
6189,0,11,6,4,1,16,13,1,7,4,6,1,2,2,1,0,2,3,1,4,2,2,3,2,2,1
6193,0,4,3,4,5,7,1,1,10,1,6,8,3,2,1,0,8,1,1,3,1,4,3,2,2,1
6195,1,9,1,4,5,10,13,1,6,2,6,1,2,2,1,0,1,1,1,5,1,2,3,2,3,1
6196,1,4,4,4,1,20,13,1,10,4,6,8,2,2,1,0,2,1,1,4,2,2,3,2,2,1
6197,0,9,5,4,1,21,13,3,7,4,6,1,2,2,1,0,2,3,1,4,2,2,4,3,3,1
6198,1,13,1,4,5,19,13,3,4,1,3,1,2,3,4,0,2,1,1,4,2,2,3,2,2,1
6199,1,4,5,4,1,2,13,3,4,2,4,1,2,2,1,0,1,3,1,7,1,2,3,2,2,1
6200,1,4,4,4,1,11,13,1,10,4,4,1,2,2,1,0,2,1,2,4,2,2,5,2,2,1
6201,0,5,4,4,1,7,13,1,4,4,6,1,2,2,1,0,2,1,1,3,2,2,3,2,2,1
6203,1,7,5,4,1,19,5,1,2,4,6,1,2,5,1,0,1,3,1,4,1,2,4,2,3,1
6204,0,4,1,4,1,3,13,2,10,1,6,8,2,3,4,0,1,1,1,5,1,3,3,2,2,1
6206,0,8,5,3,1,9,13,1,7,2,3,1,2,2,1,0,4,3,1,4,1,2,3,2,3,1
6209,0,10,1,4,1,24,13,3,2,3,4,1,2,2,1,0,3,3,1,3,1,2,3,2,2,1
6210,0,7,4,4,1,20,13,3,8,4,6,1,2,2,1,0,2,1,1,5,3,2,4,2,3,1
6211,1,6,1,2,5,20,1,5,2,1,6,7,3,2,1,0,1,3,1,5,1,2,3,2,2,1
6213,1,4,4,4,1,22,13,3,8,1,5,8,2,3,4,0,1,1,1,5,1,4,4,2,4,1
6216,0,2,3,4,1,3,13,3,2,4,7,1,2,2,1,0,2,3,1,4,2,2,3,2,5,1
6217,1,7,4,4,1,10,22,1,7,5,5,1,2,2,1,0,2,3,1,3,3,2,4,2,3,1
6218,0,7,1,4,1,22,7,3,7,2,7,5,2,2,1,0,3,3,1,2,2,2,5,2,3,1
6221,0,7,1,4,1,24,13,2,8,4,6,1,2,2,1,0,2,3,1,3,3,2,3,2,2,1
6222,0,4,2,4,1,21,13,3,8,4,7,1,2,2,1,1,2,1,1,4,2,2,4,2,3,1
6224,0,2,1,4,1,3,13,3,2,4,7,1,2,2,1,0,2,1,1,6,2,2,4,2,3,1
6226,1,7,5,4,5,23,13,2,7,1,5,1,2,3,3,0,1,3,1,4,1,2,2,2,3,1
6227,1,5,6,4,1,16,13,1,4,1,5,1,2,3,5,0,2,1,1,5,3,2,3,2,2,1
6228,0,7,4,4,1,17,13,1,4,2,6,7,2,2,1,0,1,3,1,4,1,2,4,2,3,1
6229,0,7,1,4,1,7,1,1,2,1,7,8,2,2,1,0,1,1,1,4,1,3,4,3,4,1
6230,0,4,1,4,1,23,13,3,2,4,7,1,2,2,1,1,2,1,1,4,3,2,5,2,3,1
6233,0,7,7,4,1,16,3,1,4,4,7,1,2,2,1,0,2,1,1,4,2,2,3,2,3,1
6235,0,10,1,4,1,15,13,1,7,4,7,1,2,2,1,1,2,1,1,4,2,2,3,2,3,1
6236,1,8,5,4,1,15,13,1,7,3,5,1,2,2,1,0,2,3,1,4,2,2,3,2,2,1
6237,1,6,5,3,5,21,1,3,2,1,7,1,2,2,1,0,1,3,1,4,1,2,3,2,2,1
6238,1,3,2,4,1,14,13,1,2,2,7,7,2,2,1,0,1,3,1,5,1,2,4,2,3,1
6239,1,3,1,4,1,1,13,3,10,2,7,1,2,2,1,0,3,1,1,4,3,2,7,2,5,1
6241,0,4,1,4,1,13,1,1,2,1,7,1,2,2,1,0,8,3,1,3,1,2,3,2,2,1
6242,1,4,5,4,1,10,13,1,4,1,7,1,2,2,1,0,2,1,1,5,2,2,4,2,3,1
6247,1,7,5,3,1,17,11,1,10,4,6,8,2,2,1,0,8,3,1,2,1,2,3,2,2,1
6248,0,8,1,4,5,22,1,2,7,1,7,1,3,2,1,0,1,3,1,4,1,2,3,2,2,1
6251,0,9,2,4,1,11,7,1,7,2,7,1,2,2,1,0,1,3,1,2,1,2,3,2,2,1
6254,0,5,3,4,1,6,13,4,4,4,8,8,2,2,1,0,2,2,1,5,2,4,3,2,3,1
6255,1,4,2,4,1,8,13,1,10,4,8,1,2,2,1,0,2,1,1,4,2,2,4,2,3,1
6257,1,8,1,4,1,15,13,1,2,2,8,1,2,2,1,0,1,3,1,4,1,2,3,2,3,1