id,Severity,age_classes,day_week,DEFORMED_classes,m_harm_classes,hour,impact1_classes,lgt_cond,make,man_coll,month,p_crash1,pcrash4,pcrash5,rel_road,reljct1,reljct2,rest_use,sex,speed_classes,typ_int,valign,vnum_lan,vsurcond,vtrafway,weather_classes
6258,1,11,7,4,5,7,3,1,10,1,4,8,2,3,4,0,2,1,1,4,3,4,5,3,2,1
6260,1,8,5,4,1,14,13,1,7,2,7,1,2,2,1,0,1,3,1,4,1,2,3,2,2,1
6261,1,10,6,4,1,10,13,1,7,2,2,7,2,2,1,0,1,3,1,3,1,2,4,2,3,1
6262,1,4,6,4,1,16,13,1,4,4,5,1,2,2,1,0,8,3,1,3,1,2,5,2,2,1
6263,0,4,6,4,5,23,21,3,4,1,7,8,2,3,4,1,5,3,1,5,1,4,6,2,7,1
6266,1,7,1,4,1,16,13,1,7,2,8,7,2,2,1,0,1,3,1,5,1,2,6,3,4,1
6271,1,8,1,4,1,12,13,1,7,4,7,1,2,2,1,0,2,3,1,4,2,2,4,2,3,1
6273,0,7,7,4,1,11,13,1,2,4,7,1,2,2,1,0,1,1,1,4,1,2,4,2,3,1
6274,0,3,6,4,1,10,13,1,10,1,8,1,3,3,4,0,1,1,1,4,1,2,3,2,2,1
6275,1,8,5,3,1,8,7,1,10,2,8,1,2,2,1,0,2,1,2,2,3,2,3,2,2,1
6277,0,11,3,4,1,8,13,1,8,2,8,1,2,2,1,1,12,3,1,5,1,2,6,2,4,1
6278,1,5,6,4,1,20,1,3,7,1,8,8,2,3,3,0,1,1,1,5,1,3,3,2,3,1
6279,1,3,1,4,1,13,13,1,8,4,8,1,2,2,1,0,2,1,1,4,3,2,3,2,3,1
6280,1,8,5,4,1,12,13,1,10,4,8,1,2,2,1,0,8,3,1,4,1,2,3,2,3,1
6281,1,8,6,4,5,20,1,2,7,1,8,1,2,2,1,0,1,1,1,5,1,2,3,2,2,1
6282,0,5,2,4,1,20,13,2,4,4,9,1,2,2,1,1,3,1,1,5,3,2,3,2,3,1
6285,0,4,3,4,5,4,13,3,8,2,8,1,2,2,1,0,1,1,1,6,1,2,4,2,4,1
6288,1,4,6,4,1,17,13,1,10,4,5,1,2,2,1,0,2,3,1,4,3,2,5,2,5,1
6289,0,2,5,4,1,24,13,6,4,4,8,1,2,2,1,0,2,1,1,3,2,2,3,2,5,1
6294,1,9,7,4,1,10,7,1,7,2,9,2,2,2,1,0,1,1,1,3,1,2,3,2,3,1
6297,0,10,4,4,1,9,2,1,7,4,9,1,2,2,1,1,2,3,2,4,2,2,3,2,2,1
6300,1,6,5,4,5,21,1,2,2,1,9,8,2,3,3,0,1,3,1,5,1,3,3,2,3,1
6301,1,9,6,4,2,15,13,1,7,1,9,1,2,2,1,0,1,3,1,5,1,2,3,2,4,1
6302,1,5,7,4,5,20,11,2,7,1,9,1,2,3,3,0,2,3,1,3,6,2,3,2,4,1
6303,1,8,1,4,5,13,13,1,7,3,9,8,2,2,1,0,1,2,1,2,1,4,3,2,2,1
6304,0,5,7,4,1,17,13,1,8,2,7,1,2,2,1,0,1,1,1,7,1,2,5,2,3,1
6306,0,3,7,4,1,24,13,3,10,4,9,1,2,2,1,0,1,1,1,4,1,2,3,2,4,1
6309,0,3,7,4,1,24,13,2,4,4,9,8,2,2,1,0,2,1,1,5,2,4,3,2,3,1
6311,1,3,4,4,1,23,13,3,10,2,9,1,2,2,1,0,1,1,1,6,1,2,4,2,4,1
6313,1,8,6,4,1,20,13,3,7,4,9,1,2,2,1,0,2,3,1,4,2,2,3,2,3,1
6315,1,5,4,4,5,14,10,1,4,5,9,7,2,2,1,0,1,3,1,5,1,2,3,2,2,1
6316,1,5,4,4,5,14,4,1,2,5,9,1,2,2,1,0,1,3,1,5,1,2,3,2,2,1
6317,0,4,5,4,1,24,13,2,2,4,9,1,2,2,1,0,2,3,1,6,3,2,4,2,3,1
6319,1,8,1,4,1,9,11,1,2,4,7,1,2,2,1,0,2,3,1,3,2,2,3,2,5,1
6320,1,7,1,4,1,16,2,1,10,4,9,1,2,2,1,0,2,1,1,4,2,2,5,2,3,1
6322,1,9,1,3,1,9,11,1,4,4,9,1,2,2,1,1,2,3,1,4,2,2,3,2,5,1
6323,0,6,3,4,1,7,13,1,2,1,9,1,2,2,1,0,1,1,1,4,1,2,3,2,2,1
6325,1,4,7,4,1,20,13,3,4,4,7,1,2,2,1,0,2,1,1,3,2,2,3,2,2,1
6326,0,6,3,4,5,20,1,3,7,1,9,1,2,2,1,0,1,1,1,4,1,2,3,2,3,1
6329,1,9,3,4,5,11,1,1,10,1,10,1,2,3,3,0,1,1,1,5,1,2,3,2,3,1
6331,0,3,1,4,1,4,13,2,4,2,10,1,2,2,1,0,1,3,1,6,1,2,5,2,2,1
6334,0,11,2,4,1,8,13,1,2,4,9,1,2,2,1,0,2,1,1,4,3,2,3,2,3,1
6335,0,10,3,4,1,18,13,5,10,4,10,1,2,2,1,0,2,3,1,4,2,2,3,2,3,1
6339,1,3,7,4,1,2,13,2,7,4,4,1,2,2,1,0,2,3,1,5,2,2,3,2,3,1
6341,1,3,3,4,1,17,10,1,7,4,10,8,2,2,1,0,8,1,1,2,1,2,3,2,2,1
6343,0,8,6,4,1,16,13,1,4,3,9,8,2,2,1,0,1,3,2,3,1,3,3,2,2,1
6350,1,5,7,4,1,2,13,3,2,1,7,8,2,3,4,0,1,3,1,4,1,3,3,2,2,1
6353,0,2,2,4,1,22,13,3,8,4,10,1,2,2,1,0,2,1,1,7,2,2,6,2,5,1
6354,1,9,2,4,1,14,13,1,7,4,10,7,2,2,1,0,2,3,1,4,3,2,3,2,2,1
6357,1,5,1,4,1,24,13,3,10,4,10,1,2,2,1,0,2,1,1,4,2,2,4,2,3,1
6361,0,2,1,4,1,24,4,2,2,1,10,1,2,3,4,0,3,1,1,3,3,2,3,2,2,1
6363,1,10,1,4,1,17,13,1,7,4,10,1,2,2,1,0,2,1,1,4,3,2,3,2,2,1
6364,1,5,3,4,1,7,13,4,4,4,10,1,2,2,1,0,2,1,1,4,2,2,3,2,2,1
6365,1,5,6,4,1,24,13,2,7,4,10,1,2,2,1,0,8,1,1,3,1,2,7,2,5,1
6366,1,3,7,4,1,2,13,6,2,1,3,8,2,3,4,0,1,1,1,5,1,3,3,2,2,1
6367,0,8,1,4,1,19,13,3,7,4,10,8,2,2,1,0,2,3,1,2,2,2,3,2,3,1
6369,0,5,1,4,1,20,13,3,8,4,10,1,2,2,1,0,2,1,1,5,3,2,4,2,3,1
6370,1,5,3,4,1,21,13,3,10,2,10,1,2,2,1,0,1,1,1,5,1,2,7,3,3,1
6373,0,3,1,4,1,4,13,2,4,1,9,1,2,3,4,0,1,3,1,6,1,2,3,3,5,1
6374,1,6,7,4,1,18,13,5,7,4,10,1,2,2,1,0,2,1,1,4,4,2,3,2,2,1
6375,1,10,4,4,5,16,22,1,8,6,10,1,2,2,1,0,8,3,1,4,1,2,3,2,2,1
6376,0,6,6,4,1,24,13,2,4,1,11,1,2,2,1,0,1,3,1,6,1,2,3,2,2,1
6378,1,8,6,3,5,22,1,2,3,1,10,7,2,2,1,0,1,1,1,3,1,2,3,3,5,1
6380,1,9,7,4,1,13,13,1,7,4,11,1,2,2,1,0,2,1,1,4,3,2,4,2,3,1
6381,1,8,7,4,1,24,4,3,2,4,11,8,2,2,1,0,2,3,1,3,2,2,3,2,3,1
6383,1,9,6,4,1,19,13,3,7,4,10,1,2,2,1,0,2,1,1,4,2,2,5,2,5,1
6385,1,8,6,4,1,14,13,1,3,4,10,1,2,2,1,0,2,3,1,3,2,2,3,2,2,1
6388,1,3,2,4,1,17,23,1,8,4,11,1,2,2,1,0,8,2,1,4,1,2,5,2,4,1
6390,1,7,1,4,5,16,1,1,7,1,8,1,2,2,1,0,3,3,2,4,2,2,3,2,3,1
6391,0,7,6,4,1,22,13,2,10,3,12,1,2,2,1,0,1,1,1,4,1,2,3,2,4,1
6393,1,7,7,2,1,18,21,3,7,5,11,1,2,2,1,0,1,1,1,3,1,2,3,2,3,1
6396,1,5,5,4,1,20,13,3,2,4,8,1,2,2,1,0,2,3,1,3,2,2,5,3,5,1
6397,0,8,5,4,5,20,1,3,7,1,11,8,2,3,4,0,1,1,1,4,1,3,3,2,2,1
6398,0,6,7,4,5,3,1,3,4,1,11,8,2,2,1,1,5,1,1,6,1,4,3,2,7,1
6399,0,8,1,4,1,17,13,2,7,4,11,7,2,2,1,0,2,3,1,2,3,2,3,2,2,1
6401,1,8,2,4,1,14,13,1,2,3,11,1,2,2,1,0,2,1,1,3,3,2,3,2,2,1
6402,0,12,7,4,1,12,13,1,7,4,11,1,3,2,1,0,2,3,1,4,2,2,3,2,3,1
6404,1,10,5,4,1,15,13,1,7,2,11,1,2,2,1,0,2,1,1,4,3,2,3,2,2,1
6405,1,3,1,4,1,21,13,3,2,4,11,1,2,2,1,0,2,1,1,7,2,2,4,2,3,1
6406,1,6,4,4,1,21,13,3,4,4,4,1,2,2,1,0,2,1,1,4,3,2,4,2,3,1
6407,0,3,3,4,1,14,13,1,8,4,7,1,2,2,1,0,2,1,1,7,3,2,3,2,4,1
6416,0,11,1,4,1,15,13,1,7,4,11,1,2,2,1,0,1,1,1,4,1,2,3,2,2,1
6421,0,3,4,4,5,16,1,1,4,1,11,1,2,2,1,0,2,3,1,4,3,2,5,2,5,1
6425,1,8,7,3,1,17,13,1,10,2,10,1,2,2,1,0,1,3,1,5,1,2,4,2,3,1
6426,0,4,7,4,1,18,13,3,8,4,11,1,2,2,1,0,2,1,1,4,2,2,5,2,3,1
6428,0,5,4,4,5,5,13,2,7,1,12,1,2,2,1,0,1,3,1,5,1,2,3,2,2,1
6429,1,3,4,4,1,20,13,3,8,4,8,1,2,2,1,0,2,1,1,5,2,2,3,2,2,1
6430,0,3,6,4,1,19,13,3,8,4,10,1,2,2,1,0,2,1,1,3,2,2,3,3,4,1
6431,0,6,1,4,1,24,7,3,4,2,12,5,2,2,1,0,2,1,1,2,2,2,4,2,3,1
6432,1,5,4,4,1,18,13,2,8,2,12,7,2,2,1,0,1,3,1,6,1,2,3,2,4,1
6434,1,7,7,4,5,1,13,3,7,1,12,8,2,3,4,0,3,3,1,4,3,4,3,2,3,1
6436,1,9,5,4,1,24,13,3,7,4,11,1,2,2,1,1,5,3,1,4,1,2,2,2,7,1
6437,1,6,7,4,1,23,13,3,4,4,12,1,2,2,1,0,2,1,1,5,3,2,7,2,5,1
6438,1,13,2,4,1,14,13,1,7,4,12,8,2,2,1,0,8,1,1,2,1,2,3,2,3,1
6439,0,4,3,4,1,23,13,3,2,2,12,1,2,2,1,0,3,1,1,5,4,2,3,2,4,1
6440,1,4,3,3,1,23,7,3,4,2,12,2,2,2,1,0,3,1,1,4,4,2,3,2,4,1
6441,1,7,4,4,1,16,7,1,10,7,12,7,2,2,1,0,2,1,1,3,2,2,3,2,2,1
6443,1,8,2,4,1,13,13,1,1,4,12,1,2,2,1,0,2,1,1,4,3,2,3,2,3,1
6445,0,4,6,4,5,3,13,2,10,2,12,1,2,2,1,0,1,1,1,5,1,2,4,2,4,1
6447,1,10,6,4,1,15,13,1,10,3,12,8,2,2,1,0,2,1,1,3,2,2,3,2,3,1
6448,1,7,6,4,5,19,1,2,7,1,12,1,2,2,1,0,1,3,1,4,1,2,3,2,2,1
6450,0,6,4,4,1,17,13,1,4,4,10,1,2,2,1,0,2,3,1,5,2,2,4,2,3,1
6452,1,5,6,4,5,23,13,2,7,2,12,1,2,2,1,0,1,3,1,3,1,2,3,2,2,1
6453,1,4,6,4,5,23,7,2,7,2,12,5,2,2,1,0,1,1,1,2,1,2,3,2,2,1
6456,0,10,1,4,4,14,13,1,7,1,11,8,2,3,3,0,1,3,1,4,1,3,3,2,3,1
6457,1,6,7,4,1,12,13,1,2,2,12,1,2,2,1,0,1,1,1,7,1,2,6,2,4,1
6459,1,8,1,4,1,19,13,3,2,2,12,1,2,2,1,0,3,3,1,4,2,2,4,2,3,1
6460,1,3,5,4,1,11,13,1,2,4,12,1,2,2,1,0,2,1,1,4,2,2,5,2,5,1
6463,0,4,6,4,5,2,13,2,2,1,11,7,2,3,4,0,1,3,1,4,1,2,2,2,6,1
6465,1,5,5,4,1,21,13,3,4,4,11,1,2,2,1,0,2,1,1,5,2,2,4,2,3,1
6466,1,8,1,4,5,16,10,1,7,4,8,1,2,2,1,0,2,3,1,3,2,2,3,2,5,1
6470,0,6,1,4,1,20,13,3,7,2,10,1,2,3,2,0,1,3,1,5,1,2,4,2,4,1
6471,1,4,1,4,1,20,10,3,4,2,10,1,2,2,2,0,1,1,1,5,1,2,4,2,4,1
6472,1,7,7,4,1,17,13,3,7,4,12,1,2,2,1,0,2,3,1,4,3,2,5,2,5,1
6473,1,6,7,4,1,17,13,3,7,4,12,1,2,2,1,0,2,3,2,4,3,2,5,2,5,1
6476,1,4,7,4,1,12,13,1,4,4,10,1,2,2,1,0,8,3,1,4,1,2,4,2,3,1
6477,1,7,4,4,1,6,13,4,2,3,12,1,2,2,1,0,2,3,1,4,2,2,5,2,2,1
6526,0,5,1,4,1,22,7,2,8,2,5,5,2,2,1,1,12,1,1,2,1,2,3,3,3,1
6530,1,3,2,4,1,21,7,3,10,2,5,5,2,2,1,0,1,1,1,2,1,2,5,2,2,1
6546,1,10,4,4,1,14,13,1,2,1,7,1,2,2,1,0,1,1,1,4,1,2,3,2,2,1
6567,1,3,1,4,1,1,13,2,2,4,8,1,2,2,1,0,2,1,1,6,2,2,3,2,4,1
6603,1,9,6,4,1,15,7,1,8,2,11,5,2,2,1,1,8,1,1,2,1,2,3,2,2,1
6637,0,7,5,4,1,21,13,3,7,4,3,1,2,2,1,1,5,3,1,4,1,2,6,3,6,1
6653,1,4,1,4,1,14,7,1,4,2,10,1,2,2,1,0,1,2,1,3,1,2,6,2,4,1
6660,0,3,7,2,4,1,1,3,7,1,5,8,2,2,1,1,2,3,1,4,2,2,5,2,3,1
6675,1,6,1,4,5,16,13,1,7,2,11,1,2,2,1,0,1,3,1,5,1,2,5,2,5,1
6684,0,10,2,4,1,16,13,1,7,4,3,1,3,2,1,0,2,3,1,4,3,2,3,2,2,1
6706,1,10,7,4,5,9,1,1,2,1,5,8,2,3,4,0,1,3,1,4,1,4,3,2,2,1
6707,0,6,7,4,1,16,13,1,2,4,5,1,2,2,1,0,2,3,1,3,3,2,5,3,2,1
6718,1,9,2,4,1,23,13,2,7,1,6,1,3,2,1,0,1,3,1,6,1,2,3,2,2,1
6723,1,3,5,4,1,12,13,1,10,4,6,1,2,2,1,0,2,3,1,6,2,2,3,2,2,1
6726,0,8,7,4,1,22,10,3,7,4,7,1,2,2,1,0,2,3,1,3,2,2,5,2,3,1
6729,1,5,1,4,1,18,13,1,8,4,6,1,2,2,1,0,2,3,1,4,3,2,4,2,2,1
6731,1,4,1,4,1,3,13,3,4,1,7,1,3,3,4,0,1,3,1,7,1,2,5,2,2,1
6737,1,10,6,4,1,14,13,1,7,4,7,1,2,2,1,0,8,3,1,4,1,2,5,2,2,1
6738,1,8,3,4,1,16,13,1,7,4,7,8,2,2,1,0,8,2,1,4,1,2,5,2,2,1
6740,1,4,7,4,1,12,13,1,2,4,7,1,2,2,1,0,2,2,1,3,2,2,3,2,2,1
6742,1,10,1,4,1,15,13,1,2,3,7,1,2,2,1,0,1,1,1,4,1,2,5,2,3,1
6749,0,5,5,4,5,1,7,2,7,2,7,1,2,2,1,0,1,3,1,4,1,2,3,2,3,1
6750,0,3,5,4,5,1,13,2,2,2,7,1,2,2,1,0,1,3,1,2,1,2,3,2,3,1
6752,0,4,1,4,1,19,10,1,4,4,7,1,3,2,1,0,8,2,1,7,1,2,5,2,2,1
6754,0,6,1,4,1,1,7,3,7,2,8,5,2,2,1,0,3,3,1,2,2,2,5,2,2,1
6758,1,7,7,4,5,14,1,1,7,1,8,8,3,2,1,0,1,3,1,4,1,3,3,3,2,1
6764,1,8,6,4,1,16,13,1,10,4,6,1,2,2,1,0,2,1,1,4,2,2,5,2,2,1
6765,1,4,3,4,1,16,13,1,2,4,6,1,3,2,1,0,2,2,1,3,3,2,3,2,2,1
6768,1,10,5,4,1,11,13,1,8,4,9,1,2,2,1,0,2,3,1,4,2,2,5,2,4,1
6774,0,7,2,4,1,11,13,1,2,3,9,1,2,2,1,0,2,3,1,4,2,2,5,2,3,1
6780,1,7,1,4,1,20,13,5,8,3,7,1,2,2,1,0,2,3,1,3,2,2,5,2,2,1
6782,1,6,7,4,1,19,13,1,7,4,7,7,2,2,1,0,2,3,2,3,2,2,5,2,3,1
6788,1,4,7,4,1,23,13,3,7,4,8,1,2,2,1,0,2,3,1,4,2,2,3,2,2,1
6796,1,5,7,4,1,14,13,1,2,3,7,7,2,2,1,0,1,3,1,4,1,3,3,2,2,1
6816,1,10,2,4,1,11,13,1,2,4,8,1,2,2,1,0,2,1,1,3,2,2,3,2,2,1
6821,1,4,3,4,1,21,13,2,4,4,9,1,2,2,1,0,2,3,1,4,2,2,5,2,4,1
6840,0,7,7,4,1,20,13,2,2,4,10,1,2,2,1,0,2,3,1,4,2,2,5,2,3,1
6843,0,8,4,4,1,23,18,3,4,5,8,1,2,2,1,0,1,3,1,6,1,2,5,2,2,1
6846,1,7,1,3,5,14,1,1,11,1,12,1,2,2,1,0,1,1,1,3,1,2,3,2,2,1
7007,1,9,4,4,1,15,2,1,7,4,2,1,2,2,1,0,2,3,1,3,2,2,3,2,2,1
7009,1,4,2,4,5,18,1,1,8,1,5,8,2,3,4,0,1,3,1,6,1,3,3,2,2,1
7016,0,8,4,4,1,19,13,1,2,4,6,8,2,2,1,0,2,3,1,3,3,5,3,2,2,1
7020,1,3,3,4,1,15,13,1,4,4,7,1,2,2,1,0,2,3,1,6,3,2,3,2,2,1
7022,0,3,7,4,5,22,1,2,2,1,7,8,2,3,4,0,1,3,1,5,1,4,3,2,2,1
7025,0,7,6,4,1,15,13,1,8,4,8,7,2,2,1,0,4,3,1,2,1,2,3,2,2,1
7030,1,3,5,4,5,23,13,3,10,1,9,8,2,3,4,0,1,3,1,7,1,4,3,2,2,1
7032,1,9,7,4,1,11,13,1,7,2,9,1,2,2,1,0,8,3,1,4,1,2,3,2,2,1
7046,0,8,2,4,1,15,13,1,7,1,2,1,3,3,4,0,1,3,1,7,1,2,3,2,2,1
7047,0,9,6,2,4,14,13,1,10,1,3,8,3,3,4,0,1,1,1,4,1,5,3,2,2,1
7049,0,6,7,4,4,16,13,1,7,1,4,8,2,3,4,0,1,3,1,5,1,4,3,2,2,1
7055,1,9,1,4,1,8,13,1,7,3,5,1,2,2,1,0,2,3,1,5,3,2,3,2,2,1
7059,1,7,2,2,1,18,13,1,10,1,5,8,2,3,4,0,1,3,1,3,1,4,3,2,2,1
7060,1,12,7,2,5,18,1,1,2,1,5,8,3,2,1,0,5,1,1,2,1,2,2,2,7,1
7074,1,8,3,2,4,14,13,1,2,1,7,1,2,3,4,0,1,3,1,4,1,2,3,2,2,1
7080,1,10,7,3,1,18,13,1,7,1,7,8,3,2,3,0,1,3,1,4,1,3,4,2,4,1
7086,0,7,7,2,1,2,21,3,4,1,7,8,2,3,4,0,1,3,1,3,1,4,3,2,2,1
7097,0,5,4,4,1,11,13,1,4,4,8,1,3,2,1,0,2,3,1,3,2,2,5,2,2,1
7099,1,6,6,4,1,19,13,1,2,2,7,1,3,2,1,0,3,3,1,4,2,2,3,2,3,1
7100,0,8,6,4,5,23,1,2,7,1,9,8,3,3,2,0,1,3,1,4,1,4,3,2,2,1
7112,1,5,3,4,1,14,13,1,7,1,10,8,3,3,5,0,1,1,1,5,1,4,3,2,2,1
7118,1,3,3,2,1,19,13,2,4,4,10,1,3,2,1,0,2,1,1,4,3,2,3,2,3,1
7121,1,5,5,3,1,5,13,2,4,4,1,1,3,2,1,0,2,1,1,5,3,2,3,2,3,1
7125,1,3,5,4,5,6,15,1,4,1,3,8,2,3,4,0,1,1,1,5,1,3,3,2,6,1
7130,0,4,3,4,1,19,13,1,2,4,4,1,2,2,1,0,2,3,1,4,3,2,3,2,2,1
7131,1,7,4,3,4,8,13,1,7,1,4,8,2,3,4,0,1,1,1,4,1,3,3,2,2,1
7135,0,3,1,3,1,10,13,1,8,3,4,8,2,2,1,0,1,1,2,4,1,3,3,2,2,1
7136,0,8,7,4,1,17,13,1,8,3,4,8,2,2,1,0,1,1,1,4,1,3,3,2,2,1
7137,0,4,7,4,4,17,13,1,8,3,4,8,3,3,1,0,1,1,1,4,1,3,3,2,2,1
7139,0,6,7,3,1,10,12,1,7,4,4,1,2,2,1,0,2,2,1,4,2,2,3,2,3,1
7145,1,7,1,4,1,20,13,2,7,4,5,1,2,2,1,0,8,2,1,4,1,2,3,2,2,1
7146,0,8,7,3,5,21,1,2,2,1,5,8,3,3,4,0,1,1,1,4,1,3,3,2,2,1
7147,1,8,7,2,5,21,1,2,7,1,5,8,3,3,4,0,1,1,1,4,1,3,3,2,2,1
7148,0,4,6,4,1,7,13,1,8,4,5,1,2,2,1,0,2,1,1,4,2,2,3,2,2,1
7149,0,7,2,3,1,12,7,1,7,7,5,1,3,2,1,0,2,1,1,4,2,2,3,2,2,1
7150,0,8,4,2,5,22,1,2,7,1,5,8,2,3,4,1,5,2,1,3,1,4,3,2,7,1
7152,0,9,7,3,5,22,1,2,4,1,4,8,2,3,8,1,5,1,1,5,1,3,2,2,7,1
7156,0,12,1,3,5,10,1,1,10,1,5,8,2,3,4,0,1,1,1,4,1,4,3,2,2,1
7157,0,7,2,4,1,8,7,1,2,2,5,1,2,2,1,0,1,2,1,3,1,2,3,2,2,1
7158,1,7,3,2,5,20,15,3,7,1,5,1,3,3,3,0,3,1,1,3,2,2,2,2,3,1
7160,0,4,5,4,1,21,13,2,2,3,6,7,2,2,1,0,1,1,1,5,1,2,3,2,2,1
7162,0,9,6,3,1,7,13,1,2,4,6,8,2,2,1,0,2,1,1,5,3,4,3,2,3,1
7168,0,7,5,3,1,22,13,3,3,4,8,2,3,2,1,0,2,1,1,4,3,2,3,2,2,1
7174,1,4,6,4,1,12,13,1,4,4,8,1,2,2,1,0,8,1,1,5,1,2,3,2,3,1
7175,1,10,3,4,1,22,13,3,7,4,8,1,2,2,1,0,2,1,1,4,2,2,5,2,5,1
7179,0,10,7,3,4,12,13,1,8,1,10,8,2,3,4,0,1,3,1,4,1,4,3,2,2,1
7180,0,5,1,4,1,19,13,2,2,4,10,1,2,2,1,0,7,1,1,4,1,2,3,2,3,1
7181,0,5,4,2,1,17,13,1,2,4,10,1,2,2,1,0,2,1,1,5,3,2,3,2,3,1
7185,1,9,2,2,1,17,13,3,2,4,11,1,2,2,1,0,2,1,1,3,2,2,5,2,2,1
7188,0,7,3,4,5,18,13,2,4,1,12,8,2,3,4,0,1,1,1,7,1,3,3,2,2,1
7189,0,8,6,3,1,16,18,1,7,5,7,6,2,6,1,1,5,1,2,4,1,2,2,2,7,1
7192,1,4,3,4,1,18,13,3,4,4,12,1,2,2,1,0,2,1,1,4,3,2,3,2,3,1
7197,1,10,7,4,1,13,13,1,2,4,5,1,2,2,1,0,8,1,1,4,1,2,3,2,2,1
7235,1,4,2,4,1,20,13,3,4,2,4,1,2,2,1,0,1,1,1,7,1,2,3,2,4,1
7292,0,7,6,4,1,19,13,3,7,1,11,1,2,2,1,0,1,1,1,3,1,2,3,2,3,1
7296,1,6,2,4,1,18,7,2,7,2,11,5,2,2,1,0,3,2,1,2,3,2,3,2,2,1
7312,1,7,1,4,1,19,13,1,2,4,7,1,3,2,1,0,8,1,1,3,1,2,5,2,2,1
7320,0,7,1,4,1,20,13,2,2,1,9,1,2,2,1,0,1,1,1,6,1,2,3,2,3,1
7335,0,6,2,4,2,18,15,1,10,1,8,7,2,3,3,0,1,2,1,4,1,2,3,2,4,1
7339,1,8,4,4,1,23,13,2,10,1,6,8,2,3,5,0,8,1,1,6,1,3,3,3,2,4
7340,1,10,3,4,1,13,13,1,7,4,6,1,2,2,1,0,2,1,1,6,3,2,3,2,2,1
7342,0,7,1,4,1,21,13,3,7,2,4,1,2,2,1,0,1,1,1,6,1,2,5,2,5,1
7345,1,5,7,4,1,12,13,1,4,2,4,1,2,2,1,0,1,2,1,6,1,2,3,2,2,1
7347,1,4,7,4,1,15,13,1,7,4,5,1,2,2,1,0,8,1,1,6,1,2,5,2,5,1
7348,0,9,6,4,1,14,1,1,2,1,5,8,2,3,4,0,1,2,1,6,1,4,3,2,2,1
7349,0,5,5,4,1,19,13,1,4,3,5,8,2,2,1,0,1,2,1,6,1,3,3,2,2,1
7350,0,3,3,4,1,4,13,2,10,2,5,1,2,2,1,0,1,2,1,6,1,2,3,2,3,1
7351,1,4,6,4,1,2,13,2,4,2,5,8,2,2,1,0,3,2,1,6,1,2,3,2,2,1
7352,0,4,6,4,1,2,7,2,4,2,5,8,2,2,1,0,3,2,1,6,1,2,3,2,2,1
7354,1,7,6,4,1,23,13,3,7,3,5,1,2,2,1,0,8,2,1,6,1,2,5,2,5,1
7355,1,8,1,3,1,13,4,1,7,5,5,1,2,2,1,1,12,2,1,6,1,2,6,2,4,1
7356,1,3,2,4,1,12,13,1,3,4,5,1,2,2,1,0,8,2,1,6,1,2,5,2,5,1
7357,0,5,7,4,1,16,13,1,4,4,5,1,2,2,1,0,2,2,1,6,2,2,5,2,5,1
7358,0,9,6,4,1,13,13,1,4,4,5,1,2,2,1,0,2,2,1,6,2,2,3,2,2,1
7359,0,8,7,4,1,14,1,1,7,1,5,8,2,2,1,0,2,2,1,6,2,4,5,2,5,1
7360,0,3,2,4,5,24,1,2,7,1,6,1,2,3,4,0,1,2,1,6,1,3,3,2,2,1
7364,0,9,7,4,4,21,4,2,7,1,6,1,2,3,4,0,1,2,1,6,1,2,3,2,2,1
7365,0,7,1,4,5,19,1,1,10,1,6,1,2,3,3,0,1,2,1,6,1,2,3,2,3,1
7366,0,4,2,4,1,21,13,5,4,4,6,1,2,2,1,0,2,2,1,6,2,2,3,2,2,1
7367,0,12,3,4,1,17,10,1,7,4,6,8,2,2,1,0,2,2,1,6,2,2,3,2,2,1
7368,1,8,4,4,5,16,1,1,7,1,6,8,2,3,8,1,5,2,1,6,1,3,2,2,7,1
7369,0,4,5,4,1,23,13,3,2,2,6,1,2,2,1,0,1,2,2,6,1,2,5,2,5,1
7370,0,8,7,4,1,18,13,1,2,2,6,1,2,2,1,0,8,2,1,6,1,2,3,2,2,1
7371,0,4,1,4,1,17,13,1,10,3,6,1,2,2,1,0,8,2,1,6,1,2,3,2,2,1
7373,1,7,3,4,1,21,13,2,11,3,6,1,2,2,1,0,1,2,1,6,1,2,3,2,2,1
7374,1,8,1,4,5,18,1,1,7,4,6,1,2,2,1,0,1,2,1,6,1,2,3,2,2,1
7375,0,7,3,4,1,21,13,1,7,1,6,1,2,2,1,0,1,2,1,6,1,2,3,2,2,1
7376,1,10,3,2,3,11,13,1,10,1,6,4,2,3,4,0,3,2,1,6,2,2,3,2,2,1
7377,1,9,4,4,1,24,13,2,7,1,6,1,2,2,1,0,1,2,1,6,1,2,3,2,2,1
7378,1,9,4,4,5,18,1,1,7,1,6,1,2,3,4,0,1,2,1,6,1,2,3,2,2,1
7379,0,7,3,4,1,18,13,1,7,4,6,1,2,2,1,0,8,2,1,6,1,2,3,2,2,1
7381,1,8,3,2,4,9,2,1,8,1,7,1,2,3,4,0,1,2,1,6,1,2,3,2,2,1
7382,0,7,3,4,2,6,13,2,2,1,7,1,2,2,1,0,1,2,1,6,1,2,3,2,2,1