id,Severity,age_classes,day_week,DEFORMED_classes,m_harm_classes,hour,impact1_classes,lgt_cond,make,man_coll,month,p_crash1,pcrash4,pcrash5,rel_road,reljct1,reljct2,rest_use,sex,speed_classes,typ_int,valign,vnum_lan,vsurcond,vtrafway,weather_classes
9755,0,8,7,4,5,19,2,1,2,1,8,8,2,3,4,0,1,1,1,5,1,4,3,2,2,1
9756,0,5,6,4,1,16,13,1,8,3,8,8,2,2,1,0,1,1,2,4,1,3,3,2,2,1
9757,0,8,4,4,1,13,11,1,10,5,8,1,2,2,1,1,12,1,1,4,1,2,6,2,4,1
9762,0,4,2,4,1,10,13,1,4,3,8,7,3,2,1,0,1,1,1,6,1,2,3,2,2,1
9763,1,8,3,4,1,16,13,1,7,4,8,1,2,2,1,0,2,1,1,2,3,2,3,2,2,1
9767,0,6,2,4,1,21,13,2,2,1,8,7,3,3,4,0,1,1,1,4,1,4,3,2,2,1
9769,1,5,1,4,1,12,13,1,3,3,8,8,2,2,1,0,1,1,1,5,1,4,4,2,2,1
9770,1,3,7,4,5,24,1,2,2,1,9,1,2,3,4,0,1,1,1,5,1,2,5,2,3,1
9775,1,4,6,4,1,14,1,1,2,1,9,8,2,2,1,0,1,1,1,4,1,3,3,3,2,1
9780,1,6,2,4,1,21,10,3,7,4,10,1,2,2,1,0,2,1,1,3,2,2,4,2,4,1
9781,1,7,7,4,1,15,13,1,10,3,10,8,2,2,1,0,1,1,1,5,1,3,3,2,2,1
9782,0,8,1,4,1,1,13,2,7,2,8,1,2,2,1,0,1,1,1,6,1,2,4,2,4,1
9784,1,10,7,4,1,11,13,1,8,3,10,8,2,2,1,0,1,1,1,3,1,3,3,2,2,1
9785,0,8,7,4,1,11,13,1,7,3,10,8,2,2,1,0,1,1,1,3,1,3,3,2,2,1
9791,1,7,1,4,1,19,12,1,7,1,10,1,2,2,1,0,1,1,1,4,1,2,5,2,2,1
9792,1,6,7,4,1,13,13,1,7,4,10,1,2,2,1,0,2,1,1,4,3,2,5,2,4,1
9794,0,3,1,4,1,15,13,1,10,4,11,1,2,2,1,0,8,1,1,4,1,2,7,2,3,1
9798,1,5,3,4,1,14,13,1,2,4,11,1,2,2,1,0,2,1,1,3,3,2,4,2,3,1
9854,1,9,4,4,1,15,7,1,7,2,9,5,2,2,1,0,1,1,1,2,1,2,3,2,2,1
9876,0,9,6,4,1,15,13,1,8,3,9,1,2,2,1,0,2,1,1,3,3,2,3,2,2,1
9909,1,9,3,4,1,15,13,1,8,4,4,1,3,2,1,0,2,3,1,4,2,2,3,2,2,1
9911,1,8,6,4,1,15,13,1,7,4,4,8,2,2,1,0,2,3,1,3,3,3,3,2,2,1
9912,0,10,5,4,1,15,13,1,7,3,5,1,2,3,2,0,3,2,1,4,2,2,3,2,2,1
9914,1,8,6,4,1,15,2,1,7,4,5,8,2,2,1,0,2,3,1,2,2,2,3,2,3,1
9916,1,10,5,4,1,16,11,1,10,4,5,1,2,2,1,0,2,3,1,3,2,2,3,2,2,1
9917,1,5,4,3,5,22,2,3,7,1,5,6,2,2,1,1,5,3,1,4,1,2,2,2,7,1
9919,0,7,7,4,1,13,13,1,7,4,5,1,3,2,1,0,2,3,1,4,2,2,3,2,2,1
9925,0,4,2,4,1,22,13,2,10,3,6,1,2,2,1,0,1,2,1,8,1,2,3,2,2,1
9926,1,8,2,3,1,13,13,1,7,1,6,8,3,2,1,0,1,3,1,4,1,4,3,2,2,1
9927,1,5,3,4,1,13,13,1,4,4,6,1,3,2,1,0,2,3,1,4,2,2,3,2,2,1
9931,1,11,3,3,1,12,13,1,2,4,6,8,2,2,1,0,2,3,1,4,2,3,3,2,2,1
9933,1,5,5,2,2,20,1,3,4,1,6,1,2,2,1,0,1,3,1,2,1,2,3,8,2,7
9935,1,9,1,4,1,12,13,1,7,2,6,1,2,2,1,0,2,3,1,4,3,2,3,2,2,1
9936,0,5,4,3,1,21,13,2,7,1,6,1,2,2,1,0,1,3,1,4,1,2,3,2,2,1
9940,1,3,1,4,5,2,1,3,8,1,7,2,3,2,1,0,3,3,1,7,3,2,3,2,2,1
9942,1,8,4,3,1,19,13,1,10,1,7,1,2,2,1,0,1,3,1,4,1,2,3,2,2,1
9943,0,7,3,4,1,19,13,1,7,4,7,1,2,2,1,0,2,3,1,4,2,2,3,2,2,1
9949,0,10,6,4,1,4,13,4,2,1,7,1,2,2,1,0,1,3,1,4,1,2,3,2,2,1
9950,1,7,5,4,1,6,13,1,2,4,7,1,2,2,1,0,2,3,1,4,3,2,3,2,2,1
9959,0,6,1,4,5,19,1,1,7,1,8,8,2,2,1,0,1,3,1,4,1,4,3,2,2,1
9961,1,8,5,1,5,18,1,1,2,1,8,8,3,2,1,0,8,2,2,2,1,2,3,2,2,1
9962,1,8,7,4,5,19,1,1,7,1,8,1,2,3,4,0,1,3,1,3,1,2,3,2,2,1
9963,0,6,7,2,1,16,7,1,2,2,8,7,2,2,1,0,8,3,1,4,1,2,3,2,2,1
9964,1,6,7,3,1,16,13,1,8,2,8,1,2,2,1,0,8,3,1,4,1,2,3,2,2,1
9966,0,7,1,4,1,18,13,1,2,3,8,8,2,2,1,0,1,3,1,4,1,3,3,2,2,1
9967,0,9,4,4,1,15,13,1,2,3,8,8,2,2,1,0,1,3,1,3,1,4,3,2,2,1
9969,0,7,1,4,4,19,13,1,10,1,8,8,2,3,4,0,1,3,1,6,1,4,3,2,2,1
9971,1,10,5,4,1,18,2,1,4,4,8,1,2,2,1,0,2,3,1,4,3,2,3,2,2,1
9972,0,8,3,3,1,11,13,1,7,2,8,2,3,2,1,0,1,3,1,4,1,2,3,2,3,1
9977,0,8,4,4,1,20,13,1,7,4,8,1,2,2,1,0,2,3,1,4,2,2,3,2,5,1
9980,1,8,2,4,5,5,1,4,7,1,8,1,2,2,1,0,1,3,1,4,1,2,3,2,2,1
9981,0,10,2,3,5,11,1,1,7,1,8,1,2,2,1,0,2,3,1,3,2,2,3,2,2,1
9982,1,4,1,2,1,20,20,3,10,4,8,1,2,2,1,0,2,3,1,3,2,2,3,2,2,1
9991,1,10,6,4,5,23,13,2,7,1,9,8,2,3,4,0,1,3,1,4,1,3,3,2,2,1
9996,0,8,1,2,1,15,7,1,7,2,10,1,2,2,1,0,1,3,1,4,1,2,3,2,2,1
9997,1,8,1,3,1,15,13,1,7,2,10,1,2,2,1,0,1,3,1,4,1,2,3,2,2,1
9999,0,5,4,4,1,14,1,1,4,1,5,8,2,3,4,0,3,3,1,6,4,2,3,2,2,1
10006,0,7,3,4,5,8,1,1,7,1,7,1,3,2,1,0,8,3,1,4,1,2,3,2,2,1
10008,0,8,1,4,1,1,13,3,7,3,7,1,2,2,1,1,12,3,1,5,1,2,3,2,4,1
10010,1,7,5,4,1,14,2,1,7,4,8,1,2,2,1,0,2,3,1,5,3,2,3,2,2,1
10013,1,10,6,4,1,18,12,1,7,1,8,1,2,3,4,0,1,3,1,5,1,2,3,2,2,1
10015,1,10,7,4,1,12,7,1,7,2,9,7,2,2,1,0,8,3,2,4,1,2,3,2,2,1
10017,0,8,7,4,1,18,7,2,2,2,12,1,2,2,1,0,1,2,1,5,1,2,3,2,4,1
10020,1,7,6,4,1,22,13,3,2,4,2,1,2,2,1,0,2,1,1,4,2,2,3,2,3,1
10021,0,4,6,4,1,12,13,1,4,3,2,8,2,2,1,0,1,1,1,4,1,3,3,2,2,1
10023,1,7,4,4,5,17,13,3,4,1,3,8,2,3,4,0,1,2,1,5,1,4,3,2,2,1
10024,1,8,2,4,1,15,7,1,10,2,3,5,2,2,1,0,1,1,1,2,1,2,3,2,2,1
10025,1,7,5,1,5,20,1,3,7,1,3,8,2,3,4,0,8,1,1,2,1,2,3,2,2,1
10027,1,9,4,4,1,10,13,1,2,4,3,1,2,2,1,0,2,2,1,4,2,2,3,2,2,1
10028,1,9,1,4,1,17,12,1,7,6,3,8,2,2,1,0,1,1,1,3,1,3,3,2,2,1
10029,1,10,2,4,5,12,1,1,7,1,3,8,2,3,4,0,1,1,1,3,1,4,3,2,2,1
10030,0,8,4,4,1,5,4,3,7,4,3,8,2,2,1,0,2,1,1,4,2,4,3,2,3,1
10032,0,8,6,4,1,14,13,1,7,3,3,8,3,2,1,0,1,1,1,5,1,3,3,2,2,1
10034,0,5,1,4,5,17,12,1,4,6,3,8,2,2,1,0,1,1,1,4,1,3,3,2,2,1
10035,1,9,7,4,4,10,13,1,7,1,4,1,2,3,4,0,1,1,1,5,1,2,3,2,3,1
10036,0,4,1,4,5,23,1,3,4,1,4,8,2,3,4,0,1,3,1,5,1,4,3,2,2,1
10039,1,3,2,4,1,14,13,1,4,1,4,8,2,3,4,0,1,3,1,7,1,3,3,2,2,1
10040,1,4,3,4,5,21,1,3,10,1,4,8,2,2,1,0,1,1,1,4,1,4,3,2,2,1
10042,0,4,5,4,1,7,13,1,4,4,5,1,2,2,1,0,8,1,1,4,1,2,3,2,2,1
10045,0,8,7,4,1,22,13,3,4,4,5,1,2,2,1,0,2,1,1,5,2,2,3,2,2,1
10046,1,10,7,4,1,10,13,1,7,4,5,1,2,2,1,0,8,3,1,5,1,2,3,2,2,1
10047,1,6,7,4,1,14,13,1,7,4,5,7,2,2,1,0,1,1,1,4,1,2,3,2,2,1
10050,0,6,6,4,1,5,13,4,10,1,6,8,2,3,4,0,1,3,1,4,1,3,3,2,2,1
10052,0,4,1,4,1,23,13,3,4,2,6,1,2,2,1,0,1,1,1,7,1,2,4,2,4,1
10056,0,8,6,4,5,21,13,3,7,1,6,1,2,3,4,0,3,1,1,4,1,2,3,2,2,1
10058,0,6,1,4,1,3,13,3,4,3,6,1,2,2,1,0,1,1,1,6,1,2,3,2,4,1
10059,1,2,2,4,1,20,10,3,4,4,6,8,2,2,1,0,8,1,1,4,1,4,3,2,2,1
10060,0,9,2,4,2,21,13,3,7,1,6,8,2,3,4,0,1,1,1,5,1,3,3,2,3,1
10062,1,7,4,4,1,11,4,1,7,4,6,1,2,2,1,0,8,1,1,4,1,2,3,2,2,1
10063,0,7,6,4,2,3,13,3,4,1,6,8,2,3,4,0,1,1,1,5,1,4,3,2,2,1
10067,0,8,7,4,5,13,13,1,7,1,7,7,2,3,4,0,1,1,1,5,1,2,3,2,2,1
10068,1,5,2,4,1,19,11,5,7,1,7,8,2,3,4,0,1,1,1,4,1,4,3,2,2,1
10073,0,5,1,4,4,16,13,1,10,1,7,1,2,3,4,0,1,3,1,6,1,2,3,2,2,1
10076,0,6,2,4,1,21,13,3,8,1,8,8,2,3,4,0,1,1,1,5,1,4,3,2,2,1
10079,0,7,3,4,4,16,13,1,1,1,8,8,2,3,4,0,1,1,1,5,1,3,3,2,2,1
10080,1,6,4,4,5,13,1,1,2,1,8,8,2,3,4,0,5,2,1,6,1,3,4,2,7,1
10084,1,8,6,4,5,23,1,3,7,1,8,1,2,3,4,0,1,2,1,5,1,2,3,2,2,1
10086,1,6,6,4,1,17,13,1,4,4,9,1,2,2,1,0,2,1,1,6,2,2,3,2,2,1
10088,1,7,5,4,1,16,13,1,7,2,9,1,2,2,1,0,3,2,1,4,3,2,3,2,2,1
10090,1,3,7,4,5,22,1,3,7,1,9,8,2,3,4,0,1,2,1,4,1,3,3,2,2,1
10092,1,12,5,4,4,12,13,1,7,1,9,8,2,3,4,0,1,1,1,5,1,4,3,2,3,1
10096,0,5,7,4,1,12,3,1,2,4,10,1,2,2,1,0,8,2,1,4,1,2,3,2,2,1
10097,1,9,7,4,1,13,13,1,7,4,10,1,2,2,1,0,2,2,1,4,2,2,3,2,3,1
10099,0,9,4,4,1,16,11,1,8,4,10,1,2,2,1,0,3,1,1,4,2,2,3,2,3,1
10104,0,7,4,4,1,7,13,1,7,4,11,1,2,2,1,0,2,2,1,5,2,2,3,2,3,1
10105,0,4,1,4,1,20,13,2,4,4,10,1,2,2,1,0,8,1,1,5,1,2,3,2,3,1
10106,1,6,5,3,5,22,1,3,4,1,11,3,2,2,1,0,1,1,1,3,1,2,3,2,2,1
10107,0,2,7,4,1,9,18,1,2,4,11,1,2,2,1,0,8,3,1,2,1,2,3,2,2,1
10108,0,8,4,4,1,19,13,3,7,1,12,1,2,2,1,0,1,2,1,5,1,2,3,2,3,1
10116,1,10,4,4,1,17,13,1,7,4,8,1,2,2,1,0,2,1,1,3,2,2,3,2,2,1
10122,0,8,1,2,5,12,1,1,1,1,8,1,3,3,2,0,1,1,1,3,1,2,3,9,2,1
10123,1,10,3,4,1,14,4,1,8,4,8,8,2,2,1,0,2,1,1,2,2,2,3,2,4,1
10127,0,3,3,4,5,18,15,2,4,1,1,8,2,3,4,0,1,3,1,4,1,3,3,2,2,1
10128,0,7,7,4,4,24,15,2,2,1,1,8,2,3,4,0,1,3,1,5,1,4,3,2,2,1
10135,1,10,6,4,5,15,1,1,4,1,2,1,2,2,1,0,1,1,1,3,1,2,3,2,2,1
10137,0,4,3,3,5,20,15,2,10,1,2,8,2,3,3,0,1,1,1,6,1,3,4,2,3,1
10141,1,9,2,4,1,19,19,3,8,6,3,8,2,2,1,0,1,3,1,4,1,4,5,2,5,1
10144,1,8,7,4,1,9,18,1,7,5,3,1,2,2,1,0,1,3,1,4,1,2,3,2,2,1
10147,1,10,2,4,1,16,13,1,2,4,3,1,2,2,1,0,2,3,1,4,3,2,3,2,3,1
10148,1,9,3,4,1,17,13,1,2,4,2,1,2,2,1,0,2,3,1,3,2,2,3,2,2,1
10151,1,9,5,4,1,17,13,1,7,4,2,1,2,2,1,0,2,3,1,3,2,2,6,2,5,1
10152,0,3,1,4,1,12,13,1,2,4,3,1,3,2,1,0,2,1,1,4,3,2,3,2,3,1
10153,1,5,5,4,1,18,13,5,4,4,3,1,3,2,1,0,2,3,2,3,2,2,5,2,5,1
10154,1,9,7,4,1,16,18,1,7,4,3,1,3,2,1,0,2,3,1,4,2,2,4,2,3,1
10159,0,8,7,4,5,16,1,1,7,4,4,1,2,2,1,1,12,3,1,5,1,2,5,2,4,1
10166,0,4,5,4,1,8,1,1,8,1,4,8,2,2,1,0,2,1,1,3,2,2,5,2,2,1
10170,0,9,1,4,1,13,13,1,7,3,4,8,2,2,1,0,1,3,1,4,1,3,3,2,2,1
10171,1,7,1,4,5,13,1,1,7,3,4,8,2,2,1,0,1,1,2,4,1,3,3,2,2,1
10174,1,10,6,4,1,16,22,1,7,4,4,1,3,2,1,0,1,1,1,5,1,2,3,2,3,1
10175,1,5,1,4,1,1,13,3,4,2,5,1,2,2,1,0,3,3,1,3,2,2,4,2,3,1
10177,1,8,1,4,5,18,13,1,7,2,5,7,2,3,2,0,1,1,1,5,1,2,3,2,2,1
10179,0,6,7,4,1,21,13,2,7,1,5,1,2,2,1,0,1,3,1,4,1,2,4,2,4,1
10183,1,9,7,4,5,15,15,1,7,1,5,1,2,2,1,0,1,3,1,3,1,2,3,2,2,1
10184,1,7,7,4,5,13,1,1,7,1,5,1,3,3,2,0,1,3,1,5,1,2,8,2,4,1
10186,0,10,7,3,1,15,13,1,7,1,5,8,2,3,4,0,1,3,1,4,1,4,4,2,2,1
10192,1,7,6,4,1,22,21,3,4,1,5,1,2,2,3,0,8,3,1,3,1,2,4,2,3,1
10193,0,9,1,4,1,21,13,3,10,3,5,8,2,2,1,0,1,3,1,5,1,3,6,2,5,1
10195,1,9,2,4,1,10,7,1,2,2,6,1,2,2,1,0,1,1,1,4,1,2,3,2,3,1
10196,0,12,7,4,5,22,15,2,4,1,6,1,2,3,4,0,1,1,1,5,1,2,3,2,3,1
10197,1,6,6,4,1,13,13,1,4,2,6,8,3,2,1,0,1,1,1,6,1,4,3,2,4,1
10200,0,5,6,4,1,17,13,1,10,4,6,1,2,2,1,0,2,3,1,5,3,2,3,2,2,1
10204,1,9,6,4,5,20,15,2,7,1,7,1,2,3,3,0,1,1,1,5,1,2,3,2,3,1
10205,0,7,4,4,2,4,15,1,2,1,7,8,2,3,4,0,1,3,1,4,1,4,3,2,2,1
10206,0,7,4,4,1,7,7,1,4,2,7,7,2,2,1,0,1,1,1,5,1,2,7,2,4,1
10207,1,5,6,4,1,23,13,2,2,4,7,7,2,2,1,0,2,3,1,5,3,2,3,2,2,1
10209,1,6,6,4,1,4,1,3,4,1,7,1,2,2,1,0,2,1,1,3,2,2,6,2,5,1
10210,0,9,6,4,1,8,13,1,2,4,8,1,3,2,1,0,8,1,1,3,1,2,3,2,2,1
10212,0,3,2,4,1,20,13,3,4,4,8,1,3,2,1,0,2,3,1,4,2,2,4,2,3,1
10220,0,3,4,4,4,2,15,2,2,1,9,8,2,3,4,0,1,1,1,7,1,4,3,2,3,1
10221,0,8,6,4,5,20,21,2,7,1,9,8,2,3,4,0,1,3,1,3,1,4,3,2,2,1
10222,1,4,7,4,1,2,13,2,4,2,9,1,2,2,1,0,1,1,1,6,1,2,5,2,2,1
10223,1,3,7,4,1,4,1,3,10,1,9,1,2,2,1,1,2,3,1,4,3,2,4,2,3,1
10226,1,9,7,4,1,11,18,1,7,6,9,8,2,2,1,0,1,1,1,3,1,3,3,2,2,1
10227,0,10,7,4,1,11,18,1,7,6,9,8,2,2,1,0,1,1,1,3,1,4,3,2,2,1
10229,0,8,7,4,1,1,7,3,2,2,9,1,2,2,1,0,1,3,1,4,1,2,5,2,5,1
10231,1,4,4,4,1,22,13,3,4,4,8,1,2,2,1,0,2,1,1,3,2,2,5,2,5,1
10233,1,3,2,4,1,20,13,3,2,3,8,1,2,2,1,0,8,1,1,3,1,2,6,2,5,1
10236,1,7,5,4,5,14,1,1,7,1,9,8,2,3,4,0,1,3,1,4,1,4,3,2,2,1
10240,1,6,4,4,5,17,1,5,7,1,10,1,3,2,1,0,1,1,1,4,1,2,4,2,4,1
10243,1,4,2,4,1,16,13,1,7,4,10,1,2,2,1,0,2,3,2,3,2,2,4,2,4,1
10246,1,3,7,4,5,24,1,3,10,1,9,8,3,2,1,0,1,1,1,4,1,3,4,2,2,1
10247,1,10,7,4,1,12,1,1,7,1,9,2,3,2,1,0,1,3,1,5,1,2,5,2,4,1
10248,1,4,7,4,1,12,15,1,2,1,9,2,3,2,1,0,1,3,1,5,1,2,5,2,4,1
10250,0,3,1,4,1,15,1,1,4,1,9,1,3,2,1,0,8,1,1,5,1,2,3,2,3,1
10254,0,4,1,4,1,24,13,3,7,1,10,1,2,3,4,0,3,3,2,3,3,2,5,2,5,1
10256,1,11,4,4,5,9,1,1,7,1,10,8,2,3,4,0,1,1,1,4,1,4,3,2,2,1
10257,1,6,5,4,1,17,13,1,3,4,10,1,3,2,1,0,8,1,1,3,1,2,5,2,5,1
10260,1,9,4,4,1,17,18,1,7,4,11,8,2,2,1,0,2,3,1,2,3,2,2,2,3,1
10261,1,9,3,4,1,23,13,3,7,1,11,1,2,3,4,0,1,3,1,5,1,2,5,2,4,1
10262,0,8,7,4,5,14,1,1,7,1,11,1,2,3,2,0,1,1,1,5,1,2,3,2,2,1
10263,1,8,4,4,5,14,1,1,7,1,11,1,3,2,1,0,8,3,1,3,1,2,3,2,2,1
10266,1,4,6,4,1,13,13,1,4,2,11,7,2,2,1,1,12,1,1,3,1,2,4,2,6,1
10268,0,7,7,4,1,13,7,1,10,2,11,2,2,2,1,0,1,3,1,3,1,2,5,2,5,1
10273,0,5,4,4,1,16,13,1,2,4,12,1,3,2,1,0,2,1,1,4,3,2,4,2,3,1
10274,0,3,6,3,5,20,1,2,2,4,11,1,2,2,1,0,8,1,1,4,1,2,3,2,3,1
10276,1,3,3,4,1,20,13,3,2,4,11,1,2,2,1,0,2,1,1,4,2,2,6,2,5,1
10277,1,3,7,4,1,12,13,1,4,4,11,1,2,2,1,0,3,1,1,3,2,2,5,2,5,1
10278,1,10,3,4,1,17,13,5,10,2,11,1,2,2,1,0,1,1,1,3,1,2,5,2,4,1
10283,1,8,6,4,1,12,13,1,10,4,12,1,2,2,1,0,2,3,1,4,3,2,5,2,5,1
10286,0,3,4,4,1,18,13,6,2,3,3,1,2,2,1,0,1,1,1,7,1,2,3,2,2,1
10328,1,3,3,3,5,24,2,6,8,1,8,1,2,3,3,0,1,3,1,4,1,2,3,2,4,1
10360,0,7,3,4,5,15,1,1,7,1,1,8,2,3,5,0,1,1,1,4,1,3,3,2,2,1
10362,0,7,5,4,1,18,13,3,7,4,1,1,2,2,1,0,2,2,1,4,3,2,5,2,5,1
10363,1,3,3,4,1,9,13,1,4,3,1,1,2,2,1,0,3,2,1,3,2,2,5,2,5,1
10364,1,8,4,4,1,17,21,3,7,5,1,8,2,2,1,0,1,2,1,5,1,4,4,2,4,1
10365,0,6,6,4,1,20,1,3,2,1,1,1,2,2,1,0,1,2,1,4,1,2,5,2,5,1
10367,1,13,7,4,1,7,18,1,7,1,1,8,2,3,3,0,1,2,1,5,1,2,6,2,4,1
10369,0,3,7,3,1,14,18,1,2,6,1,1,2,2,1,0,1,2,1,2,1,2,6,2,5,1
10370,1,9,6,4,5,15,13,1,7,1,1,8,2,3,4,0,1,1,1,4,1,4,3,2,2,1
10371,0,10,1,4,1,11,1,1,3,6,1,8,3,2,1,0,1,2,1,4,1,3,3,2,2,1
10373,0,6,2,4,1,10,13,1,1,3,1,8,2,2,1,0,3,1,1,4,4,4,3,3,2,1
10374,1,3,3,4,1,9,1,1,2,1,1,1,2,2,1,0,2,1,1,4,3,2,3,2,2,1
10375,0,3,1,4,5,17,1,5,10,1,1,1,3,2,1,0,2,2,2,3,2,2,4,2,3,1
10377,0,3,4,3,5,19,1,2,2,1,1,1,3,2,1,0,1,2,1,5,1,2,3,3,4,1
10378,0,6,7,4,1,18,13,3,7,1,1,8,3,3,7,0,1,2,1,6,1,4,3,2,2,1
10382,1,9,6,3,1,10,1,1,7,1,1,1,3,2,1,0,8,2,1,4,1,2,3,2,3,1
10386,1,4,3,3,1,14,1,1,8,1,2,7,3,2,1,0,1,2,1,6,1,2,5,2,5,1
10390,1,7,1,3,1,15,13,1,7,2,2,7,3,2,1,0,1,2,1,5,1,2,4,2,4,1
10392,0,9,3,3,5,10,1,1,7,1,2,8,2,3,5,0,1,2,1,4,1,4,3,2,2,1
10393,0,5,2,4,3,21,1,3,2,1,2,7,3,2,1,0,1,2,1,6,1,2,4,2,5,1
10400,0,11,1,4,1,11,1,1,7,1,2,8,2,2,1,0,1,1,1,4,1,3,3,2,2,1
10401,0,10,1,4,5,12,1,1,7,1,2,8,2,3,4,0,1,1,1,4,1,4,3,2,2,1
10402,0,9,7,4,1,12,13,1,2,3,1,1,2,2,1,0,1,2,1,5,1,2,3,2,4,1
10404,0,10,6,4,1,16,7,1,7,2,2,1,2,2,1,0,1,2,1,4,1,2,3,2,2,1
10411,0,8,5,3,1,16,13,1,7,2,2,7,2,2,1,0,1,2,1,5,1,2,6,2,4,1
10414,0,5,7,3,1,2,13,2,7,2,3,1,2,2,1,0,1,2,1,6,1,2,5,2,4,1
10415,0,6,7,4,1,2,7,2,2,2,3,1,2,2,1,0,1,2,1,4,1,2,3,2,4,1
10425,0,7,6,4,5,16,1,1,7,1,3,8,3,3,2,0,1,2,1,5,1,4,3,2,2,1
10427,0,6,4,4,5,7,13,1,7,4,3,7,2,2,1,0,2,2,1,5,2,2,3,2,2,1
10430,1,10,5,4,5,9,1,1,8,1,3,1,3,2,1,0,8,2,1,3,1,2,3,2,2,1
10432,0,6,4,2,5,20,1,2,4,1,3,1,3,2,1,0,8,2,1,4,1,2,3,2,4,1
10435,0,5,5,4,1,19,13,5,4,3,3,8,2,2,1,0,1,2,1,5,1,3,3,2,2,1
10437,0,6,3,3,1,6,13,2,7,4,3,1,2,2,1,0,1,2,1,3,1,2,5,2,4,1
10441,1,6,6,4,1,9,13,1,2,2,4,1,2,2,1,0,1,2,1,5,1,2,5,2,4,1
10443,0,8,2,4,1,16,13,1,10,3,4,8,2,2,1,0,1,2,1,4,1,3,3,2,2,1
10449,1,7,1,4,1,18,1,3,2,1,1,8,2,2,1,0,1,1,1,3,1,3,3,2,2,1
10450,0,4,5,4,1,14,13,1,4,2,4,7,2,2,1,0,8,2,1,4,1,2,3,2,2,1
10453,0,11,3,4,5,14,1,1,7,1,4,8,2,3,4,0,1,1,1,5,1,4,3,2,2,1
10456,0,4,3,4,1,9,1,1,2,1,5,1,3,2,1,0,2,2,1,4,3,2,3,2,3,1
10461,0,9,7,3,1,18,13,1,7,2,5,1,3,2,1,0,1,2,1,4,1,2,3,2,2,1
10462,0,6,3,4,5,7,1,1,10,1,4,1,3,2,1,0,1,1,1,5,1,2,6,2,4,1
10467,0,6,7,4,5,10,1,1,7,1,4,1,3,2,1,0,1,2,1,4,1,2,4,2,4,1
10470,0,10,1,4,5,13,1,1,7,1,4,8,3,2,1,0,1,2,1,5,1,4,3,2,2,1
10481,1,4,1,4,1,22,13,2,8,2,2,7,2,2,1,0,1,2,1,5,1,2,5,2,4,1
10482,1,3,1,4,1,22,13,3,4,4,2,1,2,2,1,0,8,2,1,3,1,2,5,2,2,1
10488,0,6,6,3,1,23,1,3,10,1,4,1,2,2,1,0,1,2,1,5,1,2,7,2,4,1
10491,1,3,3,4,1,22,13,3,4,4,5,1,2,2,1,0,8,2,1,5,1,2,3,2,3,1
10494,1,4,5,4,1,16,13,1,2,3,5,8,2,2,1,0,1,2,1,3,1,3,3,2,2,1
10496,1,6,1,4,5,15,1,1,8,1,5,8,2,3,3,0,1,1,1,5,1,3,3,2,4,1
10497,0,5,7,3,1,16,13,1,4,1,5,1,2,2,1,0,1,2,1,5,1,2,3,2,2,1
10500,1,5,3,4,1,7,13,1,2,2,5,1,2,2,1,0,1,2,1,5,1,2,7,2,4,1
10501,1,9,7,4,5,17,1,1,2,1,5,1,3,2,1,0,2,2,1,2,2,2,4,2,2,1
10507,0,4,6,4,1,18,15,1,4,1,5,8,2,3,4,0,1,2,1,5,1,4,3,2,3,1
10514,1,5,1,4,1,18,13,1,10,4,5,1,2,2,1,0,2,2,1,4,2,2,5,2,3,1
10521,1,4,5,4,1,21,13,3,4,4,6,1,2,2,1,0,2,2,1,4,3,2,3,2,2,1
10523,1,4,2,4,1,13,13,1,7,4,6,8,2,2,1,0,2,2,1,4,2,3,3,2,2,1
10524,0,8,6,4,1,23,7,2,7,2,6,1,2,2,1,0,1,2,1,5,1,2,4,2,4,1
10535,1,11,4,2,5,18,1,1,2,1,7,1,2,3,2,0,1,1,1,4,1,2,3,2,2,1
10542,1,7,1,3,5,14,15,1,6,1,7,6,2,3,4,0,1,2,1,4,1,4,3,2,4,1
10543,0,5,4,3,1,5,7,4,7,2,7,1,2,2,1,0,1,2,1,4,1,2,6,2,4,1
10552,1,9,6,4,1,6,18,1,2,4,7,1,2,2,1,0,1,1,1,5,1,2,3,2,2,1
10561,0,6,7,4,1,21,1,2,7,1,7,1,2,2,1,0,1,1,1,4,1,2,5,2,4,1
10564,0,8,1,3,1,16,2,1,7,4,6,1,2,2,1,0,2,2,1,3,3,2,5,2,5,1
10569,0,3,5,4,1,2,13,3,2,1,7,1,2,3,3,0,1,3,1,6,1,2,3,2,3,1
10571,1,7,7,4,1,16,18,1,7,5,5,1,2,2,1,0,1,2,1,4,1,2,6,2,4,1
10572,1,6,1,3,5,14,1,1,7,2,8,1,3,2,1,0,8,2,1,4,1,2,5,2,2,1
10573,1,9,1,3,5,14,13,1,7,2,8,1,3,2,1,0,8,2,1,4,1,2,5,2,2,1