id,Severity,age_classes,day_week,DEFORMED_classes,m_harm_classes,hour,impact1_classes,lgt_cond,make,man_coll,month,p_crash1,pcrash4,pcrash5,rel_road,reljct1,reljct2,rest_use,sex,speed_classes,typ_int,valign,vnum_lan,vsurcond,vtrafway,weather_classes
10576,0,3,3,4,5,10,13,1,8,2,8,7,2,2,1,1,12,2,1,5,1,2,5,2,4,1
10577,0,3,6,4,1,20,13,5,8,3,8,8,2,2,1,0,1,2,1,5,1,3,3,2,2,1
10589,0,6,7,4,1,10,21,1,7,5,6,1,2,2,1,0,1,1,1,5,1,2,6,2,4,1
10605,1,9,6,4,1,17,13,1,7,4,7,1,2,2,1,0,2,1,1,5,3,2,3,2,2,1
10609,1,9,7,4,5,9,1,1,4,1,8,8,3,3,6,0,1,2,1,4,1,4,3,2,2,1
10614,1,9,2,3,1,14,13,1,7,1,7,8,2,3,4,0,1,1,1,3,1,4,3,2,2,1
10616,1,8,3,4,5,14,15,1,7,1,8,8,2,3,4,0,1,2,1,5,1,4,5,2,4,1
10620,1,9,4,4,1,15,13,1,7,4,7,8,2,2,1,0,8,2,1,3,1,4,3,2,2,1
10623,1,5,7,4,1,24,13,3,8,2,3,1,2,2,1,0,1,2,1,7,1,2,7,2,4,1
10634,0,4,5,4,1,12,13,1,2,4,9,1,2,2,1,0,2,2,1,7,3,2,3,2,3,1
10637,0,6,1,3,1,16,13,1,1,3,9,1,2,2,1,0,3,2,1,4,3,4,3,2,2,1
10641,0,4,6,4,1,10,19,1,4,4,8,8,2,2,1,0,3,2,1,3,2,2,3,2,2,1
10643,1,7,1,4,1,15,13,1,4,4,8,1,3,2,1,0,8,2,1,3,1,2,5,2,5,1
10644,1,3,6,3,1,22,1,3,4,1,9,1,3,2,1,0,8,2,1,5,1,2,3,2,2,1
10647,1,10,3,1,5,14,1,1,10,1,9,8,2,2,1,0,1,3,1,2,1,2,3,2,2,1
10653,0,10,1,2,1,22,22,3,7,5,9,1,2,2,1,0,1,2,1,6,1,2,5,2,4,1
10658,0,10,4,4,1,7,21,1,7,4,8,1,2,2,1,0,2,2,2,4,2,2,3,2,2,1
10675,1,10,6,4,5,12,1,1,2,1,10,1,2,3,2,0,1,2,1,4,1,4,3,2,2,1
10679,1,10,4,2,5,10,1,1,8,1,9,1,2,3,4,0,1,1,1,2,1,2,3,2,2,1
10687,1,5,7,4,1,23,1,3,7,1,9,8,2,2,1,0,1,1,1,4,1,4,5,2,2,1
10690,1,3,1,4,1,12,13,1,4,3,9,8,2,2,1,0,1,1,1,4,1,3,3,2,2,1
10692,0,8,1,4,1,12,13,1,7,3,9,8,2,2,1,0,1,1,1,3,1,4,3,2,2,1
10693,1,8,1,4,1,12,21,1,7,3,9,8,2,2,1,0,1,1,1,3,1,4,3,2,2,1
10695,0,10,1,3,1,12,18,1,7,3,9,8,2,2,1,0,1,1,1,3,1,4,3,2,2,1
10696,0,8,1,3,1,12,18,1,1,3,9,8,2,2,1,0,1,1,1,4,1,3,3,2,2,1
10697,1,5,1,4,1,13,13,1,4,2,9,1,2,2,1,0,3,1,1,4,3,2,3,2,2,1
10700,0,4,3,4,1,8,13,1,2,4,9,1,2,2,1,0,8,1,1,4,1,2,3,2,2,1
10704,0,10,6,4,1,14,13,1,2,3,9,8,2,2,1,0,1,2,1,3,1,3,3,2,2,1
10705,0,7,7,4,1,14,13,1,2,3,10,8,2,2,1,0,3,1,1,6,3,4,3,2,2,1
10706,1,10,7,3,1,18,13,5,7,1,10,1,2,2,1,0,1,1,1,3,1,2,3,2,2,1
10707,0,7,7,3,1,22,13,3,7,4,10,1,3,2,1,0,2,1,1,3,2,2,3,2,5,1
10711,0,8,7,3,1,11,8,1,7,1,10,1,2,2,1,0,1,1,1,4,1,2,3,2,2,1
10713,0,10,7,1,1,11,15,1,7,1,10,1,2,2,1,0,1,1,1,4,1,2,3,2,2,1
10715,0,10,7,4,1,11,13,1,7,1,10,1,2,2,1,0,1,1,1,4,1,2,3,2,2,1
10719,0,4,5,2,2,22,13,2,10,1,10,1,2,2,1,0,1,2,1,5,1,2,5,2,4,1
10720,1,7,6,4,5,11,1,1,8,1,9,7,2,2,1,0,1,2,1,4,1,2,4,2,3,1
10723,0,12,3,4,1,7,1,1,8,1,8,8,2,2,1,0,1,2,1,4,1,3,3,2,2,1
10724,1,5,7,4,5,11,1,1,10,1,10,1,2,2,1,0,8,2,1,5,1,2,5,2,5,1
10727,0,10,6,4,1,5,13,2,10,2,10,1,2,2,1,0,1,1,1,4,1,2,3,2,5,1
10729,0,11,7,4,5,16,1,1,7,1,10,1,3,2,1,0,1,2,1,5,1,2,3,2,2,1
10730,0,8,4,4,1,20,13,3,7,4,4,1,2,2,1,0,2,1,1,4,2,2,5,2,3,1
10736,0,6,1,4,1,16,13,1,1,6,10,8,2,2,1,0,1,1,2,4,1,4,3,2,2,1
10739,0,8,1,4,1,16,13,1,10,4,10,8,2,2,1,0,1,2,1,3,1,4,3,2,2,1
10746,0,7,6,3,1,6,18,4,7,4,11,1,2,2,1,0,1,2,1,5,1,2,5,2,4,1
10747,1,3,6,4,1,19,13,2,10,2,12,1,2,2,1,0,1,2,1,5,1,2,6,2,4,1
10753,1,9,3,4,1,14,13,1,7,3,11,1,2,2,1,0,1,1,1,3,1,2,3,2,2,1
10755,1,8,1,4,1,15,13,1,2,2,10,1,2,2,1,0,1,1,1,4,1,2,3,2,3,1
10760,1,10,3,4,4,7,13,1,7,1,11,8,2,3,3,0,1,1,1,5,1,4,4,2,4,1
10761,1,6,3,3,1,15,1,1,4,1,11,1,3,2,1,0,8,1,1,3,1,2,3,2,2,1
10762,0,3,5,4,1,24,13,3,4,2,11,1,2,2,1,0,1,1,1,5,1,2,3,2,4,1
10764,0,4,5,3,5,9,1,1,2,1,11,7,3,2,1,0,1,1,1,5,1,2,6,2,4,1
10769,1,8,7,4,1,15,13,1,7,4,10,1,3,2,1,0,8,2,1,4,1,2,3,2,3,1
10772,1,7,6,4,5,16,1,1,2,1,12,8,2,5,1,0,1,1,1,4,1,4,2,2,2,1
10773,0,4,7,4,5,2,1,3,4,1,12,7,2,2,1,0,1,1,1,6,1,3,6,2,4,1
10783,1,4,4,4,1,22,13,3,4,3,12,1,2,2,1,0,2,1,1,4,2,2,4,2,3,1
10784,0,5,6,4,1,10,13,1,2,2,12,7,2,2,1,0,1,1,1,6,1,4,6,2,4,1
10801,1,7,5,4,1,21,21,3,4,4,2,7,2,2,1,0,1,2,1,6,1,2,6,2,4,1
10803,0,7,3,2,1,11,13,1,10,1,5,1,2,2,1,0,1,2,1,3,1,2,5,2,2,1
10814,1,7,5,4,1,12,12,1,1,5,5,7,2,2,1,0,2,1,1,3,3,2,5,2,3,1
10815,1,7,5,4,1,12,2,1,2,5,5,1,3,2,1,0,2,1,1,4,3,2,5,2,3,1
10820,1,3,2,4,1,10,13,1,2,1,10,7,2,3,7,0,1,2,1,4,1,2,5,2,5,1
10825,0,2,6,4,5,2,1,2,10,1,1,2,3,2,1,0,1,3,1,6,1,2,3,2,2,1
10830,1,7,3,4,5,7,1,1,7,1,3,8,3,2,1,0,2,3,1,4,2,4,5,2,5,1
10833,0,8,1,4,5,24,1,2,2,1,4,1,2,3,2,0,3,3,1,4,2,2,3,2,3,1
10834,1,4,6,3,1,23,13,3,2,4,4,1,2,2,1,0,8,1,1,5,1,2,4,2,4,1
10835,0,8,2,4,2,24,2,3,2,1,4,1,2,3,4,0,1,3,1,5,1,2,6,2,4,1
10836,0,6,6,4,1,20,13,3,2,4,4,1,2,2,1,0,2,1,1,7,3,2,4,2,4,1
10837,1,7,7,2,3,22,15,2,7,1,4,8,2,3,4,0,1,3,1,3,1,4,2,2,3,1
10839,0,5,1,4,5,18,1,1,10,1,5,1,3,3,8,1,5,3,1,6,1,2,2,2,7,1
10841,0,8,2,4,1,17,13,1,2,2,5,1,2,2,1,0,3,3,1,3,3,2,3,2,2,1
10843,1,4,1,4,4,9,13,1,10,1,5,1,2,3,4,0,1,3,1,6,1,2,3,2,2,1
10848,1,9,5,4,5,14,1,1,7,1,6,1,3,3,4,0,1,3,1,4,1,2,3,2,2,1
10849,0,6,7,4,5,15,1,1,4,1,6,8,3,3,4,0,1,1,1,5,1,4,3,2,2,1
10850,0,12,2,4,1,11,13,1,2,1,6,8,3,3,4,0,1,1,1,4,1,4,3,2,2,1
10851,1,8,4,4,1,15,13,1,10,1,6,1,2,3,4,0,1,1,1,4,1,2,3,2,2,1
10853,1,12,7,4,5,17,1,1,10,1,6,7,2,3,5,0,1,1,1,5,1,4,3,2,2,1
10855,0,7,4,4,1,22,21,3,2,4,6,8,2,2,1,0,2,3,1,3,3,2,3,2,3,1
10856,0,4,2,4,1,1,13,3,2,2,6,1,2,2,1,0,1,3,1,5,1,2,4,2,4,1
10858,1,8,7,4,5,10,1,1,8,1,6,1,2,2,1,0,1,3,1,5,1,2,3,2,4,1
10860,0,9,6,4,1,16,21,1,10,4,7,8,2,2,1,1,2,1,2,2,2,2,4,2,3,1
10861,1,9,6,4,4,19,1,1,7,1,7,8,3,3,4,0,1,3,1,4,1,4,3,2,2,1
10862,0,8,1,2,5,22,1,2,7,1,7,8,3,5,1,0,1,3,1,3,1,4,3,2,2,1
10863,1,4,6,4,1,20,13,5,2,4,7,8,2,2,1,0,2,1,1,3,2,2,5,2,3,1
10866,0,8,7,4,5,20,1,5,7,1,7,8,3,3,4,0,1,3,1,5,1,3,3,3,2,1
10867,0,9,4,4,5,14,15,1,6,1,7,8,2,3,4,0,1,1,1,5,1,3,3,2,2,1
10868,0,10,1,4,5,14,1,1,7,1,7,8,2,3,4,0,1,3,1,5,1,3,3,3,2,3
10869,1,10,1,2,5,13,1,1,7,1,7,8,3,3,3,0,1,3,1,4,1,3,3,2,4,1
10870,0,3,1,4,1,20,13,2,10,1,7,1,2,3,4,0,1,1,1,6,1,2,3,2,2,1
10872,0,4,2,4,1,19,21,1,8,4,7,1,2,2,1,0,2,3,1,3,2,2,3,2,2,1
10873,1,8,1,4,5,12,1,1,8,1,7,6,3,5,1,0,1,3,1,5,1,2,3,2,2,1
10876,1,8,6,4,5,15,2,1,7,4,8,1,2,2,1,1,2,3,1,3,2,2,3,2,2,1
10877,0,8,1,4,5,13,15,1,7,1,8,8,2,2,1,0,1,3,1,5,1,4,3,2,2,1
10878,1,9,2,4,5,16,12,1,7,1,8,8,2,3,4,0,1,3,1,3,1,3,3,2,2,1
10880,0,8,5,2,5,16,10,1,2,3,8,8,2,2,1,0,1,1,1,4,1,4,3,2,2,1
10883,0,7,7,4,5,9,1,1,7,1,8,2,3,2,1,0,1,3,1,4,1,2,3,2,4,1
10886,0,7,1,4,5,13,1,1,7,1,8,8,2,3,4,0,1,3,1,5,1,4,3,2,2,1
10887,1,9,4,4,5,11,1,1,7,1,8,2,3,2,1,0,1,3,1,3,1,3,3,2,2,1
10888,1,11,7,2,5,12,1,1,7,1,8,2,3,3,4,0,8,3,1,4,1,2,3,2,2,1
10890,0,9,2,4,1,16,1,1,7,1,8,7,2,2,1,0,8,3,1,4,1,2,3,2,2,1
10891,0,4,7,4,5,19,10,1,7,4,8,1,2,2,1,0,1,3,1,5,1,2,3,2,2,1
10892,1,5,7,4,5,19,13,1,7,4,8,1,2,2,1,0,1,3,1,5,1,2,3,2,2,1
10893,0,8,3,4,5,11,1,1,2,1,8,8,3,2,1,0,1,1,1,4,1,3,4,2,4,1
10896,1,9,1,4,1,6,13,4,4,1,8,1,2,2,1,0,1,1,1,5,1,2,3,2,2,1
10897,0,10,4,2,5,11,1,1,10,1,8,1,3,2,1,0,2,1,1,3,2,2,3,2,2,3
10898,1,4,6,4,1,19,13,3,2,4,9,1,2,2,1,0,2,3,1,4,2,2,5,2,2,1
10899,0,9,5,4,5,16,1,1,4,1,9,8,3,3,4,0,1,3,1,5,1,4,3,2,2,1
10901,1,10,7,4,1,12,13,1,7,3,9,1,2,2,1,0,1,1,1,4,1,2,3,3,2,3
10903,1,10,7,4,1,11,13,1,7,4,9,7,2,2,1,0,1,3,1,4,1,2,3,2,2,1
10906,1,4,6,4,1,21,22,3,10,4,9,8,2,2,1,0,2,3,1,3,2,2,3,2,3,1
10907,1,9,7,4,1,15,1,1,7,1,10,1,3,2,1,0,2,1,1,4,3,2,3,2,2,1
10908,1,4,5,4,1,21,13,3,8,3,10,1,2,2,1,0,2,1,1,4,2,2,5,2,5,1
10910,0,7,1,4,1,20,13,2,7,3,11,1,2,2,1,0,1,3,1,4,1,2,3,2,2,1
10911,1,8,1,4,1,18,13,3,7,2,12,1,2,2,1,0,1,3,1,4,1,2,3,2,5,1
10939,0,7,3,4,1,7,13,1,7,4,10,1,2,2,1,0,2,3,1,3,3,2,3,2,2,1
10954,0,7,4,4,1,20,13,2,7,3,3,6,3,2,1,0,1,3,1,4,1,2,5,2,2,1
10961,0,6,2,4,5,22,13,3,8,1,6,3,2,4,4,0,2,3,1,4,2,2,5,2,4,1
10966,1,7,4,4,1,21,7,2,2,2,6,7,3,2,1,0,1,3,1,5,1,2,7,2,4,1
10967,1,8,4,4,1,21,13,2,4,2,6,1,3,2,1,0,1,3,1,5,1,2,7,2,4,1
10968,0,6,3,4,1,21,13,2,8,4,7,3,2,2,1,0,2,1,1,6,2,2,5,2,3,1
10969,0,3,2,4,1,14,13,1,4,4,8,1,3,2,1,0,2,3,2,6,2,2,6,2,4,1
10971,1,6,2,4,1,24,13,2,7,2,9,1,3,2,1,0,1,2,2,6,1,2,5,2,3,1
10975,1,4,3,4,1,7,13,1,4,2,5,1,2,2,1,0,1,1,1,4,1,2,5,2,2,1
10977,0,6,3,4,1,22,13,2,7,4,1,8,2,2,1,0,1,3,1,6,1,3,3,2,2,1
10979,0,5,4,4,1,6,13,3,2,4,1,1,2,2,1,0,2,1,1,4,3,2,3,2,3,1
10984,1,4,7,3,5,21,1,3,2,1,1,1,2,3,4,0,2,3,1,4,3,2,3,2,2,1
10985,1,6,7,4,1,19,13,2,2,3,1,1,2,2,1,0,2,3,1,5,2,2,3,2,2,1
10986,1,8,2,4,1,19,12,3,4,4,1,1,2,2,1,0,2,1,1,4,2,2,3,2,2,1
10989,0,2,7,4,1,11,13,1,4,4,2,1,2,2,1,0,2,1,1,6,3,2,3,2,2,1
10991,1,5,3,4,1,8,13,1,10,2,2,1,2,2,1,0,1,1,1,5,1,2,3,2,4,1
10992,1,2,1,4,1,15,12,1,8,4,2,1,2,2,1,0,2,3,1,3,2,2,3,2,3,1
10993,0,6,3,4,1,1,13,2,7,3,2,8,2,2,1,0,1,3,1,4,1,3,3,2,2,1
10994,1,4,3,4,1,24,13,3,4,4,1,1,2,2,1,0,2,1,1,3,2,2,3,2,2,1
10995,1,12,1,4,1,12,12,1,8,4,1,1,2,2,1,0,2,2,1,4,2,2,3,2,3,1
10996,0,6,5,4,1,17,2,3,8,1,1,1,2,3,4,0,1,3,1,4,1,2,3,2,3,1
10998,0,5,4,4,1,20,1,2,2,1,2,1,2,2,1,1,5,1,1,4,1,2,2,2,7,1
10999,0,6,4,3,1,20,13,2,4,1,2,1,2,2,1,1,5,1,1,5,1,2,2,2,7,1
11001,0,4,4,4,1,20,13,2,10,1,2,1,2,2,1,1,5,1,1,4,1,2,2,2,7,1
11002,1,7,4,4,5,6,1,2,7,1,2,1,2,2,1,0,2,3,1,4,2,2,5,8,5,1
11003,0,4,6,4,1,18,13,5,3,2,2,1,2,2,1,0,8,3,1,4,1,2,3,2,2,1
11004,0,11,6,4,1,19,13,2,7,1,2,8,2,2,1,0,1,3,1,4,1,3,3,2,3,1
11006,0,2,3,4,1,17,13,1,10,4,2,1,2,2,1,0,2,1,1,5,3,2,4,2,3,1
11007,0,10,4,4,5,15,1,1,7,1,2,1,2,3,1,0,1,3,1,4,1,2,3,2,2,1
11008,1,10,4,4,5,15,1,1,7,1,2,1,2,2,1,0,1,3,1,4,1,2,3,2,2,1
11010,0,8,7,2,5,11,7,1,7,2,3,2,2,2,1,0,3,3,2,2,1,2,3,2,3,1
11011,1,9,7,4,1,11,13,1,7,2,3,1,2,2,1,0,3,3,2,4,1,2,3,2,3,1
11012,0,10,1,4,1,9,13,1,2,4,1,8,2,2,1,0,1,1,1,4,1,5,3,3,2,1
11016,0,7,6,4,1,2,7,2,7,2,1,1,2,2,1,0,1,3,1,5,1,2,4,3,4,1
11017,1,3,4,4,1,17,13,5,2,3,1,1,2,2,1,0,2,3,1,4,3,2,3,2,2,1
11018,0,3,6,4,5,6,1,2,4,1,2,8,2,3,4,0,1,3,1,6,1,3,3,2,2,1
11019,1,9,1,4,1,15,7,1,1,2,2,5,2,2,1,0,3,1,1,2,2,2,4,2,3,1
11020,1,8,1,4,1,15,7,1,7,2,2,5,2,2,1,0,3,1,1,2,2,2,4,2,3,1
11021,1,9,7,3,5,19,1,3,7,1,2,1,2,2,1,0,1,3,1,4,1,2,3,2,3,1
11024,1,5,7,4,5,13,1,1,7,1,2,8,2,3,3,0,1,1,1,5,1,3,3,2,3,1
11025,0,7,7,4,5,2,1,2,3,1,2,1,2,2,1,0,1,3,1,3,1,2,3,2,2,1
11026,1,5,3,3,1,14,13,1,7,4,3,1,2,2,1,1,5,3,1,4,1,2,3,2,3,1
11028,1,6,6,4,5,24,1,2,11,1,3,8,2,3,4,0,1,3,1,5,1,4,3,2,2,1
11029,0,11,5,4,1,19,13,2,7,4,3,1,2,2,1,1,2,3,1,4,3,2,3,2,4,1
11030,0,1,3,3,5,15,1,1,2,1,3,1,2,2,1,0,1,3,1,3,1,2,3,2,2,1
11032,1,7,6,4,1,17,13,1,2,4,4,1,2,2,1,1,2,3,1,5,2,2,3,2,4,1
11034,0,4,4,4,1,23,7,2,10,2,1,1,2,2,1,0,1,3,1,5,1,2,3,2,3,1
11035,1,9,4,4,1,15,1,1,2,1,2,1,2,3,3,0,1,1,1,5,1,2,4,2,3,1
11037,1,7,7,4,1,22,1,2,7,1,3,1,2,2,1,0,2,3,1,4,3,2,3,2,3,1
11040,1,7,7,4,5,19,13,2,7,2,3,1,2,2,1,0,1,3,1,4,1,2,3,2,2,1
11041,1,7,7,4,5,19,1,2,7,2,3,1,2,3,1,0,1,3,1,4,1,2,3,2,2,1
11042,1,10,6,4,1,12,13,1,7,4,3,8,2,2,1,0,2,1,1,3,3,2,3,2,4,1
11043,0,9,4,4,1,20,13,2,7,2,3,1,2,2,1,0,3,3,1,4,2,2,5,2,2,1
11045,1,8,1,4,1,12,12,1,7,4,3,8,2,2,1,0,1,1,1,4,1,4,3,2,2,1
11046,0,5,1,4,1,3,13,2,10,1,3,8,2,3,4,0,1,3,1,3,1,4,3,2,2,1
11047,1,9,6,4,1,19,13,2,7,4,4,1,2,2,1,0,2,3,1,4,2,2,3,2,2,1
11048,0,3,1,4,1,14,13,1,10,3,4,8,2,2,1,0,1,1,1,4,1,3,3,2,2,1
11049,0,8,1,4,1,16,13,1,8,4,4,1,2,2,1,0,2,1,1,4,3,2,3,2,3,1
11052,1,11,6,3,1,17,13,1,10,4,3,1,2,2,1,0,1,1,1,3,1,2,3,2,2,1
11054,1,8,1,4,5,21,12,3,7,4,4,1,2,2,1,0,2,3,1,6,2,2,6,2,5,1
11055,1,10,6,4,1,11,13,1,7,4,3,1,2,2,1,0,2,3,1,3,2,2,3,2,3,1
11058,0,12,2,4,1,15,13,1,4,4,4,1,2,2,1,0,4,1,1,5,1,2,3,2,3,1
11059,0,4,3,4,1,21,13,3,2,4,4,1,3,2,1,0,2,1,1,4,3,2,3,2,3,1
11060,1,5,6,4,1,23,13,3,10,2,4,1,2,2,1,0,1,3,1,4,1,2,4,2,3,1
11062,0,7,6,4,1,23,7,3,4,2,4,2,2,2,1,0,1,3,1,3,1,2,4,2,3,1
11067,1,6,4,4,5,14,1,1,2,1,1,1,2,2,1,0,8,3,1,4,1,2,3,2,2,1
11068,1,6,7,4,5,13,1,1,7,1,1,1,2,2,1,0,2,2,1,4,2,2,3,2,2,1
11069,0,8,1,4,1,22,13,3,7,4,1,1,2,2,1,0,8,3,1,4,1,2,3,2,2,1
11071,1,9,4,4,1,16,13,1,7,4,1,1,2,2,1,0,2,3,1,4,3,2,5,2,5,1
11073,0,7,6,4,1,15,13,1,10,4,1,1,2,2,1,0,4,1,1,4,1,2,3,3,4,1
11076,1,8,6,4,5,15,1,1,7,1,1,1,2,2,1,0,2,1,1,4,2,2,4,2,3,1
11078,0,5,3,4,1,20,13,3,2,4,2,1,2,2,1,0,2,3,1,4,2,2,4,2,3,1
11082,1,9,6,4,1,18,21,1,7,4,3,1,2,2,1,0,2,3,1,4,3,2,4,2,4,1
11084,0,7,7,4,1,3,13,3,7,3,4,1,2,2,1,0,1,3,1,4,1,2,4,2,3,1
11085,0,6,6,4,1,6,13,2,8,4,4,8,2,2,1,0,2,1,1,4,2,4,3,2,2,1
11086,1,10,3,4,1,21,13,2,10,4,4,1,2,2,1,0,2,3,1,5,2,2,3,2,3,1
11088,0,6,1,4,1,9,13,1,1,2,4,1,2,2,1,0,1,1,1,6,1,2,4,2,4,1
11090,1,9,1,4,1,9,13,1,7,4,1,1,2,2,1,0,2,3,1,4,3,2,3,2,3,1
11091,1,9,7,4,1,24,13,3,7,2,1,1,2,2,1,0,2,3,1,4,3,2,5,2,3,1
11093,0,5,2,4,1,17,13,1,8,4,2,1,2,2,1,0,2,1,1,6,2,2,4,2,3,1
11095,0,8,6,4,1,12,7,1,4,2,3,1,2,2,1,0,1,3,1,2,1,2,3,2,2,1
11097,0,5,1,4,1,4,13,2,7,1,5,8,2,3,4,0,1,3,1,4,1,4,3,2,2,1
11098,1,6,4,4,1,22,13,3,4,2,5,1,2,2,1,0,1,1,1,5,1,2,6,2,4,1
11103,0,3,1,4,1,7,13,1,8,4,4,1,2,2,1,0,8,1,1,4,1,2,3,2,2,1
11106,0,8,5,4,1,18,13,1,7,4,4,1,2,2,1,0,2,3,1,3,2,2,3,2,3,1
11107,1,7,1,4,1,20,13,3,7,3,4,1,2,2,1,0,2,3,1,4,2,2,3,2,3,1
11109,1,4,2,4,1,15,13,1,2,4,4,1,2,2,1,0,2,1,1,4,2,2,5,2,5,1
11110,0,3,5,4,1,23,13,2,10,2,4,1,2,2,1,0,1,1,1,6,1,2,4,2,4,1
11111,1,7,7,4,5,6,1,4,10,1,4,8,2,3,4,1,5,1,1,4,1,3,3,2,7,1
11113,0,4,6,4,5,23,4,3,10,1,5,8,2,3,4,0,1,1,1,7,1,4,3,2,4,1
11115,1,4,5,4,1,9,13,1,8,4,2,1,2,2,1,0,2,3,1,4,3,2,3,2,3,1
11116,0,6,1,4,1,23,13,3,7,4,4,1,2,2,1,0,2,3,1,4,2,2,3,2,3,1
11118,0,7,6,4,1,21,13,3,7,4,4,1,2,2,1,1,2,3,1,4,2,2,4,2,3,1
11119,0,7,3,4,1,23,7,3,7,2,3,1,2,2,1,0,1,3,1,4,1,2,5,2,3,1
11120,1,6,3,4,5,23,1,3,7,2,3,1,2,2,1,0,1,3,1,4,1,2,5,2,3,1
11121,0,11,3,4,1,23,13,3,7,2,3,1,2,2,1,0,1,3,1,4,1,2,5,2,3,1
11123,1,9,7,4,1,14,4,1,7,4,4,1,2,2,1,0,2,3,1,4,2,2,3,2,5,1
11128,1,8,7,4,1,20,13,3,7,2,2,7,2,2,1,0,3,3,1,4,3,2,4,2,3,1
11129,1,8,6,4,1,14,13,1,7,4,2,1,2,2,1,0,2,3,1,4,2,2,3,2,3,1
11130,1,7,2,4,1,16,13,1,4,4,3,8,2,2,1,0,2,3,1,3,3,2,3,2,2,1
11131,1,3,4,4,5,6,1,2,8,1,3,1,2,2,1,0,1,1,1,6,1,2,4,2,4,1
11133,0,12,4,4,1,13,8,1,7,4,3,8,2,2,1,0,1,3,1,2,1,2,3,2,3,1
11135,0,9,4,4,1,13,13,1,7,4,3,1,2,2,1,0,1,3,1,4,1,2,3,2,3,1
11137,1,5,5,1,1,2,2,3,7,4,3,1,2,2,1,0,1,1,1,4,1,2,3,3,3,1
11139,1,10,1,4,5,20,1,3,7,1,3,8,2,3,4,0,1,3,1,4,1,3,3,2,2,1
11141,1,10,3,4,1,12,13,1,10,4,4,1,2,2,1,0,2,3,1,4,2,2,4,2,3,1
11142,0,9,6,4,1,15,13,1,7,3,4,1,2,2,1,0,2,3,1,4,2,2,4,2,3,1
11143,0,4,1,4,1,2,7,3,7,2,5,5,2,2,1,0,2,3,1,2,2,2,3,2,5,1
11145,0,11,3,4,1,9,10,1,4,4,5,8,2,2,1,0,2,1,1,2,2,2,4,2,3,1
11147,1,4,5,4,1,11,13,1,8,4,5,1,2,2,1,0,2,3,1,4,2,2,3,2,3,1
11149,1,8,1,4,1,15,13,1,7,4,5,1,2,2,1,0,2,3,1,4,2,2,3,2,5,1
11152,1,7,4,4,1,19,5,1,2,1,5,8,2,3,4,1,5,3,1,4,1,4,3,2,7,1
11153,1,10,5,4,1,13,13,1,7,2,5,1,2,2,1,0,1,1,1,5,1,2,3,2,2,1
11154,1,4,6,4,1,16,13,1,4,4,1,7,2,2,1,0,2,1,1,4,2,2,3,2,2,1
11157,1,4,1,4,1,4,13,3,4,2,6,1,2,2,1,0,1,1,1,8,1,2,6,2,4,1
11158,1,3,1,4,1,22,13,3,4,2,6,1,2,2,1,0,2,1,1,6,3,2,3,2,3,1
11159,1,3,3,4,1,20,13,5,4,2,5,1,2,2,1,0,1,1,1,5,1,2,3,2,3,1
11161,1,4,4,4,1,20,13,3,2,1,5,8,2,3,3,0,1,3,1,4,1,4,3,2,3,1
11162,1,7,7,4,5,18,1,3,2,1,2,1,2,2,1,0,1,3,1,4,1,2,4,2,3,1
11165,0,9,6,4,1,22,13,2,7,4,2,1,2,2,1,0,2,3,1,5,2,2,3,2,3,1
11167,1,6,1,4,5,1,1,3,2,1,2,1,2,2,1,0,2,3,1,5,3,2,4,2,3,1
11171,0,6,2,4,5,19,13,1,10,4,5,1,2,2,1,0,8,1,1,5,1,2,3,2,2,1
11172,1,9,1,4,1,15,4,1,1,4,5,1,2,2,1,0,2,1,1,3,2,2,3,2,2,1
11174,1,8,2,4,5,18,1,1,7,1,5,8,2,3,4,0,1,3,2,3,1,4,3,2,2,1
11175,1,6,4,4,1,16,13,1,7,4,6,8,2,2,1,0,2,3,1,4,2,3,3,2,5,1
11178,1,10,6,4,1,21,13,2,7,4,6,1,2,2,1,0,2,3,1,4,4,2,3,2,2,1
11180,1,4,1,4,5,19,1,1,2,2,6,1,2,2,1,0,1,1,1,5,1,2,3,2,4,1
11182,0,3,1,4,5,6,1,4,8,1,6,8,2,3,4,0,1,3,1,4,1,4,3,2,2,1
11183,1,9,2,4,1,19,7,5,7,2,6,1,2,2,1,0,1,3,1,4,1,2,3,2,3,1
11184,1,12,3,4,1,12,4,1,4,4,6,1,2,2,1,0,2,3,1,2,2,2,3,2,2,1
11188,0,8,7,4,1,24,13,2,7,1,6,1,2,2,1,0,1,3,1,4,1,2,3,2,3,1
11192,0,4,2,4,1,21,13,3,4,4,4,1,2,2,1,0,2,1,1,7,2,2,4,2,3,1
11193,0,3,7,4,1,16,13,1,10,4,4,1,2,2,1,0,2,3,1,3,3,2,3,2,2,1