id,Severity,age_classes,day_week,DEFORMED_classes,m_harm_classes,hour,impact1_classes,lgt_cond,make,man_coll,month,p_crash1,pcrash4,pcrash5,rel_road,reljct1,reljct2,rest_use,sex,speed_classes,typ_int,valign,vnum_lan,vsurcond,vtrafway,weather_classes
11195,0,7,2,4,1,24,13,2,7,3,6,7,2,2,1,0,1,3,1,4,1,2,3,2,2,1
11197,0,11,6,4,1,16,13,1,7,4,6,1,2,2,1,0,2,3,1,4,2,2,3,2,2,1
11201,0,4,3,4,5,7,1,1,10,1,6,8,3,2,1,0,8,1,1,3,1,4,3,2,2,1
11203,1,9,1,4,5,10,13,1,6,2,6,1,2,2,1,0,1,1,1,5,1,2,3,2,3,1
11204,1,4,4,4,1,20,13,1,10,4,6,8,2,2,1,0,2,1,1,4,2,2,3,2,2,1
11205,0,9,5,4,1,21,13,3,7,4,6,1,2,2,1,0,2,3,1,4,2,2,4,3,3,1
11206,1,13,1,4,5,19,13,3,4,1,3,1,2,3,4,0,2,1,1,4,2,2,3,2,2,1
11207,1,4,5,4,1,2,13,3,4,2,4,1,2,2,1,0,1,3,1,7,1,2,3,2,2,1
11208,1,4,4,4,1,11,13,1,10,4,4,1,2,2,1,0,2,1,2,4,2,2,5,2,2,1
11209,0,5,4,4,1,7,13,1,4,4,6,1,2,2,1,0,2,1,1,3,2,2,3,2,2,1
11211,1,7,5,4,1,19,5,1,2,4,6,1,2,5,1,0,1,3,1,4,1,2,4,2,3,1
11212,0,4,1,4,1,3,13,2,10,1,6,8,2,3,4,0,1,1,1,5,1,3,3,2,2,1
11214,0,8,5,3,1,9,13,1,7,2,3,1,2,2,1,0,4,3,1,4,1,2,3,2,3,1
11217,0,10,1,4,1,24,13,3,2,3,4,1,2,2,1,0,3,3,1,3,1,2,3,2,2,1
11218,0,7,4,4,1,20,13,3,8,4,6,1,2,2,1,0,2,1,1,5,3,2,4,2,3,1
11219,1,6,1,2,5,20,1,5,2,1,6,7,3,2,1,0,1,3,1,5,1,2,3,2,2,1
11221,1,4,4,4,1,22,13,3,8,1,5,8,2,3,4,0,1,1,1,5,1,4,4,2,4,1
11224,0,2,3,4,1,3,13,3,2,4,7,1,2,2,1,0,2,3,1,4,2,2,3,2,5,1
11225,1,7,4,4,1,10,22,1,7,5,5,1,2,2,1,0,2,3,1,3,3,2,4,2,3,1
11226,0,7,1,4,1,22,7,3,7,2,7,5,2,2,1,0,3,3,1,2,2,2,5,2,3,1
11229,0,7,1,4,1,24,13,2,8,4,6,1,2,2,1,0,2,3,1,3,3,2,3,2,2,1
11230,0,4,2,4,1,21,13,3,8,4,7,1,2,2,1,1,2,1,1,4,2,2,4,2,3,1
11232,0,2,1,4,1,3,13,3,2,4,7,1,2,2,1,0,2,1,1,6,2,2,4,2,3,1
11234,1,7,5,4,5,23,13,2,7,1,5,1,2,3,3,0,1,3,1,4,1,2,2,2,3,1
11235,1,5,6,4,1,16,13,1,4,1,5,1,2,3,5,0,2,1,1,5,3,2,3,2,2,1
11236,0,7,4,4,1,17,13,1,4,2,6,7,2,2,1,0,1,3,1,4,1,2,4,2,3,1
11237,0,7,1,4,1,7,1,1,2,1,7,8,2,2,1,0,1,1,1,4,1,3,4,3,4,1
11238,0,4,1,4,1,23,13,3,2,4,7,1,2,2,1,1,2,1,1,4,3,2,5,2,3,1
11241,0,7,7,4,1,16,3,1,4,4,7,1,2,2,1,0,2,1,1,4,2,2,3,2,3,1
11243,0,10,1,4,1,15,13,1,7,4,7,1,2,2,1,1,2,1,1,4,2,2,3,2,3,1
11244,1,8,5,4,1,15,13,1,7,3,5,1,2,2,1,0,2,3,1,4,2,2,3,2,2,1
11245,1,6,5,3,5,21,1,3,2,1,7,1,2,2,1,0,1,3,1,4,1,2,3,2,2,1
11246,1,3,2,4,1,14,13,1,2,2,7,7,2,2,1,0,1,3,1,5,1,2,4,2,3,1
11247,1,3,1,4,1,1,13,3,10,2,7,1,2,2,1,0,3,1,1,4,3,2,7,2,5,1
11249,0,4,1,4,1,13,1,1,2,1,7,1,2,2,1,0,8,3,1,3,1,2,3,2,2,1
11250,1,4,5,4,1,10,13,1,4,1,7,1,2,2,1,0,2,1,1,5,2,2,4,2,3,1
11255,1,7,5,3,1,17,11,1,10,4,6,8,2,2,1,0,8,3,1,2,1,2,3,2,2,1
11256,0,8,1,4,5,22,1,2,7,1,7,1,3,2,1,0,1,3,1,4,1,2,3,2,2,1
11259,0,9,2,4,1,11,7,1,7,2,7,1,2,2,1,0,1,3,1,2,1,2,3,2,2,1
11262,0,5,3,4,1,6,13,4,4,4,8,8,2,2,1,0,2,2,1,5,2,4,3,2,3,1
11263,1,4,2,4,1,8,13,1,10,4,8,1,2,2,1,0,2,1,1,4,2,2,4,2,3,1
11265,1,8,1,4,1,15,13,1,2,2,8,1,2,2,1,0,1,3,1,4,1,2,3,2,3,1
11266,1,11,7,4,5,7,3,1,10,1,4,8,2,3,4,0,2,1,1,4,3,4,5,3,2,1
11268,1,8,5,4,1,14,13,1,7,2,7,1,2,2,1,0,1,3,1,4,1,2,3,2,2,1
11269,1,10,6,4,1,10,13,1,7,2,2,7,2,2,1,0,1,3,1,3,1,2,4,2,3,1
11270,1,4,6,4,1,16,13,1,4,4,5,1,2,2,1,0,8,3,1,3,1,2,5,2,2,1
11271,0,4,6,4,5,23,21,3,4,1,7,8,2,3,4,1,5,3,1,5,1,4,6,2,7,1
11274,1,7,1,4,1,16,13,1,7,2,8,7,2,2,1,0,1,3,1,5,1,2,6,3,4,1
11279,1,8,1,4,1,12,13,1,7,4,7,1,2,2,1,0,2,3,1,4,2,2,4,2,3,1
11281,0,7,7,4,1,11,13,1,2,4,7,1,2,2,1,0,1,1,1,4,1,2,4,2,3,1
11282,0,3,6,4,1,10,13,1,10,1,8,1,3,3,4,0,1,1,1,4,1,2,3,2,2,1
11283,1,8,5,3,1,8,7,1,10,2,8,1,2,2,1,0,2,1,2,2,3,2,3,2,2,1
11285,0,11,3,4,1,8,13,1,8,2,8,1,2,2,1,1,12,3,1,5,1,2,6,2,4,1
11286,1,5,6,4,1,20,1,3,7,1,8,8,2,3,3,0,1,1,1,5,1,3,3,2,3,1
11287,1,3,1,4,1,13,13,1,8,4,8,1,2,2,1,0,2,1,1,4,3,2,3,2,3,1
11288,1,8,5,4,1,12,13,1,10,4,8,1,2,2,1,0,8,3,1,4,1,2,3,2,3,1
11289,1,8,6,4,5,20,1,2,7,1,8,1,2,2,1,0,1,1,1,5,1,2,3,2,2,1
11290,0,5,2,4,1,20,13,2,4,4,9,1,2,2,1,1,3,1,1,5,3,2,3,2,3,1
11293,0,4,3,4,5,4,13,3,8,2,8,1,2,2,1,0,1,1,1,6,1,2,4,2,4,1
11296,1,4,6,4,1,17,13,1,10,4,5,1,2,2,1,0,2,3,1,4,3,2,5,2,5,1
11297,0,2,5,4,1,24,13,6,4,4,8,1,2,2,1,0,2,1,1,3,2,2,3,2,5,1
11302,1,9,7,4,1,10,7,1,7,2,9,2,2,2,1,0,1,1,1,3,1,2,3,2,3,1
11305,0,10,4,4,1,9,2,1,7,4,9,1,2,2,1,1,2,3,2,4,2,2,3,2,2,1
11308,1,6,5,4,5,21,1,2,2,1,9,8,2,3,3,0,1,3,1,5,1,3,3,2,3,1
11309,1,9,6,4,2,15,13,1,7,1,9,1,2,2,1,0,1,3,1,5,1,2,3,2,4,1
11310,1,5,7,4,5,20,11,2,7,1,9,1,2,3,3,0,2,3,1,3,6,2,3,2,4,1
11311,1,8,1,4,5,13,13,1,7,3,9,8,2,2,1,0,1,2,1,2,1,4,3,2,2,1
11312,0,5,7,4,1,17,13,1,8,2,7,1,2,2,1,0,1,1,1,7,1,2,5,2,3,1
11314,0,3,7,4,1,24,13,3,10,4,9,1,2,2,1,0,1,1,1,4,1,2,3,2,4,1
11317,0,3,7,4,1,24,13,2,4,4,9,8,2,2,1,0,2,1,1,5,2,4,3,2,3,1
11319,1,3,4,4,1,23,13,3,10,2,9,1,2,2,1,0,1,1,1,6,1,2,4,2,4,1
11321,1,8,6,4,1,20,13,3,7,4,9,1,2,2,1,0,2,3,1,4,2,2,3,2,3,1
11323,1,5,4,4,5,14,10,1,4,5,9,7,2,2,1,0,1,3,1,5,1,2,3,2,2,1
11324,1,5,4,4,5,14,4,1,2,5,9,1,2,2,1,0,1,3,1,5,1,2,3,2,2,1
11325,0,4,5,4,1,24,13,2,2,4,9,1,2,2,1,0,2,3,1,6,3,2,4,2,3,1
11327,1,8,1,4,1,9,11,1,2,4,7,1,2,2,1,0,2,3,1,3,2,2,3,2,5,1
11328,1,7,1,4,1,16,2,1,10,4,9,1,2,2,1,0,2,1,1,4,2,2,5,2,3,1
11330,1,9,1,3,1,9,11,1,4,4,9,1,2,2,1,1,2,3,1,4,2,2,3,2,5,1
11331,0,6,3,4,1,7,13,1,2,1,9,1,2,2,1,0,1,1,1,4,1,2,3,2,2,1
11333,1,4,7,4,1,20,13,3,4,4,7,1,2,2,1,0,2,1,1,3,2,2,3,2,2,1
11334,0,6,3,4,5,20,1,3,7,1,9,1,2,2,1,0,1,1,1,4,1,2,3,2,3,1
11337,1,9,3,4,5,11,1,1,10,1,10,1,2,3,3,0,1,1,1,5,1,2,3,2,3,1
11339,0,3,1,4,1,4,13,2,4,2,10,1,2,2,1,0,1,3,1,6,1,2,5,2,2,1
11342,0,11,2,4,1,8,13,1,2,4,9,1,2,2,1,0,2,1,1,4,3,2,3,2,3,1
11343,0,10,3,4,1,18,13,5,10,4,10,1,2,2,1,0,2,3,1,4,2,2,3,2,3,1
11347,1,3,7,4,1,2,13,2,7,4,4,1,2,2,1,0,2,3,1,5,2,2,3,2,3,1
11349,1,3,3,4,1,17,10,1,7,4,10,8,2,2,1,0,8,1,1,2,1,2,3,2,2,1
11351,0,8,6,4,1,16,13,1,4,3,9,8,2,2,1,0,1,3,2,3,1,3,3,2,2,1
11358,1,5,7,4,1,2,13,3,2,1,7,8,2,3,4,0,1,3,1,4,1,3,3,2,2,1
11361,0,2,2,4,1,22,13,3,8,4,10,1,2,2,1,0,2,1,1,7,2,2,6,2,5,1
11362,1,9,2,4,1,14,13,1,7,4,10,7,2,2,1,0,2,3,1,4,3,2,3,2,2,1
11365,1,5,1,4,1,24,13,3,10,4,10,1,2,2,1,0,2,1,1,4,2,2,4,2,3,1
11369,0,2,1,4,1,24,4,2,2,1,10,1,2,3,4,0,3,1,1,3,3,2,3,2,2,1
11371,1,10,1,4,1,17,13,1,7,4,10,1,2,2,1,0,2,1,1,4,3,2,3,2,2,1
11372,1,5,3,4,1,7,13,4,4,4,10,1,2,2,1,0,2,1,1,4,2,2,3,2,2,1
11373,1,5,6,4,1,24,13,2,7,4,10,1,2,2,1,0,8,1,1,3,1,2,7,2,5,1
11374,1,3,7,4,1,2,13,6,2,1,3,8,2,3,4,0,1,1,1,5,1,3,3,2,2,1
11375,0,8,1,4,1,19,13,3,7,4,10,8,2,2,1,0,2,3,1,2,2,2,3,2,3,1
11377,0,5,1,4,1,20,13,3,8,4,10,1,2,2,1,0,2,1,1,5,3,2,4,2,3,1
11378,1,5,3,4,1,21,13,3,10,2,10,1,2,2,1,0,1,1,1,5,1,2,7,3,3,1
11381,0,3,1,4,1,4,13,2,4,1,9,1,2,3,4,0,1,3,1,6,1,2,3,3,5,1
11382,1,6,7,4,1,18,13,5,7,4,10,1,2,2,1,0,2,1,1,4,4,2,3,2,2,1
11383,1,10,4,4,5,16,22,1,8,6,10,1,2,2,1,0,8,3,1,4,1,2,3,2,2,1
11384,0,6,6,4,1,24,13,2,4,1,11,1,2,2,1,0,1,3,1,6,1,2,3,2,2,1
11386,1,8,6,3,5,22,1,2,3,1,10,7,2,2,1,0,1,1,1,3,1,2,3,3,5,1
11388,1,9,7,4,1,13,13,1,7,4,11,1,2,2,1,0,2,1,1,4,3,2,4,2,3,1
11389,1,8,7,4,1,24,4,3,2,4,11,8,2,2,1,0,2,3,1,3,2,2,3,2,3,1
11391,1,9,6,4,1,19,13,3,7,4,10,1,2,2,1,0,2,1,1,4,2,2,5,2,5,1
11393,1,8,6,4,1,14,13,1,3,4,10,1,2,2,1,0,2,3,1,3,2,2,3,2,2,1
11396,1,3,2,4,1,17,23,1,8,4,11,1,2,2,1,0,8,2,1,4,1,2,5,2,4,1
11398,1,7,1,4,5,16,1,1,7,1,8,1,2,2,1,0,3,3,2,4,2,2,3,2,3,1
11399,0,7,6,4,1,22,13,2,10,3,12,1,2,2,1,0,1,1,1,4,1,2,3,2,4,1
11401,1,7,7,2,1,18,21,3,7,5,11,1,2,2,1,0,1,1,1,3,1,2,3,2,3,1
11404,1,5,5,4,1,20,13,3,2,4,8,1,2,2,1,0,2,3,1,3,2,2,5,3,5,1
11405,0,8,5,4,5,20,1,3,7,1,11,8,2,3,4,0,1,1,1,4,1,3,3,2,2,1
11406,0,6,7,4,5,3,1,3,4,1,11,8,2,2,1,1,5,1,1,6,1,4,3,2,7,1
11407,0,8,1,4,1,17,13,2,7,4,11,7,2,2,1,0,2,3,1,2,3,2,3,2,2,1
11409,1,8,2,4,1,14,13,1,2,3,11,1,2,2,1,0,2,1,1,3,3,2,3,2,2,1
11410,0,12,7,4,1,12,13,1,7,4,11,1,3,2,1,0,2,3,1,4,2,2,3,2,3,1
11412,1,10,5,4,1,15,13,1,7,2,11,1,2,2,1,0,2,1,1,4,3,2,3,2,2,1
11413,1,3,1,4,1,21,13,3,2,4,11,1,2,2,1,0,2,1,1,7,2,2,4,2,3,1
11414,1,6,4,4,1,21,13,3,4,4,4,1,2,2,1,0,2,1,1,4,3,2,4,2,3,1
11415,0,3,3,4,1,14,13,1,8,4,7,1,2,2,1,0,2,1,1,7,3,2,3,2,4,1
11424,0,11,1,4,1,15,13,1,7,4,11,1,2,2,1,0,1,1,1,4,1,2,3,2,2,1
11429,0,3,4,4,5,16,1,1,4,1,11,1,2,2,1,0,2,3,1,4,3,2,5,2,5,1
11433,1,8,7,3,1,17,13,1,10,2,10,1,2,2,1,0,1,3,1,5,1,2,4,2,3,1
11434,0,4,7,4,1,18,13,3,8,4,11,1,2,2,1,0,2,1,1,4,2,2,5,2,3,1
11436,0,5,4,4,5,5,13,2,7,1,12,1,2,2,1,0,1,3,1,5,1,2,3,2,2,1
11437,1,3,4,4,1,20,13,3,8,4,8,1,2,2,1,0,2,1,1,5,2,2,3,2,2,1
11438,0,3,6,4,1,19,13,3,8,4,10,1,2,2,1,0,2,1,1,3,2,2,3,3,4,1
11439,0,6,1,4,1,24,7,3,4,2,12,5,2,2,1,0,2,1,1,2,2,2,4,2,3,1
11440,1,5,4,4,1,18,13,2,8,2,12,7,2,2,1,0,1,3,1,6,1,2,3,2,4,1
11442,1,7,7,4,5,1,13,3,7,1,12,8,2,3,4,0,3,3,1,4,3,4,3,2,3,1
11444,1,9,5,4,1,24,13,3,7,4,11,1,2,2,1,1,5,3,1,4,1,2,2,2,7,1
11445,1,6,7,4,1,23,13,3,4,4,12,1,2,2,1,0,2,1,1,5,3,2,7,2,5,1
11446,1,13,2,4,1,14,13,1,7,4,12,8,2,2,1,0,8,1,1,2,1,2,3,2,3,1
11447,0,4,3,4,1,23,13,3,2,2,12,1,2,2,1,0,3,1,1,5,4,2,3,2,4,1
11448,1,4,3,3,1,23,7,3,4,2,12,2,2,2,1,0,3,1,1,4,4,2,3,2,4,1
11449,1,7,4,4,1,16,7,1,10,7,12,7,2,2,1,0,2,1,1,3,2,2,3,2,2,1
11451,1,8,2,4,1,13,13,1,1,4,12,1,2,2,1,0,2,1,1,4,3,2,3,2,3,1
11453,0,4,6,4,5,3,13,2,10,2,12,1,2,2,1,0,1,1,1,5,1,2,4,2,4,1
11455,1,10,6,4,1,15,13,1,10,3,12,8,2,2,1,0,2,1,1,3,2,2,3,2,3,1
11456,1,7,6,4,5,19,1,2,7,1,12,1,2,2,1,0,1,3,1,4,1,2,3,2,2,1
11458,0,6,4,4,1,17,13,1,4,4,10,1,2,2,1,0,2,3,1,5,2,2,4,2,3,1
11460,1,5,6,4,5,23,13,2,7,2,12,1,2,2,1,0,1,3,1,3,1,2,3,2,2,1
11461,1,4,6,4,5,23,7,2,7,2,12,5,2,2,1,0,1,1,1,2,1,2,3,2,2,1
11464,0,10,1,4,4,14,13,1,7,1,11,8,2,3,3,0,1,3,1,4,1,3,3,2,3,1
11465,1,6,7,4,1,12,13,1,2,2,12,1,2,2,1,0,1,1,1,7,1,2,6,2,4,1
11467,1,8,1,4,1,19,13,3,2,2,12,1,2,2,1,0,3,3,1,4,2,2,4,2,3,1
11468,1,3,5,4,1,11,13,1,2,4,12,1,2,2,1,0,2,1,1,4,2,2,5,2,5,1
11471,0,4,6,4,5,2,13,2,2,1,11,7,2,3,4,0,1,3,1,4,1,2,2,2,6,1
11473,1,5,5,4,1,21,13,3,4,4,11,1,2,2,1,0,2,1,1,5,2,2,4,2,3,1
11474,1,8,1,4,5,16,10,1,7,4,8,1,2,2,1,0,2,3,1,3,2,2,3,2,5,1
11478,0,6,1,4,1,20,13,3,7,2,10,1,2,3,2,0,1,3,1,5,1,2,4,2,4,1
11479,1,4,1,4,1,20,10,3,4,2,10,1,2,2,2,0,1,1,1,5,1,2,4,2,4,1
11480,1,7,7,4,1,17,13,3,7,4,12,1,2,2,1,0,2,3,1,4,3,2,5,2,5,1
11481,1,6,7,4,1,17,13,3,7,4,12,1,2,2,1,0,2,3,2,4,3,2,5,2,5,1
11484,1,4,7,4,1,12,13,1,4,4,10,1,2,2,1,0,8,3,1,4,1,2,4,2,3,1
11485,1,7,4,4,1,6,13,4,2,3,12,1,2,2,1,0,2,3,1,4,2,2,5,2,2,1
11534,0,5,1,4,1,22,7,2,8,2,5,5,2,2,1,1,12,1,1,2,1,2,3,3,3,1
11538,1,3,2,4,1,21,7,3,10,2,5,5,2,2,1,0,1,1,1,2,1,2,5,2,2,1
11554,1,10,4,4,1,14,13,1,2,1,7,1,2,2,1,0,1,1,1,4,1,2,3,2,2,1
11575,1,3,1,4,1,1,13,2,2,4,8,1,2,2,1,0,2,1,1,6,2,2,3,2,4,1
11611,1,9,6,4,1,15,7,1,8,2,11,5,2,2,1,1,8,1,1,2,1,2,3,2,2,1
11645,0,7,5,4,1,21,13,3,7,4,3,1,2,2,1,1,5,3,1,4,1,2,6,3,6,1
11661,1,4,1,4,1,14,7,1,4,2,10,1,2,2,1,0,1,2,1,3,1,2,6,2,4,1
11668,0,3,7,2,4,1,1,3,7,1,5,8,2,2,1,1,2,3,1,4,2,2,5,2,3,1
11683,1,6,1,4,5,16,13,1,7,2,11,1,2,2,1,0,1,3,1,5,1,2,5,2,5,1
11692,0,10,2,4,1,16,13,1,7,4,3,1,3,2,1,0,2,3,1,4,3,2,3,2,2,1
11714,1,10,7,4,5,9,1,1,2,1,5,8,2,3,4,0,1,3,1,4,1,4,3,2,2,1
11715,0,6,7,4,1,16,13,1,2,4,5,1,2,2,1,0,2,3,1,3,3,2,5,3,2,1
11726,1,9,2,4,1,23,13,2,7,1,6,1,3,2,1,0,1,3,1,6,1,2,3,2,2,1
11731,1,3,5,4,1,12,13,1,10,4,6,1,2,2,1,0,2,3,1,6,2,2,3,2,2,1
11734,0,8,7,4,1,22,10,3,7,4,7,1,2,2,1,0,2,3,1,3,2,2,5,2,3,1
11737,1,5,1,4,1,18,13,1,8,4,6,1,2,2,1,0,2,3,1,4,3,2,4,2,2,1
11739,1,4,1,4,1,3,13,3,4,1,7,1,3,3,4,0,1,3,1,7,1,2,5,2,2,1
11745,1,10,6,4,1,14,13,1,7,4,7,1,2,2,1,0,8,3,1,4,1,2,5,2,2,1
11746,1,8,3,4,1,16,13,1,7,4,7,8,2,2,1,0,8,2,1,4,1,2,5,2,2,1
11748,1,4,7,4,1,12,13,1,2,4,7,1,2,2,1,0,2,2,1,3,2,2,3,2,2,1
11750,1,10,1,4,1,15,13,1,2,3,7,1,2,2,1,0,1,1,1,4,1,2,5,2,3,1
11757,0,5,5,4,5,1,7,2,7,2,7,1,2,2,1,0,1,3,1,4,1,2,3,2,3,1
11758,0,3,5,4,5,1,13,2,2,2,7,1,2,2,1,0,1,3,1,2,1,2,3,2,3,1
11760,0,4,1,4,1,19,10,1,4,4,7,1,3,2,1,0,8,2,1,7,1,2,5,2,2,1
11762,0,6,1,4,1,1,7,3,7,2,8,5,2,2,1,0,3,3,1,2,2,2,5,2,2,1
11766,1,7,7,4,5,14,1,1,7,1,8,8,3,2,1,0,1,3,1,4,1,3,3,3,2,1
11772,1,8,6,4,1,16,13,1,10,4,6,1,2,2,1,0,2,1,1,4,2,2,5,2,2,1
11773,1,4,3,4,1,16,13,1,2,4,6,1,3,2,1,0,2,2,1,3,3,2,3,2,2,1
11776,1,10,5,4,1,11,13,1,8,4,9,1,2,2,1,0,2,3,1,4,2,2,5,2,4,1
11782,0,7,2,4,1,11,13,1,2,3,9,1,2,2,1,0,2,3,1,4,2,2,5,2,3,1
11788,1,7,1,4,1,20,13,5,8,3,7,1,2,2,1,0,2,3,1,3,2,2,5,2,2,1
11790,1,6,7,4,1,19,13,1,7,4,7,7,2,2,1,0,2,3,2,3,2,2,5,2,3,1
11796,1,4,7,4,1,23,13,3,7,4,8,1,2,2,1,0,2,3,1,4,2,2,3,2,2,1
11804,1,5,7,4,1,14,13,1,2,3,7,7,2,2,1,0,1,3,1,4,1,3,3,2,2,1
11824,1,10,2,4,1,11,13,1,2,4,8,1,2,2,1,0,2,1,1,3,2,2,3,2,2,1
11829,1,4,3,4,1,21,13,2,4,4,9,1,2,2,1,0,2,3,1,4,2,2,5,2,4,1
11848,0,7,7,4,1,20,13,2,2,4,10,1,2,2,1,0,2,3,1,4,2,2,5,2,3,1
11851,0,8,4,4,1,23,18,3,4,5,8,1,2,2,1,0,1,3,1,6,1,2,5,2,2,1
11854,1,7,1,3,5,14,1,1,11,1,12,1,2,2,1,0,1,1,1,3,1,2,3,2,2,1
12015,1,9,4,4,1,15,2,1,7,4,2,1,2,2,1,0,2,3,1,3,2,2,3,2,2,1
12017,1,4,2,4,5,18,1,1,8,1,5,8,2,3,4,0,1,3,1,6,1,3,3,2,2,1
12024,0,8,4,4,1,19,13,1,2,4,6,8,2,2,1,0,2,3,1,3,3,5,3,2,2,1
12028,1,3,3,4,1,15,13,1,4,4,7,1,2,2,1,0,2,3,1,6,3,2,3,2,2,1
12030,0,3,7,4,5,22,1,2,2,1,7,8,2,3,4,0,1,3,1,5,1,4,3,2,2,1
12033,0,7,6,4,1,15,13,1,8,4,8,7,2,2,1,0,4,3,1,2,1,2,3,2,2,1
12038,1,3,5,4,5,23,13,3,10,1,9,8,2,3,4,0,1,3,1,7,1,4,3,2,2,1
12040,1,9,7,4,1,11,13,1,7,2,9,1,2,2,1,0,8,3,1,4,1,2,3,2,2,1
12054,0,8,2,4,1,15,13,1,7,1,2,1,3,3,4,0,1,3,1,7,1,2,3,2,2,1
12055,0,9,6,2,4,14,13,1,10,1,3,8,3,3,4,0,1,1,1,4,1,5,3,2,2,1
12057,0,6,7,4,4,16,13,1,7,1,4,8,2,3,4,0,1,3,1,5,1,4,3,2,2,1
12063,1,9,1,4,1,8,13,1,7,3,5,1,2,2,1,0,2,3,1,5,3,2,3,2,2,1
12067,1,7,2,2,1,18,13,1,10,1,5,8,2,3,4,0,1,3,1,3,1,4,3,2,2,1
12068,1,12,7,2,5,18,1,1,2,1,5,8,3,2,1,0,5,1,1,2,1,2,2,2,7,1
12082,1,8,3,2,4,14,13,1,2,1,7,1,2,3,4,0,1,3,1,4,1,2,3,2,2,1
12088,1,10,7,3,1,18,13,1,7,1,7,8,3,2,3,0,1,3,1,4,1,3,4,2,4,1
12094,0,7,7,2,1,2,21,3,4,1,7,8,2,3,4,0,1,3,1,3,1,4,3,2,2,1
12105,0,5,4,4,1,11,13,1,4,4,8,1,3,2,1,0,2,3,1,3,2,2,5,2,2,1
12107,1,6,6,4,1,19,13,1,2,2,7,1,3,2,1,0,3,3,1,4,2,2,3,2,3,1
12108,0,8,6,4,5,23,1,2,7,1,9,8,3,3,2,0,1,3,1,4,1,4,3,2,2,1
12120,1,5,3,4,1,14,13,1,7,1,10,8,3,3,5,0,1,1,1,5,1,4,3,2,2,1
12126,1,3,3,2,1,19,13,2,4,4,10,1,3,2,1,0,2,1,1,4,3,2,3,2,3,1
12129,1,5,5,3,1,5,13,2,4,4,1,1,3,2,1,0,2,1,1,5,3,2,3,2,3,1
12133,1,3,5,4,5,6,15,1,4,1,3,8,2,3,4,0,1,1,1,5,1,3,3,2,6,1
12138,0,4,3,4,1,19,13,1,2,4,4,1,2,2,1,0,2,3,1,4,3,2,3,2,2,1
12139,1,7,4,3,4,8,13,1,7,1,4,8,2,3,4,0,1,1,1,4,1,3,3,2,2,1
12143,0,3,1,3,1,10,13,1,8,3,4,8,2,2,1,0,1,1,2,4,1,3,3,2,2,1
12144,0,8,7,4,1,17,13,1,8,3,4,8,2,2,1,0,1,1,1,4,1,3,3,2,2,1
12145,0,4,7,4,4,17,13,1,8,3,4,8,3,3,1,0,1,1,1,4,1,3,3,2,2,1
12147,0,6,7,3,1,10,12,1,7,4,4,1,2,2,1,0,2,2,1,4,2,2,3,2,3,1
12153,1,7,1,4,1,20,13,2,7,4,5,1,2,2,1,0,8,2,1,4,1,2,3,2,2,1
12154,0,8,7,3,5,21,1,2,2,1,5,8,3,3,4,0,1,1,1,4,1,3,3,2,2,1
12155,1,8,7,2,5,21,1,2,7,1,5,8,3,3,4,0,1,1,1,4,1,3,3,2,2,1
12156,0,4,6,4,1,7,13,1,8,4,5,1,2,2,1,0,2,1,1,4,2,2,3,2,2,1
12157,0,7,2,3,1,12,7,1,7,7,5,1,3,2,1,0,2,1,1,4,2,2,3,2,2,1
12158,0,8,4,2,5,22,1,2,7,1,5,8,2,3,4,1,5,2,1,3,1,4,3,2,7,1
12160,0,9,7,3,5,22,1,2,4,1,4,8,2,3,8,1,5,1,1,5,1,3,2,2,7,1
12164,0,12,1,3,5,10,1,1,10,1,5,8,2,3,4,0,1,1,1,4,1,4,3,2,2,1
12165,0,7,2,4,1,8,7,1,2,2,5,1,2,2,1,0,1,2,1,3,1,2,3,2,2,1
12166,1,7,3,2,5,20,15,3,7,1,5,1,3,3,3,0,3,1,1,3,2,2,2,2,3,1
12168,0,4,5,4,1,21,13,2,2,3,6,7,2,2,1,0,1,1,1,5,1,2,3,2,2,1
12170,0,9,6,3,1,7,13,1,2,4,6,8,2,2,1,0,2,1,1,5,3,4,3,2,3,1
12176,0,7,5,3,1,22,13,3,3,4,8,2,3,2,1,0,2,1,1,4,3,2,3,2,2,1
12182,1,4,6,4,1,12,13,1,4,4,8,1,2,2,1,0,8,1,1,5,1,2,3,2,3,1
12183,1,10,3,4,1,22,13,3,7,4,8,1,2,2,1,0,2,1,1,4,2,2,5,2,5,1
12187,0,10,7,3,4,12,13,1,8,1,10,8,2,3,4,0,1,3,1,4,1,4,3,2,2,1
12188,0,5,1,4,1,19,13,2,2,4,10,1,2,2,1,0,7,1,1,4,1,2,3,2,3,1