id,Severity,age_classes,day_week,DEFORMED_classes,m_harm_classes,hour,impact1_classes,lgt_cond,make,man_coll,month,p_crash1,pcrash4,pcrash5,rel_road,reljct1,reljct2,rest_use,sex,speed_classes,typ_int,valign,vnum_lan,vsurcond,vtrafway,weather_classes
12189,0,5,4,2,1,17,13,1,2,4,10,1,2,2,1,0,2,1,1,5,3,2,3,2,3,1
12193,1,9,2,2,1,17,13,3,2,4,11,1,2,2,1,0,2,1,1,3,2,2,5,2,2,1
12196,0,7,3,4,5,18,13,2,4,1,12,8,2,3,4,0,1,1,1,7,1,3,3,2,2,1
12197,0,8,6,3,1,16,18,1,7,5,7,6,2,6,1,1,5,1,2,4,1,2,2,2,7,1
12200,1,4,3,4,1,18,13,3,4,4,12,1,2,2,1,0,2,1,1,4,3,2,3,2,3,1
12205,1,10,7,4,1,13,13,1,2,4,5,1,2,2,1,0,8,1,1,4,1,2,3,2,2,1
12243,1,4,2,4,1,20,13,3,4,2,4,1,2,2,1,0,1,1,1,7,1,2,3,2,4,1
12300,0,7,6,4,1,19,13,3,7,1,11,1,2,2,1,0,1,1,1,3,1,2,3,2,3,1
12304,1,6,2,4,1,18,7,2,7,2,11,5,2,2,1,0,3,2,1,2,3,2,3,2,2,1
12320,1,7,1,4,1,19,13,1,2,4,7,1,3,2,1,0,8,1,1,3,1,2,5,2,2,1
12328,0,7,1,4,1,20,13,2,2,1,9,1,2,2,1,0,1,1,1,6,1,2,3,2,3,1
12343,0,6,2,4,2,18,15,1,10,1,8,7,2,3,3,0,1,2,1,4,1,2,3,2,4,1
12347,1,8,4,4,1,23,13,2,10,1,6,8,2,3,5,0,8,1,1,6,1,3,3,3,2,4
12348,1,10,3,4,1,13,13,1,7,4,6,1,2,2,1,0,2,1,1,6,3,2,3,2,2,1
12350,0,7,1,4,1,21,13,3,7,2,4,1,2,2,1,0,1,1,1,6,1,2,5,2,5,1
12353,1,5,7,4,1,12,13,1,4,2,4,1,2,2,1,0,1,2,1,6,1,2,3,2,2,1
12355,1,4,7,4,1,15,13,1,7,4,5,1,2,2,1,0,8,1,1,6,1,2,5,2,5,1
12356,0,9,6,4,1,14,1,1,2,1,5,8,2,3,4,0,1,2,1,6,1,4,3,2,2,1
12357,0,5,5,4,1,19,13,1,4,3,5,8,2,2,1,0,1,2,1,6,1,3,3,2,2,1
12358,0,3,3,4,1,4,13,2,10,2,5,1,2,2,1,0,1,2,1,6,1,2,3,2,3,1
12359,1,4,6,4,1,2,13,2,4,2,5,8,2,2,1,0,3,2,1,6,1,2,3,2,2,1
12360,0,4,6,4,1,2,7,2,4,2,5,8,2,2,1,0,3,2,1,6,1,2,3,2,2,1
12362,1,7,6,4,1,23,13,3,7,3,5,1,2,2,1,0,8,2,1,6,1,2,5,2,5,1
12363,1,8,1,3,1,13,4,1,7,5,5,1,2,2,1,1,12,2,1,6,1,2,6,2,4,1
12364,1,3,2,4,1,12,13,1,3,4,5,1,2,2,1,0,8,2,1,6,1,2,5,2,5,1
12365,0,5,7,4,1,16,13,1,4,4,5,1,2,2,1,0,2,2,1,6,2,2,5,2,5,1
12366,0,9,6,4,1,13,13,1,4,4,5,1,2,2,1,0,2,2,1,6,2,2,3,2,2,1
12367,0,8,7,4,1,14,1,1,7,1,5,8,2,2,1,0,2,2,1,6,2,4,5,2,5,1
12368,0,3,2,4,5,24,1,2,7,1,6,1,2,3,4,0,1,2,1,6,1,3,3,2,2,1
12372,0,9,7,4,4,21,4,2,7,1,6,1,2,3,4,0,1,2,1,6,1,2,3,2,2,1
12373,0,7,1,4,5,19,1,1,10,1,6,1,2,3,3,0,1,2,1,6,1,2,3,2,3,1
12374,0,4,2,4,1,21,13,5,4,4,6,1,2,2,1,0,2,2,1,6,2,2,3,2,2,1
12375,0,12,3,4,1,17,10,1,7,4,6,8,2,2,1,0,2,2,1,6,2,2,3,2,2,1
12376,1,8,4,4,5,16,1,1,7,1,6,8,2,3,8,1,5,2,1,6,1,3,2,2,7,1
12377,0,4,5,4,1,23,13,3,2,2,6,1,2,2,1,0,1,2,2,6,1,2,5,2,5,1
12378,0,8,7,4,1,18,13,1,2,2,6,1,2,2,1,0,8,2,1,6,1,2,3,2,2,1
12379,0,4,1,4,1,17,13,1,10,3,6,1,2,2,1,0,8,2,1,6,1,2,3,2,2,1
12381,1,7,3,4,1,21,13,2,11,3,6,1,2,2,1,0,1,2,1,6,1,2,3,2,2,1
12382,1,8,1,4,5,18,1,1,7,4,6,1,2,2,1,0,1,2,1,6,1,2,3,2,2,1
12383,0,7,3,4,1,21,13,1,7,1,6,1,2,2,1,0,1,2,1,6,1,2,3,2,2,1
12384,1,10,3,2,3,11,13,1,10,1,6,4,2,3,4,0,3,2,1,6,2,2,3,2,2,1
12385,1,9,4,4,1,24,13,2,7,1,6,1,2,2,1,0,1,2,1,6,1,2,3,2,2,1
12386,1,9,4,4,5,18,1,1,7,1,6,1,2,3,4,0,1,2,1,6,1,2,3,2,2,1
12387,0,7,3,4,1,18,13,1,7,4,6,1,2,2,1,0,8,2,1,6,1,2,3,2,2,1
12389,1,8,3,2,4,9,2,1,8,1,7,1,2,3,4,0,1,2,1,6,1,2,3,2,2,1
12390,0,7,3,4,2,6,13,2,2,1,7,1,2,2,1,0,1,2,1,6,1,2,3,2,2,1
12391,1,8,2,4,1,15,13,1,2,4,7,1,2,2,1,0,2,2,2,6,2,2,5,2,2,1
12395,1,10,7,3,3,13,13,1,7,1,7,1,2,3,4,0,1,2,1,6,1,2,3,2,2,1
12400,0,8,6,4,1,14,13,1,7,4,7,1,2,2,1,0,2,2,1,6,4,2,5,2,5,1
12402,1,7,1,4,1,13,13,1,4,2,7,1,2,2,1,0,3,2,1,6,1,2,3,2,2,1
12403,0,9,1,4,1,14,13,1,8,4,7,8,2,2,1,0,1,2,1,6,1,4,3,2,2,1
12405,0,7,1,4,1,17,18,1,7,4,8,1,2,2,1,0,8,2,2,6,1,2,3,2,2,1
12406,1,9,6,2,1,10,13,1,7,2,8,1,2,2,1,1,12,2,1,6,1,2,4,2,4,1
12409,1,11,2,4,5,13,1,1,7,1,8,1,2,2,1,0,8,2,1,6,1,2,3,2,2,1
12413,0,8,7,2,2,18,1,1,7,1,8,1,2,2,1,0,1,2,1,6,1,2,3,3,2,1
12416,1,7,4,4,1,13,1,1,7,1,5,1,2,2,1,0,2,2,1,6,2,2,5,2,5,1
12417,1,9,5,4,5,21,1,1,7,1,7,8,2,3,4,0,1,2,1,6,1,4,3,2,2,1
12418,0,7,1,4,1,20,13,1,2,3,8,1,2,2,1,0,2,2,1,6,3,2,3,2,2,1
12419,1,8,3,4,1,17,13,1,2,3,8,1,2,2,1,0,8,2,1,6,1,2,3,2,2,1
12420,1,7,6,3,5,17,1,1,7,1,8,1,2,3,4,0,1,2,1,6,1,2,3,2,2,1
12421,0,7,7,4,1,3,2,2,4,1,8,8,2,3,4,0,1,2,1,6,1,4,3,2,2,1
12424,0,3,5,4,1,18,13,1,2,4,8,1,2,2,1,0,8,2,1,6,1,2,3,2,2,1
12426,1,8,7,4,1,22,12,2,2,6,8,8,2,2,1,0,1,2,1,6,1,3,3,2,2,1
12428,1,5,1,4,5,3,12,2,2,1,8,8,2,3,4,0,1,2,1,6,1,4,3,2,2,1
12431,0,8,1,4,1,19,13,1,7,3,8,1,2,2,1,0,8,2,1,6,1,2,3,2,2,1
12435,0,10,1,4,1,12,13,1,7,2,8,1,2,2,1,0,3,2,1,6,3,2,3,2,2,1
12437,0,8,7,4,5,13,1,1,7,1,9,8,2,2,1,1,12,1,1,6,1,3,4,3,3,1
12438,0,9,1,4,1,9,4,1,10,4,9,8,2,2,1,0,2,2,1,6,2,4,5,2,2,1
12439,1,1,7,4,1,17,13,1,8,4,9,7,2,2,1,0,8,2,1,6,1,2,3,2,2,1
12440,1,9,7,4,1,14,13,1,7,2,9,1,2,2,1,0,1,2,1,6,1,2,3,2,2,1
12441,1,11,1,4,1,12,7,1,7,2,9,1,2,2,1,0,1,2,1,6,1,2,5,2,3,1
12443,0,9,3,4,1,7,10,4,7,6,9,8,2,2,1,0,1,2,1,6,1,3,3,2,2,1
12444,1,9,4,4,1,22,13,2,4,3,6,1,2,2,1,0,8,2,1,6,1,2,5,2,2,1
12445,0,7,2,4,1,16,13,1,7,2,7,1,2,2,1,0,1,2,1,6,1,2,4,2,2,1
12447,0,8,3,4,4,20,13,2,3,1,9,1,2,3,4,0,1,2,1,6,1,2,3,2,2,1
12452,1,3,3,4,1,22,13,2,4,4,8,1,2,2,1,0,2,2,1,6,3,2,7,2,5,1
12459,0,9,2,4,1,19,13,2,2,1,10,1,2,2,1,0,1,2,1,6,1,2,3,2,2,1
12460,0,7,7,4,5,13,1,1,8,1,10,8,2,3,4,0,1,2,1,6,1,4,3,2,2,1
12465,0,8,7,4,1,16,10,1,2,1,11,8,2,3,6,0,1,2,1,6,1,4,3,2,2,1
12475,1,5,4,3,1,16,13,1,2,2,5,1,2,2,1,0,1,3,1,5,1,2,4,2,4,1
12478,0,4,1,3,5,18,1,1,2,1,6,1,3,2,1,0,1,3,2,4,1,2,3,2,2,1
12482,1,10,1,3,3,12,6,1,10,5,6,1,2,2,1,0,1,3,1,2,1,2,3,2,3,1
12489,1,5,6,3,1,10,12,1,10,1,7,1,2,2,1,0,1,3,2,4,1,2,3,2,2,1
12494,0,10,5,3,1,13,13,1,4,2,7,5,2,2,1,0,8,3,1,2,1,2,3,2,2,1
12496,0,7,2,3,1,12,2,1,7,1,8,1,2,2,1,0,1,3,1,4,1,2,3,2,2,1
12499,1,10,2,4,1,17,13,1,7,3,8,8,2,2,1,0,1,3,2,5,1,3,3,2,2,1
12502,1,3,5,4,4,6,13,1,10,1,8,8,3,3,4,0,1,2,1,4,1,3,3,2,2,1
12505,0,7,6,4,1,14,13,1,10,2,9,1,2,2,1,0,3,2,1,4,2,2,3,2,3,1
12507,1,10,7,3,4,15,13,1,2,1,9,8,2,3,4,0,1,2,2,4,1,4,3,2,2,1
12512,1,8,6,4,1,20,18,2,7,4,9,8,2,2,1,0,2,2,1,2,3,5,3,2,3,1
12518,1,10,5,2,5,8,1,1,10,1,8,1,3,2,1,1,12,2,1,3,1,2,3,2,4,1
12521,1,14,7,4,4,14,3,1,7,1,1,1,2,3,6,0,1,1,1,4,1,2,3,2,2,1
12522,1,9,7,4,1,18,13,3,7,4,2,1,2,2,1,0,2,1,1,4,3,2,4,2,3,1
12523,1,10,7,4,1,15,13,1,8,4,3,1,2,2,1,0,1,1,1,2,1,2,4,2,3,1
12524,0,7,1,4,1,18,13,1,7,3,3,8,2,2,1,0,1,1,1,5,1,5,3,2,2,1
12525,0,3,1,4,1,20,12,2,4,4,3,1,2,2,1,0,2,1,1,5,2,2,3,2,3,1
12526,1,3,1,4,1,20,13,2,4,4,3,1,2,2,1,0,2,1,1,6,2,2,3,2,3,1
12532,1,7,7,4,4,20,13,2,7,1,4,1,2,3,6,0,1,1,1,3,1,2,3,2,2,1
12533,0,3,3,4,1,7,13,1,2,3,4,1,2,2,1,0,2,1,1,2,3,2,3,2,2,1
12536,1,11,6,4,1,12,13,1,7,1,4,1,2,3,6,0,1,1,1,2,1,2,3,2,3,1
12539,1,11,5,4,1,11,13,1,7,3,4,8,2,2,1,0,1,1,1,3,1,5,3,2,2,1
12541,1,4,6,4,1,18,13,1,7,4,5,1,2,2,1,0,2,1,1,5,3,2,3,2,2,1
12542,0,4,7,4,1,18,13,1,8,3,4,8,2,2,1,0,1,1,1,4,1,3,3,2,2,1
12548,0,6,7,4,1,21,13,3,7,2,5,1,2,2,1,0,1,1,1,3,1,2,3,2,3,1
12550,0,4,2,4,4,16,13,1,2,1,5,8,2,3,6,0,2,3,1,4,3,2,3,2,2,1
12552,0,3,6,4,1,21,13,3,3,1,6,1,2,3,6,0,1,1,1,6,1,2,3,2,2,1
12555,1,12,2,4,1,11,2,1,1,4,6,1,2,2,1,0,2,1,1,4,3,2,3,2,3,1
12559,0,7,1,4,1,18,13,1,3,3,7,1,2,2,1,0,1,1,1,4,1,2,3,2,2,1
12567,0,7,1,4,2,20,13,2,8,1,8,1,2,2,1,0,1,1,1,5,1,2,3,2,3,1
12582,0,9,4,4,1,18,10,2,10,4,10,1,2,2,1,0,2,1,1,4,3,2,3,2,3,1
12587,0,8,7,4,1,12,13,1,7,3,12,8,2,2,1,0,1,1,1,4,1,3,3,2,2,1
12588,0,6,4,4,1,16,13,1,2,4,2,7,2,2,1,0,2,1,1,5,2,2,3,2,2,1
12589,0,9,5,4,5,18,1,2,7,1,2,8,2,2,1,0,1,1,1,4,1,4,3,2,2,1
12590,0,7,6,4,5,21,13,2,7,1,3,1,2,3,4,0,1,3,1,3,1,2,3,3,2,1
12593,0,6,5,4,1,17,1,1,7,1,3,8,3,2,1,1,5,1,1,3,1,3,3,2,7,1
12595,0,6,1,4,5,4,13,2,2,1,4,1,3,3,4,0,1,1,1,6,1,2,5,2,4,1
12597,0,5,7,4,1,1,13,3,4,1,4,8,2,3,2,1,5,1,1,4,1,3,3,2,7,1
12599,0,9,7,4,1,12,13,1,7,4,4,7,2,2,1,0,8,1,1,4,1,2,3,2,2,1
12606,0,7,1,4,1,16,7,1,7,2,5,7,2,2,1,0,1,2,1,5,1,4,6,2,4,1
12609,1,7,1,4,5,15,15,1,7,1,6,1,2,3,4,0,1,1,1,4,1,2,3,2,2,1
12612,1,3,6,4,1,18,13,1,4,4,6,1,2,2,1,0,2,3,1,3,2,2,5,2,5,1
12619,1,7,5,4,5,19,15,1,7,1,7,8,2,3,4,0,1,2,1,4,1,4,3,2,2,1
12621,1,3,6,4,1,18,13,1,8,4,7,1,2,2,1,0,2,1,1,5,2,2,3,2,2,1
12622,1,10,6,4,1,18,13,1,7,4,7,8,3,2,1,0,1,2,1,4,1,3,3,2,2,1
12625,1,8,7,3,5,23,13,3,7,1,7,1,2,3,8,0,1,1,1,4,1,2,3,2,3,1
12626,1,4,3,4,3,16,13,1,4,1,7,1,2,3,4,0,3,1,1,4,1,2,5,2,5,1
12628,0,4,7,4,5,22,1,2,8,1,7,8,2,2,1,0,1,1,1,5,1,4,3,2,2,1
12629,1,9,3,4,1,5,13,2,8,1,7,1,3,2,1,0,1,1,1,4,1,2,3,2,2,1
12630,0,9,4,4,5,17,13,1,7,1,8,1,2,3,4,0,1,1,1,5,1,2,3,2,2,1
12632,1,10,6,4,1,11,13,1,7,3,8,1,2,2,1,0,2,1,1,2,2,2,3,2,5,1
12634,1,8,4,4,5,20,1,1,7,1,7,7,2,3,3,0,1,1,1,6,1,3,3,2,4,1
12636,1,10,4,4,5,17,1,1,7,1,8,7,2,3,3,0,1,1,1,5,1,3,3,2,3,1
12638,0,10,4,4,1,17,1,1,7,1,8,8,2,2,1,0,1,1,1,4,1,3,3,2,2,1
12640,1,11,1,2,1,19,13,1,2,1,8,8,2,3,5,0,1,1,1,4,1,4,3,2,2,1
12642,0,8,5,4,1,13,1,1,2,1,9,7,3,2,1,0,1,1,1,5,1,2,3,2,2,1
12644,1,4,1,4,4,18,13,1,7,1,7,1,2,3,4,0,1,1,1,4,1,2,3,2,2,1
12648,0,4,5,4,5,21,1,2,8,1,9,1,2,2,1,1,12,1,1,5,1,2,3,2,3,1
12649,0,8,2,4,5,14,1,1,10,1,9,8,2,3,4,0,1,1,1,4,1,4,3,2,2,1
12650,1,4,2,4,5,8,1,1,8,1,9,1,2,2,1,0,2,1,1,4,2,2,3,2,5,1
12651,1,9,7,4,1,10,1,1,10,1,8,1,2,2,1,0,3,1,1,3,1,2,5,2,2,1
12652,0,11,5,4,5,15,1,1,7,1,9,8,3,3,3,0,1,3,1,5,1,4,3,2,3,1
12654,0,4,2,4,1,11,1,1,8,1,9,8,3,2,1,0,1,1,1,4,1,3,3,2,2,1
12656,1,7,1,4,1,13,13,1,7,2,10,1,2,2,1,1,12,1,1,4,1,2,4,2,4,1
12657,0,7,2,4,5,12,1,1,2,1,10,8,2,2,1,0,1,1,2,4,1,4,3,2,2,1
12658,1,5,7,4,5,18,1,1,7,1,10,8,2,3,3,0,1,2,1,5,1,3,3,2,3,1
12660,0,4,7,4,1,14,1,1,8,1,10,1,3,2,1,0,1,1,1,5,1,2,3,2,2,1
12661,0,11,2,4,5,19,1,2,7,1,10,8,2,3,4,0,1,1,1,4,1,4,3,2,2,1
12663,0,10,1,4,1,13,1,1,2,1,10,8,2,2,1,0,1,1,1,5,1,3,3,2,2,1
12665,1,4,5,4,5,19,1,2,2,1,10,1,2,3,4,0,1,1,1,5,1,2,3,2,2,1
12666,0,2,1,4,5,2,13,2,10,1,11,8,2,2,1,0,1,1,1,5,1,3,3,2,4,1
12667,0,7,7,4,1,12,13,1,7,3,11,1,2,2,1,0,3,1,1,4,2,2,4,2,2,1
12669,1,7,7,4,1,23,13,3,7,1,11,1,2,2,1,0,1,1,1,4,1,2,5,2,5,1
12670,1,4,5,4,1,17,13,2,8,4,11,1,2,2,1,0,2,1,1,5,2,2,3,2,2,1
12672,1,8,6,4,5,17,15,2,7,1,12,8,2,3,4,0,1,2,1,6,1,4,3,2,2,1
12676,0,9,6,4,5,13,12,1,7,1,6,8,3,3,4,0,1,3,2,5,1,4,3,2,3,1
12690,0,9,7,4,1,18,13,1,2,6,8,1,2,2,1,0,1,1,1,5,1,2,3,2,2,1
12721,0,6,5,3,1,17,13,1,2,4,1,1,3,2,1,0,8,1,1,4,1,2,3,2,2,1
12723,0,8,6,3,5,16,13,1,10,1,2,8,3,3,4,0,1,1,1,4,1,3,3,2,2,1
12724,0,4,1,4,1,16,13,1,7,4,2,1,3,2,1,0,2,1,1,5,3,2,4,2,3,1
12727,0,3,7,4,5,19,1,3,2,1,3,1,2,2,1,0,2,1,1,4,2,2,4,2,3,1
12728,1,3,4,2,1,18,1,1,8,1,3,1,2,2,1,0,2,1,1,4,2,2,5,2,3,1
12730,1,9,4,3,1,11,13,1,10,4,3,1,2,2,1,0,2,1,1,4,3,2,4,2,3,1
12731,1,4,2,4,1,17,13,5,4,4,1,1,3,2,1,0,2,1,1,4,2,2,5,2,2,1
12732,1,10,4,3,1,22,15,3,4,1,4,1,2,3,4,0,1,1,1,4,1,2,3,2,2,1
12733,1,7,6,3,1,13,2,1,8,5,5,8,2,2,1,1,12,1,1,5,1,3,5,2,4,1
12734,1,8,7,4,1,8,13,1,7,4,5,1,3,2,1,0,2,1,1,4,2,2,5,2,4,1
12737,0,7,6,4,5,19,4,3,4,1,6,1,3,3,3,0,1,1,1,6,1,2,5,2,3,1
12738,0,9,3,3,5,17,12,1,8,1,6,1,2,3,5,0,1,1,1,5,1,2,3,2,2,1
12739,1,9,2,3,5,17,13,1,7,1,6,8,2,3,4,0,1,1,1,4,1,4,3,2,2,1
12742,0,6,4,4,1,11,13,1,2,4,7,1,3,2,1,0,2,1,1,4,2,2,3,2,2,1
12743,0,6,5,4,5,24,1,2,7,1,7,8,2,3,4,0,1,1,1,3,1,4,3,2,2,1
12746,1,10,7,4,5,17,13,1,7,1,7,8,2,3,4,0,1,1,1,4,1,4,3,2,2,1
12748,1,3,3,4,1,17,1,1,4,1,8,1,3,2,1,0,2,1,1,4,2,2,5,2,2,1
12749,0,3,7,4,1,19,13,5,4,4,9,1,2,2,1,0,8,1,1,5,1,2,3,2,2,1
12751,1,4,5,4,1,19,1,2,8,1,9,7,3,2,1,0,1,1,1,4,1,2,5,2,5,1
12754,1,3,4,4,1,16,13,1,2,4,10,1,3,2,1,0,2,1,1,4,2,2,5,2,5,1
12756,1,5,2,4,1,20,13,3,7,3,10,1,2,2,1,0,2,2,1,4,2,2,5,2,3,1
12767,1,7,1,4,1,19,13,5,7,1,7,1,2,4,4,0,2,3,1,3,3,2,3,2,2,1
12773,1,7,5,4,1,19,13,2,2,4,10,1,3,2,1,0,8,3,1,4,1,2,3,2,2,1
12818,0,7,7,4,1,17,10,1,3,1,5,5,2,3,4,0,1,2,1,2,1,2,3,2,2,1
12833,1,3,2,3,1,10,13,1,8,4,8,1,3,2,1,0,4,1,1,4,1,2,5,2,2,1
12878,1,4,1,4,1,18,10,1,7,4,3,4,2,2,1,0,3,3,1,3,2,2,3,2,2,1
12942,1,4,3,4,1,17,13,1,4,4,4,1,2,2,1,0,2,1,1,3,3,2,3,2,2,1
12959,1,6,2,4,1,21,13,2,4,4,6,1,2,2,1,0,8,1,1,3,1,2,3,2,2,1
12963,1,7,1,4,1,12,10,1,7,4,6,1,2,2,1,0,2,1,1,4,3,2,3,2,2,1
12972,1,4,5,4,1,10,13,1,2,4,5,1,2,2,1,0,2,1,1,6,3,2,3,2,2,1
13016,1,6,7,4,1,16,13,1,4,4,7,1,2,2,1,0,1,1,1,3,1,2,5,2,2,1
13038,0,6,5,4,1,2,13,3,10,1,8,8,2,3,4,0,1,1,1,4,1,3,3,2,2,1
13046,1,7,4,4,1,3,13,2,2,1,8,1,2,2,1,0,1,1,1,4,1,2,3,2,3,1
13052,1,5,6,4,1,20,13,3,7,4,8,1,2,2,1,0,2,1,1,3,2,2,5,2,2,1
13059,1,8,6,4,5,12,13,1,7,1,9,1,2,3,4,0,1,1,2,4,1,2,3,2,2,1
13087,1,6,6,4,1,16,13,1,4,4,9,1,2,2,1,0,8,1,1,3,1,2,3,2,2,1
13096,1,7,4,4,1,11,8,1,8,1,11,1,2,2,1,0,1,2,1,3,1,2,3,2,2,1
13115,1,7,6,4,1,17,13,5,2,4,1,1,2,2,1,0,2,1,1,4,2,2,4,2,3,1
13117,1,4,7,4,1,15,13,1,4,1,1,8,2,3,4,0,1,1,1,5,1,3,3,2,2,1
13118,1,3,1,4,1,11,13,1,4,4,1,1,2,2,1,0,7,1,1,4,1,2,5,2,3,1
13119,0,3,7,4,5,18,1,1,2,1,2,1,2,3,4,0,1,1,1,6,1,2,3,2,2,1
13121,0,8,1,4,2,16,13,1,10,1,2,8,2,3,4,0,1,1,1,4,1,3,3,2,2,1
13122,1,9,7,4,1,16,10,1,7,5,2,2,2,2,1,0,1,1,1,3,1,2,6,2,4,1
13123,0,6,7,4,1,15,13,1,10,4,2,1,2,2,1,0,7,1,1,7,1,2,5,2,3,1
13125,1,5,1,4,1,12,13,1,4,4,2,1,2,2,1,0,8,1,1,3,1,2,3,2,2,1
13126,0,3,7,4,1,14,13,1,2,4,2,1,2,2,1,0,2,1,1,3,3,5,3,2,3,1
13127,1,4,3,4,1,18,13,1,4,1,3,1,2,3,4,0,1,1,1,5,1,2,3,2,2,1
13129,1,6,5,4,5,11,13,1,8,1,3,8,2,3,4,0,1,1,1,6,1,4,3,2,2,1
13130,1,4,7,4,1,1,13,2,4,4,4,7,2,2,1,0,8,1,1,4,1,2,3,2,2,1
13131,1,11,6,4,5,10,1,1,10,1,4,8,2,3,4,0,1,1,1,4,1,3,3,2,2,1
13132,1,10,2,4,5,21,4,2,8,1,4,8,2,3,4,0,1,1,1,4,1,4,3,2,2,1
13133,0,5,7,4,1,21,13,2,4,4,4,1,2,2,1,0,2,1,1,4,3,2,3,2,2,1
13134,0,11,1,4,1,10,13,1,10,4,4,8,2,2,1,0,2,1,1,3,3,2,3,2,2,1
13137,0,9,1,4,1,20,13,5,7,4,4,1,2,2,1,0,4,1,2,4,1,2,3,2,2,1
13138,1,7,7,3,5,14,1,1,8,1,4,8,2,2,1,0,1,1,1,4,1,3,3,2,2,1
13140,1,10,3,4,1,11,13,1,10,4,4,1,2,2,1,0,2,1,1,4,3,2,5,2,4,1
13141,1,10,2,4,5,20,1,2,7,1,5,1,2,3,3,0,1,1,1,5,1,2,3,2,3,1
13142,1,8,5,4,1,15,13,1,2,3,5,8,2,2,1,0,1,1,1,4,1,3,3,2,2,1
13144,0,4,6,4,1,21,4,2,8,3,5,1,2,2,1,0,1,1,1,4,1,2,3,2,2,1
13145,0,6,3,4,4,13,13,1,2,1,5,8,2,3,4,0,1,1,1,7,1,3,3,2,2,1
13146,1,3,3,4,1,11,13,1,2,4,5,1,2,2,1,0,2,1,1,3,3,2,3,2,2,1
13149,0,5,6,4,1,18,13,1,7,1,5,1,2,3,4,0,1,1,1,5,1,2,3,2,2,1
13152,0,7,3,4,1,17,13,1,2,4,5,1,2,2,1,0,2,1,1,4,2,2,3,2,2,1
13154,1,8,6,4,1,14,13,1,2,3,5,1,2,2,1,0,1,1,1,4,1,2,3,2,2,1
13157,0,5,1,4,1,15,13,1,2,4,5,1,2,2,1,0,2,1,1,4,2,2,5,2,2,1
13159,0,3,7,4,1,21,13,2,10,3,5,8,2,2,1,0,1,1,1,4,1,3,4,2,2,1
13161,1,10,5,4,5,4,1,2,7,1,6,8,2,2,1,0,1,1,1,4,1,3,3,2,2,1
13162,0,5,6,4,1,12,13,1,4,3,6,1,2,2,1,0,2,1,1,5,2,2,7,2,4,1
13163,0,4,1,3,1,24,13,2,4,3,6,8,2,2,1,0,1,1,1,4,1,4,3,2,2,1
13166,0,6,1,4,1,23,13,2,10,2,6,6,2,2,1,0,1,1,1,7,1,2,3,2,4,1
13167,1,7,3,4,5,1,13,3,7,1,6,8,2,3,4,0,2,1,1,3,4,2,3,2,2,1
13168,1,11,2,4,4,12,13,1,10,1,6,8,2,3,4,0,1,1,1,4,1,3,3,2,2,1
13173,1,5,4,4,1,6,13,4,4,4,6,1,2,2,1,0,8,1,1,4,1,2,3,2,2,1
13174,1,7,7,4,1,22,13,2,11,3,6,1,2,2,1,0,8,1,1,4,1,2,3,2,2,1
13178,0,4,6,4,5,21,13,2,4,1,6,8,2,3,4,0,1,1,1,7,1,4,3,2,2,1
13179,0,4,6,4,1,3,13,2,7,2,6,1,2,2,1,0,1,1,1,4,1,2,3,2,3,1
13180,1,4,5,4,1,15,13,1,8,3,6,8,2,2,1,0,1,1,1,6,1,3,3,2,2,1
13181,1,9,7,3,1,15,13,1,2,4,3,1,2,2,1,0,8,1,1,3,1,2,3,2,2,1
13182,1,10,1,4,1,13,13,1,7,2,4,1,2,2,1,0,1,1,1,3,1,2,3,2,2,1
13183,1,6,3,4,1,13,13,1,2,1,4,1,2,4,5,0,1,1,1,3,1,2,3,3,2,1
13184,0,3,5,4,1,16,13,1,10,4,6,1,2,2,1,0,2,1,1,6,3,2,3,2,2,1
13185,1,8,7,3,5,18,1,1,7,1,6,1,3,2,1,0,1,1,1,3,1,2,5,2,2,1
13186,1,6,4,4,1,14,13,1,1,4,7,1,2,2,1,0,4,1,2,4,1,2,3,2,2,1
13187,0,12,4,4,1,10,10,1,7,6,7,8,2,2,1,0,1,1,1,4,1,3,3,2,2,1
13188,0,4,1,4,4,5,13,2,2,1,7,1,2,3,4,0,2,1,1,7,3,2,3,2,2,1
13189,0,8,3,4,1,7,13,1,7,3,7,8,2,2,1,0,1,1,1,4,1,3,3,2,2,1
13191,1,5,6,4,1,16,10,1,8,6,7,1,2,2,1,0,1,1,1,6,1,2,5,2,2,1
13192,0,10,7,4,1,14,13,1,7,2,7,1,2,2,1,0,1,1,1,5,1,2,5,2,4,1
13193,0,6,7,4,1,14,10,1,7,2,7,1,2,2,1,0,1,1,2,5,1,2,5,2,4,1
13194,0,9,7,4,1,14,13,1,7,2,7,1,2,2,1,0,1,1,1,5,1,2,5,2,4,1