id,Severity,age_classes,day_week,DEFORMED_classes,m_harm_classes,hour,impact1_classes,lgt_cond,make,man_coll,month,p_crash1,pcrash4,pcrash5,rel_road,reljct1,reljct2,rest_use,sex,speed_classes,typ_int,valign,vnum_lan,vsurcond,vtrafway,weather_classes
13196,0,6,7,3,1,14,13,1,7,2,7,1,2,2,1,0,1,1,1,5,1,2,5,2,4,1
13197,0,7,7,4,1,12,13,1,10,4,7,1,2,2,1,0,3,1,1,4,3,2,3,2,2,1
13199,1,4,3,4,1,11,13,1,10,4,7,1,2,2,1,0,3,1,1,3,1,2,5,2,2,1
13200,1,8,6,4,1,20,13,3,7,4,7,1,2,2,1,0,4,1,1,4,1,2,5,3,2,1
13203,0,4,7,3,2,3,13,2,10,1,7,8,2,3,4,0,1,1,1,5,1,4,3,2,2,1
13204,0,8,4,3,1,18,13,1,1,1,7,1,2,2,1,0,1,1,1,4,1,2,3,2,2,1
13205,1,9,5,4,1,18,13,1,8,2,7,1,2,2,1,0,1,1,1,4,1,2,3,2,2,1
13207,1,7,6,4,5,21,13,2,2,1,7,8,2,3,4,0,1,1,1,4,1,4,3,2,2,1
13208,1,9,1,4,5,18,4,1,7,1,7,8,2,3,4,0,1,1,1,4,1,4,3,2,2,1
13218,1,8,3,4,1,7,13,1,2,4,5,1,2,2,1,1,2,1,1,4,2,2,3,2,3,1
13219,1,7,6,4,1,15,12,1,7,6,6,8,2,2,1,0,1,1,1,3,1,4,3,2,2,1
13220,1,6,7,4,4,16,13,1,4,1,7,8,2,3,3,0,1,1,1,6,1,4,3,2,2,1
13222,0,5,7,4,5,11,1,1,8,1,8,8,2,2,1,0,8,1,1,4,1,3,3,2,2,1
13224,1,8,3,4,1,18,13,1,7,4,8,1,2,2,1,0,2,1,1,4,2,2,3,2,3,1
13225,0,8,4,4,1,6,13,4,2,3,8,1,2,2,1,0,1,1,1,4,1,2,3,2,2,1
13226,0,8,6,4,1,5,13,2,7,3,8,1,2,2,1,0,1,1,1,4,1,2,3,2,2,1
13227,0,8,2,4,1,20,13,2,8,3,8,8,2,2,1,0,1,3,1,5,1,3,3,2,2,1
13228,1,8,6,4,5,13,1,1,2,1,8,8,2,2,1,0,1,1,1,4,1,3,3,2,2,1
13229,0,3,6,4,4,9,7,2,10,1,8,8,2,3,4,0,1,1,1,5,1,4,3,2,2,1
13231,0,9,1,4,1,21,13,2,7,4,8,1,2,2,1,0,2,1,1,4,3,2,5,3,2,3
13232,1,9,7,4,1,18,13,1,7,3,8,8,2,2,1,0,1,2,1,4,1,3,3,2,2,1
13233,1,5,5,4,1,18,11,1,8,6,8,8,2,2,1,0,1,1,1,6,1,3,3,2,2,1
13234,0,8,7,4,1,7,4,1,3,4,9,1,2,2,1,0,1,1,1,4,1,2,3,2,2,1
13235,0,6,5,4,1,20,13,3,2,3,9,8,2,2,1,0,1,3,1,4,1,3,3,3,2,1
13237,0,3,7,4,1,19,13,5,2,3,9,3,2,2,1,0,2,1,1,5,3,2,3,2,2,1
13239,0,8,7,4,1,21,7,3,7,8,9,1,3,2,1,0,1,1,1,4,1,2,7,2,4,1
13240,0,11,4,4,5,11,1,1,7,1,9,1,2,2,1,0,2,1,1,4,3,2,3,2,2,1
13243,1,5,1,3,4,8,10,1,4,1,9,8,2,3,4,0,1,1,1,7,1,4,3,2,2,1
13246,1,6,6,4,1,17,13,1,8,4,9,1,2,2,1,0,2,1,1,4,2,2,5,2,4,1
13247,1,11,1,4,5,19,1,2,10,1,10,8,2,3,4,0,1,1,1,4,1,4,3,2,2,1
13248,0,4,5,4,1,24,7,2,10,2,10,1,2,2,1,0,3,1,1,2,2,2,5,2,2,1
13250,0,10,7,4,1,14,13,1,11,2,10,8,2,2,1,0,1,1,1,4,1,4,3,2,2,1
13251,1,9,6,4,1,14,19,1,7,6,10,8,2,2,1,0,1,1,1,4,1,3,4,2,3,1
13253,1,6,4,4,1,16,1,1,4,1,10,1,2,2,1,0,3,1,1,4,3,2,3,2,2,1
13257,1,9,7,3,5,13,13,1,7,1,9,1,2,3,3,0,1,1,1,3,1,2,3,2,3,1
13258,1,6,3,4,1,13,13,1,7,4,9,1,2,2,1,0,2,1,1,4,3,2,6,2,3,1
13260,0,6,3,4,1,18,13,1,2,6,10,8,2,2,1,0,1,1,1,4,1,4,3,2,2,1
13261,0,7,3,3,1,18,10,1,7,6,10,8,2,2,1,0,1,1,1,4,1,4,3,2,2,1
13264,1,8,7,4,1,14,4,1,7,5,10,1,2,2,1,0,1,1,1,4,1,2,3,2,2,1
13265,0,3,1,4,5,11,1,1,2,1,10,7,2,2,1,0,1,1,1,5,1,4,3,2,2,1
13266,0,8,7,4,1,14,13,1,2,4,11,1,2,2,1,0,2,1,1,3,2,2,3,2,2,1
13267,0,4,7,4,1,16,13,1,4,4,11,1,2,2,1,0,2,1,1,6,2,2,3,2,2,1
13269,1,5,1,4,5,13,1,1,2,1,11,8,2,3,4,0,1,1,1,4,1,4,3,2,2,1
13270,0,6,7,4,2,23,13,2,2,1,12,8,2,3,4,0,1,1,1,6,1,3,3,2,2,1
13272,1,8,5,4,5,9,1,1,7,1,12,8,2,2,1,0,1,1,1,4,1,3,3,3,2,1
13273,0,4,6,4,1,22,13,2,6,4,12,1,3,2,1,0,4,1,1,6,1,2,6,2,3,1
13274,1,4,1,4,5,1,1,3,10,1,6,1,2,3,4,0,1,1,1,4,1,2,5,2,3,1
13275,0,4,2,4,1,18,13,3,10,1,11,1,2,2,1,0,1,1,1,4,1,2,5,2,2,1
13278,0,10,5,4,1,11,13,1,7,3,7,1,2,2,1,0,2,1,1,4,2,2,3,2,2,1
13280,1,4,2,4,1,17,13,1,7,4,8,1,2,2,1,0,8,3,1,4,1,2,5,2,2,1
13283,0,11,3,4,1,12,13,1,2,2,8,1,2,2,1,0,3,1,1,5,2,2,3,2,4,1
13285,0,8,7,4,5,20,1,2,7,1,8,8,2,3,4,0,1,3,1,5,1,3,3,2,2,1
13286,0,5,2,3,1,23,9,2,8,5,9,7,2,2,1,0,1,3,1,5,1,2,3,2,4,1
13291,1,8,6,4,5,17,1,1,8,1,10,8,3,3,4,0,1,3,1,6,1,4,3,2,2,1
13299,1,10,1,4,1,18,4,1,10,1,4,1,3,3,4,0,1,1,1,3,1,2,3,2,2,1
13303,1,7,4,3,5,22,13,3,7,4,5,1,2,2,1,0,2,3,1,3,3,2,3,2,2,1
13306,0,8,1,3,5,19,7,1,2,1,5,8,2,3,4,0,1,3,1,4,1,4,3,8,2,1
13309,0,10,7,4,1,22,13,2,10,4,4,1,2,2,1,0,2,1,2,4,2,2,3,2,3,1
13310,1,7,2,3,5,12,1,1,7,1,5,6,3,2,1,1,5,3,1,4,1,2,2,2,7,1
13311,0,5,5,4,3,2,4,3,10,1,5,8,3,3,5,0,1,3,1,3,1,5,3,2,2,1
13319,0,3,2,4,1,16,13,1,10,4,5,1,2,2,1,0,4,3,1,4,1,2,5,2,2,1
13323,0,5,7,4,1,22,13,2,7,4,5,1,2,2,1,0,2,3,1,4,2,2,3,3,2,1
13325,1,9,1,4,1,10,11,1,8,1,5,8,3,3,5,1,5,1,1,4,1,5,2,2,7,1
13330,1,4,6,4,1,15,7,1,4,7,6,8,2,2,1,0,4,1,1,3,1,5,5,2,2,1
13332,1,5,7,4,5,3,13,2,10,1,6,8,2,3,4,0,2,3,1,5,3,5,3,2,2,1
13336,1,11,3,4,1,14,13,1,7,4,6,1,2,2,1,0,2,3,1,3,2,2,3,2,2,1
13338,1,9,7,2,5,10,1,1,7,1,6,8,2,2,1,0,1,3,1,4,1,3,3,2,2,1
13340,1,6,1,4,1,8,13,1,7,4,6,1,2,2,1,0,2,3,1,3,3,2,3,2,2,1
13342,1,5,5,4,1,14,13,1,4,3,6,8,2,2,1,0,1,1,2,3,1,4,3,2,2,1
13347,1,6,6,4,5,22,13,2,7,1,7,1,2,3,4,0,1,3,1,4,1,2,3,2,2,1
13349,1,6,2,3,1,21,13,1,4,1,7,1,2,3,7,0,3,3,1,5,3,2,3,2,2,1
13366,1,11,6,4,5,19,13,1,8,1,5,1,2,3,4,0,1,1,1,4,1,2,3,2,2,1
13373,1,8,6,4,1,11,13,1,2,4,8,8,2,2,1,0,4,3,1,3,1,4,5,2,2,1
13374,0,4,4,1,1,21,8,2,10,1,8,1,2,2,1,0,1,3,1,4,1,2,3,2,2,1
13385,0,3,1,4,5,6,1,4,7,1,7,8,3,3,4,0,1,3,1,5,1,5,3,2,2,1
13386,1,12,6,4,5,9,13,1,2,4,8,1,2,2,1,0,2,1,1,3,2,2,5,2,2,1
13395,0,9,4,4,1,17,10,1,7,6,8,8,2,2,1,0,1,3,1,3,1,3,3,2,2,1
13396,1,5,1,2,5,20,13,5,7,1,6,8,2,3,4,0,1,3,1,4,1,3,3,2,2,1
13399,1,4,7,4,1,23,11,2,4,5,6,7,3,2,1,0,1,1,1,6,1,5,3,2,3,1
13400,0,5,7,4,1,23,3,2,4,5,6,7,3,2,1,0,1,1,1,6,1,5,3,2,3,1
13402,0,7,7,3,5,20,1,1,8,1,7,1,2,2,1,0,1,3,1,4,1,2,3,2,2,1
13410,0,6,6,4,1,23,13,3,4,1,8,8,3,3,5,0,1,3,1,4,1,5,5,2,2,1
13411,0,5,3,4,1,14,7,1,10,2,8,1,2,2,1,0,1,3,1,5,1,2,5,2,4,1
13412,1,9,4,3,1,18,13,1,7,1,8,8,3,3,5,0,1,3,1,4,1,5,3,2,2,1
13415,1,9,6,4,5,10,1,1,7,1,8,8,3,3,4,0,1,3,1,4,1,4,3,2,2,1
13416,0,4,3,4,1,19,15,5,4,1,8,7,2,3,4,0,1,1,1,4,1,4,5,2,2,1
13418,0,10,7,4,1,19,4,5,8,1,9,8,2,3,4,0,1,3,1,4,1,4,3,2,2,1
13420,1,6,5,4,1,18,13,1,10,4,8,1,3,2,1,0,2,3,1,4,2,2,3,2,2,1
13421,1,4,4,4,1,16,13,1,4,3,8,7,2,2,1,0,1,3,1,6,1,5,5,2,2,1
13423,1,9,2,4,1,15,3,1,7,4,9,1,2,2,1,0,2,3,1,3,2,2,5,2,2,1
13427,1,5,7,4,1,14,4,1,10,5,9,1,2,2,1,0,1,1,1,4,1,2,5,2,2,1
13428,0,4,1,4,1,16,13,1,7,1,9,7,2,3,4,0,1,3,1,5,1,5,3,2,2,1
13429,0,3,1,4,1,12,13,1,2,4,8,1,2,2,1,1,2,1,2,3,2,2,5,2,3,1
13432,1,6,4,4,1,23,13,3,8,2,6,1,2,2,1,0,1,3,1,5,1,2,5,2,2,1
13435,1,14,3,4,1,13,13,1,8,4,8,1,2,2,1,0,2,1,1,4,3,2,3,2,2,1
13437,1,6,1,4,1,2,13,3,10,2,6,7,3,2,1,0,1,1,1,7,1,2,5,2,3,1
13439,1,4,6,4,1,22,13,2,7,6,8,1,2,2,1,0,1,3,1,3,1,2,3,2,2,1
13454,0,10,6,4,1,8,13,1,4,4,9,1,2,2,1,0,4,1,2,5,1,2,3,2,2,1
13455,1,8,7,4,1,15,2,1,7,1,9,8,2,3,4,0,1,3,1,4,1,4,3,2,2,1
13463,1,6,6,4,1,21,13,3,10,4,8,1,2,2,1,0,4,1,1,3,1,2,5,2,2,1
13465,1,9,6,4,5,14,1,1,8,1,8,8,3,2,1,0,1,1,1,4,1,5,3,2,2,1
13468,1,5,7,4,1,22,13,2,7,1,10,1,2,2,1,0,1,3,1,4,1,2,5,2,2,1
13469,0,7,7,4,5,9,13,1,7,1,11,8,3,3,5,0,1,3,1,5,1,5,3,2,2,1
13470,1,6,2,3,1,15,12,1,2,1,11,1,2,3,5,0,1,3,1,3,1,2,3,3,2,1
13473,1,10,7,3,5,12,1,1,7,1,10,1,2,3,5,0,1,3,1,4,1,2,3,2,2,1
13495,1,6,1,4,5,23,1,2,7,1,5,2,2,2,1,0,1,3,1,5,1,2,5,2,4,1
13532,1,5,5,4,1,18,13,1,7,4,7,1,2,2,1,0,2,3,1,4,3,2,5,2,2,1
13534,1,5,7,4,1,10,1,1,8,1,8,1,2,2,1,0,8,3,1,4,1,2,5,2,2,1
13630,0,5,7,4,1,2,13,2,7,1,3,8,2,3,4,0,1,3,1,5,1,4,3,2,2,1
13642,1,6,7,2,5,21,1,2,7,1,4,8,3,3,4,0,1,3,1,4,1,4,3,2,2,1
13644,0,7,4,4,1,13,12,1,8,4,5,1,3,2,1,0,2,2,1,4,2,2,3,2,2,1
13647,1,4,2,4,1,21,13,3,8,1,4,1,2,2,1,0,1,2,1,4,1,2,4,2,3,1
13649,1,8,7,4,5,11,1,1,3,1,5,1,2,2,1,0,1,2,1,4,1,2,3,2,3,1
13652,1,5,6,3,1,21,13,2,2,1,5,1,2,2,1,0,1,1,1,4,1,2,3,2,2,1
13655,1,5,5,4,5,20,13,5,7,1,5,8,2,3,4,0,1,3,1,5,1,4,3,2,2,1
13656,1,7,7,4,1,13,12,1,7,4,4,1,2,2,1,0,2,3,1,2,3,2,3,2,2,1
13659,0,4,1,3,5,20,1,5,10,1,5,8,3,2,1,0,1,3,1,4,1,4,3,2,2,1
13660,0,2,3,4,1,22,2,2,4,1,5,8,2,3,4,0,1,2,1,6,1,4,3,3,2,1
13663,1,10,7,4,1,21,13,2,7,4,4,1,2,2,1,0,2,1,1,4,2,2,3,2,2,1
13666,1,10,5,4,5,18,1,1,8,1,5,7,2,3,8,1,13,3,1,4,1,2,3,2,3,1
13667,0,6,3,4,1,12,13,1,4,4,5,1,3,2,1,0,2,3,1,4,2,2,3,2,3,1
13673,1,4,3,4,1,17,13,1,10,6,6,1,2,2,1,0,1,1,1,4,1,2,3,2,2,1
13675,0,3,5,4,5,11,1,1,10,1,5,7,2,2,1,0,1,1,1,5,1,3,3,2,6,1
13680,0,3,7,4,1,12,13,1,10,4,3,1,3,2,1,0,8,1,1,4,1,2,3,2,2,1
13685,0,4,5,4,1,7,13,1,2,2,5,1,3,2,1,0,8,2,1,5,1,2,3,2,2,1
13686,1,4,6,4,5,21,1,2,4,1,6,8,3,3,2,0,1,2,1,6,1,4,3,2,2,1
13690,0,7,6,4,1,3,15,2,7,1,6,8,2,3,4,0,1,3,1,4,1,3,3,2,2,1
13691,0,6,4,4,1,19,1,1,4,1,6,8,2,3,4,0,1,2,1,5,1,4,3,2,2,1
13696,1,8,7,4,1,20,13,2,7,1,6,1,3,2,1,0,1,3,1,4,1,2,4,2,3,1
13698,1,7,6,4,1,17,12,1,8,4,5,1,2,2,1,0,8,2,1,4,1,2,5,2,5,1
13704,1,2,5,4,1,20,15,1,2,1,6,8,2,3,4,0,1,3,1,4,1,4,3,2,2,1
13710,1,8,4,4,1,15,13,1,7,2,6,1,2,2,1,0,1,2,1,4,1,2,3,2,2,1
13713,0,4,6,4,1,23,13,2,7,1,6,8,2,3,4,0,1,3,1,3,1,4,3,2,2,1
13716,1,7,6,2,1,22,13,3,2,4,6,1,3,2,1,0,2,3,1,3,2,2,3,2,2,1
13718,0,6,3,4,4,20,13,5,7,1,6,8,2,3,5,0,1,3,1,5,1,4,3,2,2,1
13719,0,7,4,4,5,20,15,1,4,1,7,8,3,3,4,0,1,3,1,7,1,4,3,2,2,1
13723,1,8,5,4,1,15,2,1,7,1,7,1,2,2,1,0,1,3,1,4,1,2,3,2,2,1
13725,1,7,6,4,1,21,13,2,10,1,7,1,2,2,1,0,1,3,1,5,1,2,3,3,2,1
13732,1,9,6,4,1,17,13,1,10,4,7,8,3,2,1,0,2,3,1,4,3,4,3,2,2,1
13735,0,10,3,4,1,12,13,1,2,4,7,8,2,2,1,0,8,1,1,4,1,4,3,2,2,1
13736,0,3,6,4,1,11,2,1,2,4,7,8,3,2,1,0,2,1,1,7,3,3,3,2,2,1
13740,0,5,1,4,5,14,1,1,7,1,7,1,2,2,1,0,1,3,1,4,1,2,3,2,3,1
13741,1,8,1,4,1,14,10,1,7,1,7,6,2,2,1,0,1,3,1,4,1,2,3,2,3,1
13750,0,10,5,4,5,20,1,5,7,1,7,8,3,3,2,0,1,3,1,4,1,4,3,2,2,1
13756,1,7,1,4,5,18,1,1,2,1,7,8,2,2,1,0,1,3,1,4,1,3,3,2,2,1
13763,0,5,6,4,1,17,13,1,7,3,7,1,2,2,1,0,1,1,1,4,1,2,3,2,2,1
13765,1,9,1,4,1,20,13,2,2,4,7,1,2,2,1,0,2,2,2,3,3,2,3,2,2,1
13772,1,9,7,4,1,16,13,1,2,4,7,1,2,2,1,1,2,3,1,4,3,2,3,2,2,1
13775,0,6,2,2,1,23,1,2,7,1,8,8,3,2,5,0,1,3,1,4,1,4,3,2,2,1
13776,0,13,2,2,5,15,1,1,2,1,8,8,3,3,4,0,1,2,1,3,1,4,3,2,2,1
13778,0,6,7,3,1,22,13,2,7,1,8,8,2,3,5,0,1,3,1,5,1,3,3,2,2,1
13780,1,7,5,4,1,18,13,1,7,4,8,1,3,2,1,0,2,3,1,4,2,2,3,2,2,1
13781,0,9,4,4,1,22,2,2,7,1,8,8,3,3,4,0,1,3,1,4,1,4,3,2,2,1
13782,1,8,4,3,5,10,1,1,10,1,8,1,3,3,2,0,1,2,1,4,1,2,3,3,3,1
13786,0,7,7,4,1,12,13,1,7,3,7,8,2,2,1,0,1,2,1,4,1,4,4,2,2,1
13791,0,4,3,4,1,17,12,1,4,6,8,1,3,2,1,0,1,1,1,6,1,2,3,2,2,1
13810,0,8,2,4,1,14,8,1,2,1,9,8,3,3,3,0,1,1,1,5,1,3,3,3,4,1
13812,1,11,4,4,1,14,2,1,7,4,9,8,2,2,1,0,2,3,1,2,2,2,3,3,2,1
13817,1,9,1,4,1,21,13,3,7,4,9,1,2,2,1,1,2,2,2,3,7,2,3,2,4,1
13820,1,8,1,4,1,19,13,5,4,3,9,8,2,2,1,0,1,1,1,3,1,4,3,2,2,1
13821,1,4,1,3,5,17,1,1,7,1,10,1,3,2,1,0,1,3,1,5,1,2,4,2,4,1
13822,0,8,7,2,1,17,13,1,7,4,10,1,2,2,1,0,8,1,1,3,1,2,3,2,2,1
13823,1,9,1,4,1,14,13,1,7,4,10,1,2,2,1,0,2,1,1,4,2,2,3,2,2,1
13824,0,8,5,4,1,15,13,1,10,4,10,1,2,2,1,0,2,2,1,4,2,2,3,2,2,1
13831,0,7,6,2,1,17,7,1,7,1,11,2,2,2,1,0,1,3,1,3,1,2,3,2,2,1
13832,0,8,6,2,1,17,7,1,7,1,11,2,2,2,1,0,1,3,1,3,1,2,3,2,2,1
13833,0,4,6,3,5,17,1,1,2,1,11,1,3,2,1,0,1,3,1,4,1,2,3,2,2,1
13834,1,6,3,4,1,7,4,1,8,4,10,1,3,2,1,0,8,2,1,5,1,2,3,2,2,1
13838,0,7,5,4,1,16,13,1,7,3,9,8,2,2,1,0,1,1,2,4,1,3,3,2,2,1
13839,1,6,3,4,1,11,13,1,10,2,10,1,3,2,1,0,8,2,1,4,1,2,3,2,3,1
13840,1,12,1,2,5,16,1,5,4,1,11,1,3,2,1,0,1,1,1,4,1,2,3,2,2,1
13844,0,6,4,4,1,11,4,1,8,4,11,1,3,2,1,0,2,1,1,5,3,2,3,3,2,1
13848,0,4,1,4,1,18,11,3,8,4,3,1,2,2,1,0,2,2,1,3,3,2,4,2,5,1
13852,1,8,1,4,1,15,13,1,7,3,5,1,2,2,1,0,2,3,1,4,3,2,5,2,3,1
13861,1,8,5,2,5,19,1,3,8,1,9,8,3,3,4,0,1,3,1,4,1,4,3,2,2,1
13864,0,6,7,2,1,17,4,1,11,1,1,8,2,3,4,0,1,3,1,4,1,3,3,2,2,1
13865,0,10,3,4,4,7,13,1,7,1,2,7,2,3,4,0,1,3,1,3,1,2,3,2,2,1
13866,1,7,7,4,1,19,13,2,7,4,2,1,2,2,1,0,2,1,1,4,3,2,3,2,2,1
13867,1,11,2,4,1,9,13,1,7,4,2,1,2,2,1,0,2,1,1,4,2,2,3,2,3,1
13868,0,3,4,2,1,13,13,1,4,4,2,1,2,2,1,0,2,1,1,4,3,2,3,2,3,1
13869,0,3,4,4,1,13,13,1,10,4,2,1,2,2,1,0,2,3,1,4,3,2,3,2,3,1
13870,0,2,1,4,1,17,13,1,4,4,2,1,2,2,1,0,2,3,1,5,2,2,3,2,3,1
13871,0,10,2,4,5,18,1,5,7,1,2,1,3,3,3,0,1,1,1,5,1,2,3,2,4,1
13872,0,5,5,4,1,23,13,2,7,1,3,8,2,3,4,0,1,3,1,4,1,3,3,2,2,1
13873,0,5,6,4,1,14,13,1,10,3,3,1,2,2,1,0,8,1,1,5,1,2,3,2,2,1
13878,0,6,7,4,1,19,13,2,7,1,3,1,2,2,1,0,1,3,1,4,1,2,3,2,2,1
13879,1,4,5,4,1,13,13,1,8,1,3,8,2,3,4,0,1,3,1,6,1,3,3,2,2,1
13880,1,11,6,2,5,19,1,1,8,1,4,1,2,3,3,0,1,3,1,3,1,2,3,2,4,1
13883,1,4,1,4,3,2,13,2,10,1,4,1,3,3,3,0,1,3,1,4,1,2,3,2,4,1
13884,1,7,5,2,5,16,1,1,2,1,4,1,3,3,4,0,1,3,1,4,1,2,3,2,2,1
13885,0,3,7,4,1,1,13,3,2,1,4,8,3,3,4,0,3,3,1,5,2,5,5,2,3,1
13886,1,8,7,4,5,13,1,1,7,1,4,1,2,3,3,0,1,1,1,4,1,2,3,2,3,1
13890,1,8,1,4,1,13,13,1,2,2,5,1,2,2,1,0,1,3,1,4,1,2,3,2,3,1
13892,1,5,4,4,3,19,13,5,8,1,5,8,3,3,4,0,1,3,1,5,1,3,3,2,2,1
13894,1,7,2,4,1,19,7,1,4,2,5,1,2,2,1,0,1,3,1,5,1,2,3,2,3,1
13895,0,8,2,4,1,19,13,1,7,2,5,1,2,2,1,0,1,3,1,6,1,2,3,2,3,1
13897,1,7,3,4,1,17,13,1,7,4,5,1,2,2,1,0,2,3,1,3,2,2,3,2,3,1
13898,1,7,1,4,4,21,13,3,8,1,5,1,3,3,3,0,1,3,1,4,1,2,3,2,4,1
13905,1,3,1,4,1,1,13,2,7,4,5,1,2,2,1,0,2,3,1,4,2,2,3,2,3,1
13907,0,1,5,4,5,23,1,2,10,1,5,1,2,2,1,0,1,1,1,6,1,2,3,3,2,1
13908,1,6,7,4,1,21,4,3,8,4,5,8,2,2,1,0,2,3,1,3,2,2,3,2,3,1
13910,0,8,3,4,1,19,10,1,2,4,6,8,2,2,1,0,2,3,1,2,3,2,3,2,2,1
13913,1,8,1,4,2,24,13,2,8,1,6,1,2,3,4,0,8,3,1,5,1,2,3,2,2,1
13914,1,6,3,4,1,16,13,1,7,4,6,1,2,2,1,0,2,3,1,3,2,2,3,2,2,1
13916,1,3,4,4,1,24,13,3,2,1,6,8,2,3,4,0,1,3,1,4,1,3,4,2,4,1
13917,1,5,7,4,5,17,13,1,4,1,6,8,2,3,4,0,8,3,1,5,1,3,3,2,2,1
13918,0,7,7,4,1,21,13,2,2,2,6,1,2,2,1,0,1,3,1,5,1,2,3,2,3,1
13920,1,7,7,2,1,17,13,1,3,3,4,1,2,2,1,0,8,3,1,5,1,2,3,2,2,1
13922,1,6,4,4,1,6,13,4,7,1,7,1,2,2,1,0,1,1,1,4,1,2,3,2,2,1
13923,1,6,2,4,1,21,10,2,7,1,7,1,2,2,1,0,1,1,1,4,1,2,3,2,2,1
13925,1,7,5,2,1,22,13,3,7,1,7,1,2,3,3,0,1,1,1,4,1,2,3,2,4,1
13929,0,6,1,4,1,24,13,3,4,2,6,1,2,2,1,0,2,3,1,6,2,2,3,2,2,1
13930,0,12,5,4,1,12,4,1,7,4,8,8,2,2,1,0,2,3,1,2,2,2,3,2,3,1
13931,1,7,6,4,1,13,13,1,7,2,8,1,2,2,1,0,1,1,1,4,1,2,3,2,3,1
13932,0,6,1,4,1,21,13,2,2,2,8,1,2,2,1,0,1,3,1,5,1,2,3,2,2,1
13933,1,7,3,4,1,23,7,2,7,2,8,4,2,2,1,0,2,3,1,2,2,2,3,2,2,1
13935,1,11,5,4,1,14,13,1,2,2,8,1,2,2,1,0,2,3,1,4,2,2,3,2,3,1
13938,0,10,1,4,4,23,13,2,7,1,8,1,3,3,4,0,2,3,1,4,3,2,3,2,2,1
13939,0,8,2,1,5,23,1,2,7,1,8,8,2,3,4,0,2,3,1,4,3,4,3,2,2,1
13941,0,4,2,4,1,18,13,1,10,3,8,1,2,2,1,0,2,3,1,4,4,2,3,2,2,1
13942,1,5,5,4,5,23,13,3,8,1,9,8,2,3,4,1,5,3,1,5,1,4,2,2,7,1
13943,1,6,6,4,1,14,7,1,11,2,9,2,2,2,1,0,8,1,1,3,1,2,3,2,3,1
13946,0,6,6,4,5,9,1,1,7,1,9,1,2,2,1,0,1,3,1,5,1,2,3,2,3,1
13948,0,3,1,4,4,2,13,2,10,1,9,1,2,3,4,0,1,3,1,5,1,2,3,2,2,1
13949,0,5,2,4,1,18,13,1,2,3,9,8,2,2,1,0,1,3,1,4,1,3,3,2,2,1
13950,1,7,4,4,4,24,13,2,8,1,9,1,2,3,4,0,1,3,1,7,1,2,3,2,3,1
13952,1,8,1,4,1,19,13,1,7,1,9,8,3,3,4,0,1,3,1,5,1,4,3,2,2,1
13953,1,12,7,2,5,10,1,1,8,1,9,1,2,2,1,0,1,3,1,4,1,2,3,2,3,1
13955,0,6,4,4,1,22,7,2,2,2,8,2,2,2,1,0,1,3,1,3,1,2,3,2,2,1
13957,1,6,5,4,1,20,13,3,8,4,9,1,2,2,1,0,8,1,1,3,1,2,3,3,3,1
13959,1,4,7,4,1,20,13,2,2,3,10,8,2,2,1,0,1,1,1,5,1,4,3,2,2,1
13960,0,10,7,4,5,6,13,2,7,1,10,1,2,3,4,0,1,3,1,5,1,2,3,2,2,1
13961,0,10,4,4,5,19,1,2,10,1,10,1,3,2,1,0,1,3,1,4,1,2,3,2,2,1
13966,0,7,1,4,5,20,1,2,7,1,11,1,2,2,1,0,8,3,1,5,1,2,3,2,3,1
13967,1,3,2,4,1,18,13,2,4,4,11,1,2,2,1,0,8,1,1,4,1,2,3,2,3,1
13968,0,9,2,4,1,16,13,1,7,4,11,8,2,2,1,0,2,3,1,4,3,4,3,2,3,1
13969,0,8,5,4,1,19,13,2,7,3,11,8,2,2,1,0,1,3,1,4,1,4,3,2,2,1
13970,0,3,7,4,1,1,7,2,2,2,10,1,2,2,1,0,1,3,2,3,1,2,3,2,3,1
13971,0,5,4,4,1,19,13,2,8,2,12,1,2,2,1,0,1,3,1,4,1,2,3,2,2,1
13972,1,5,4,4,5,14,1,1,4,1,12,8,2,3,4,0,1,3,1,4,1,5,3,2,2,1
13973,1,9,1,2,5,8,1,1,10,1,10,1,2,2,1,0,8,3,1,4,1,2,3,2,3,1
13980,1,5,1,4,1,15,13,1,4,2,7,7,2,2,1,0,1,3,1,4,1,5,3,2,2,1
13983,1,11,3,3,5,12,1,1,7,1,8,8,2,2,1,0,1,3,1,4,1,3,3,2,2,1
13985,1,8,6,4,1,14,1,1,7,1,8,1,2,2,1,0,2,2,1,5,3,2,3,2,2,1
13986,1,9,6,4,5,17,13,1,7,2,8,1,3,2,1,0,2,3,1,3,3,2,3,2,2,1