id,Severity,age_classes,day_week,DEFORMED_classes,m_harm_classes,hour,impact1_classes,lgt_cond,make,man_coll,month,p_crash1,pcrash4,pcrash5,rel_road,reljct1,reljct2,rest_use,sex,speed_classes,typ_int,valign,vnum_lan,vsurcond,vtrafway,weather_classes
13988,0,8,6,2,1,17,7,1,7,2,8,8,2,2,1,0,2,3,1,2,3,2,3,2,2,1
13990,0,7,7,4,5,17,7,1,7,2,8,7,2,2,1,0,1,3,1,5,1,2,3,2,3,1
13994,1,9,7,4,5,20,1,5,7,1,8,8,2,3,4,0,1,3,1,4,1,3,3,2,2,1
13995,0,5,1,4,1,13,13,1,7,3,9,1,2,2,1,0,1,2,1,4,1,2,3,2,2,1
13996,1,3,3,4,1,19,13,2,8,1,9,1,2,2,1,0,3,3,1,4,3,2,3,2,2,1
13997,1,9,6,3,5,13,1,1,7,1,9,7,2,3,4,0,1,3,1,3,1,2,3,2,2,1
14043,1,6,4,4,1,12,13,1,2,2,6,2,3,2,1,0,2,1,1,7,3,2,3,2,2,1
14071,1,5,2,4,1,6,15,1,7,1,8,1,2,3,4,0,1,1,1,6,1,2,3,2,2,1
14121,0,5,2,4,1,6,11,4,4,1,1,1,2,3,3,0,1,3,1,7,1,2,3,3,4,1
14204,0,4,7,3,1,11,1,1,2,1,3,7,3,2,1,0,2,3,1,6,3,2,5,2,5,1
14243,0,3,6,4,1,19,13,1,2,4,4,3,2,2,1,0,2,1,1,5,2,2,7,2,3,1
14480,0,7,5,4,1,2,13,2,8,2,9,7,2,2,1,0,1,2,1,6,1,2,5,2,4,1
14562,1,7,5,3,1,17,7,1,2,2,8,5,2,2,1,0,8,3,1,2,1,2,5,2,2,1
14634,1,4,7,2,1,16,13,1,4,3,12,8,3,2,1,0,1,3,1,7,1,4,3,2,2,1
14666,1,7,5,3,5,12,1,1,8,1,9,7,2,2,1,0,1,3,1,3,1,2,3,2,4,1
14668,1,8,3,4,1,15,13,1,2,4,2,1,2,2,1,0,2,3,1,4,2,2,3,2,2,1
14670,0,5,4,4,4,17,13,1,10,1,6,8,2,3,6,0,1,1,1,5,1,4,3,2,2,1
14675,0,5,6,4,1,2,13,2,10,1,7,8,2,3,5,0,1,3,1,8,1,4,3,2,3,1
14677,0,7,6,4,1,6,13,1,3,4,5,1,2,2,1,0,2,3,1,5,3,2,5,3,3,1
14679,0,7,2,4,5,9,1,1,7,1,8,1,3,2,1,0,1,3,1,6,1,2,3,2,2,1
14681,0,5,1,4,2,10,13,1,10,1,8,8,3,3,4,0,1,1,1,5,1,3,3,2,2,1
14683,0,9,4,4,1,19,13,5,2,1,6,8,2,3,4,0,1,1,1,5,1,4,3,2,2,1
14686,0,11,5,3,1,13,10,1,4,5,6,7,2,2,1,1,11,1,1,4,1,2,6,2,4,1
14688,0,6,4,4,1,20,13,5,8,3,8,7,2,2,1,0,1,1,1,5,1,3,3,2,2,1
14690,1,8,6,3,1,21,13,3,7,4,8,1,2,2,1,0,2,3,1,4,2,2,5,2,5,1
14692,1,10,2,2,1,17,13,5,7,4,12,8,2,2,1,0,8,3,1,2,1,2,5,2,2,1
14695,1,7,1,4,1,20,13,3,7,3,9,1,2,2,1,0,2,3,1,4,3,2,5,2,5,1
14696,1,7,7,4,4,13,13,1,7,1,4,8,2,3,4,0,1,1,2,4,1,4,3,2,2,1
14700,1,6,7,4,1,17,1,1,7,1,8,8,3,3,4,0,1,2,1,5,1,3,3,2,2,1
14702,0,7,1,4,5,16,1,1,7,1,8,8,3,3,4,0,1,1,1,6,1,4,3,2,2,1
14706,0,4,1,4,1,12,13,1,2,4,2,1,2,2,1,0,2,1,1,4,2,2,3,2,2,1
14707,0,6,6,4,5,23,1,2,4,1,3,8,2,3,4,0,1,1,1,6,1,4,3,2,2,1
14709,1,8,7,2,4,11,13,1,8,1,4,1,2,3,4,0,1,1,2,3,1,2,3,2,2,1
14710,0,3,5,4,1,16,13,1,10,4,4,1,2,2,1,0,4,1,1,6,1,2,3,2,2,1
14715,1,10,1,4,1,12,13,1,7,3,4,8,2,2,1,0,1,1,1,4,1,3,3,2,2,1
14716,0,12,6,4,1,16,11,1,7,6,4,8,2,2,1,0,1,1,1,4,1,3,3,2,2,1
14720,1,8,5,4,4,12,13,1,4,1,5,8,2,3,4,0,1,1,1,3,1,4,3,2,2,1
14722,0,8,3,4,5,17,1,1,10,1,5,8,2,2,1,0,1,1,1,4,1,4,3,2,2,1
14725,0,4,7,4,2,15,13,1,2,1,5,1,2,3,4,0,1,1,1,5,1,2,3,2,2,1
14729,0,12,6,4,5,12,1,1,10,3,6,8,2,2,1,0,1,1,1,3,1,3,3,2,2,1
14730,1,7,6,4,1,12,13,1,2,3,6,8,2,2,1,0,1,1,1,3,1,3,3,2,2,1
14733,1,7,4,4,1,19,13,1,4,4,6,1,2,2,1,0,2,1,1,3,2,2,6,2,2,1
14735,0,6,5,4,5,24,1,2,11,1,6,1,2,3,3,1,12,1,1,6,1,2,7,2,4,1
14737,1,9,4,4,1,17,13,1,4,4,6,1,2,2,1,0,2,1,1,4,3,2,3,2,3,1
14738,1,9,4,4,1,23,13,3,3,3,6,1,2,2,1,1,2,1,1,3,3,2,3,2,2,1
14743,0,8,5,4,1,7,13,1,10,4,6,1,2,2,1,0,3,1,1,3,3,2,5,2,2,1
14746,1,6,1,4,1,11,13,1,10,3,7,8,2,2,1,0,1,1,1,3,1,4,4,2,2,1
14747,1,8,1,4,1,11,13,1,7,3,7,8,2,2,1,0,1,1,1,3,1,3,4,2,2,1
14749,1,5,3,4,1,14,13,1,10,4,7,1,2,2,1,0,2,1,1,4,2,2,5,2,4,1
14752,1,8,7,4,1,19,13,1,7,4,7,1,3,2,1,0,2,1,1,4,2,2,6,2,3,1
14753,1,7,7,4,1,19,13,1,7,4,7,1,3,2,1,0,2,1,1,4,2,2,6,2,3,1
14756,0,5,1,4,1,18,13,1,4,1,7,1,2,3,7,0,1,1,1,4,1,2,3,2,2,1
14759,1,7,5,4,4,19,12,1,7,1,7,8,2,3,4,0,1,1,1,5,1,3,3,2,2,1
14760,1,8,2,4,1,17,13,1,7,4,8,1,2,2,1,0,2,1,1,3,2,2,5,3,2,1
14763,0,8,2,4,5,10,1,1,7,1,6,8,2,3,4,0,1,1,1,3,1,4,3,2,2,1
14765,0,8,7,4,5,19,2,1,2,1,8,8,2,3,4,0,1,1,1,5,1,4,3,2,2,1
14766,0,5,6,4,1,16,13,1,8,3,8,8,2,2,1,0,1,1,2,4,1,3,3,2,2,1
14767,0,8,4,4,1,13,11,1,10,5,8,1,2,2,1,1,12,1,1,4,1,2,6,2,4,1
14772,0,4,2,4,1,10,13,1,4,3,8,7,3,2,1,0,1,1,1,6,1,2,3,2,2,1
14773,1,8,3,4,1,16,13,1,7,4,8,1,2,2,1,0,2,1,1,2,3,2,3,2,2,1
14777,0,6,2,4,1,21,13,2,2,1,8,7,3,3,4,0,1,1,1,4,1,4,3,2,2,1
14779,1,5,1,4,1,12,13,1,3,3,8,8,2,2,1,0,1,1,1,5,1,4,4,2,2,1
14780,1,3,7,4,5,24,1,2,2,1,9,1,2,3,4,0,1,1,1,5,1,2,5,2,3,1
14785,1,4,6,4,1,14,1,1,2,1,9,8,2,2,1,0,1,1,1,4,1,3,3,3,2,1
14790,1,6,2,4,1,21,10,3,7,4,10,1,2,2,1,0,2,1,1,3,2,2,4,2,4,1
14791,1,7,7,4,1,15,13,1,10,3,10,8,2,2,1,0,1,1,1,5,1,3,3,2,2,1
14792,0,8,1,4,1,1,13,2,7,2,8,1,2,2,1,0,1,1,1,6,1,2,4,2,4,1
14794,1,10,7,4,1,11,13,1,8,3,10,8,2,2,1,0,1,1,1,3,1,3,3,2,2,1
14795,0,8,7,4,1,11,13,1,7,3,10,8,2,2,1,0,1,1,1,3,1,3,3,2,2,1
14801,1,7,1,4,1,19,12,1,7,1,10,1,2,2,1,0,1,1,1,4,1,2,5,2,2,1
14802,1,6,7,4,1,13,13,1,7,4,10,1,2,2,1,0,2,1,1,4,3,2,5,2,4,1
14804,0,3,1,4,1,15,13,1,10,4,11,1,2,2,1,0,8,1,1,4,1,2,7,2,3,1
14808,1,5,3,4,1,14,13,1,2,4,11,1,2,2,1,0,2,1,1,3,3,2,4,2,3,1
14864,1,9,4,4,1,15,7,1,7,2,9,5,2,2,1,0,1,1,1,2,1,2,3,2,2,1
14886,0,9,6,4,1,15,13,1,8,3,9,1,2,2,1,0,2,1,1,3,3,2,3,2,2,1
14919,1,9,3,4,1,15,13,1,8,4,4,1,3,2,1,0,2,3,1,4,2,2,3,2,2,1
14921,1,8,6,4,1,15,13,1,7,4,4,8,2,2,1,0,2,3,1,3,3,3,3,2,2,1
14922,0,10,5,4,1,15,13,1,7,3,5,1,2,3,2,0,3,2,1,4,2,2,3,2,2,1
14924,1,8,6,4,1,15,2,1,7,4,5,8,2,2,1,0,2,3,1,2,2,2,3,2,3,1
14926,1,10,5,4,1,16,11,1,10,4,5,1,2,2,1,0,2,3,1,3,2,2,3,2,2,1
14927,1,5,4,3,5,22,2,3,7,1,5,6,2,2,1,1,5,3,1,4,1,2,2,2,7,1
14929,0,7,7,4,1,13,13,1,7,4,5,1,3,2,1,0,2,3,1,4,2,2,3,2,2,1
14935,0,4,2,4,1,22,13,2,10,3,6,1,2,2,1,0,1,2,1,8,1,2,3,2,2,1
14936,1,8,2,3,1,13,13,1,7,1,6,8,3,2,1,0,1,3,1,4,1,4,3,2,2,1
14937,1,5,3,4,1,13,13,1,4,4,6,1,3,2,1,0,2,3,1,4,2,2,3,2,2,1
14941,1,11,3,3,1,12,13,1,2,4,6,8,2,2,1,0,2,3,1,4,2,3,3,2,2,1
14943,1,5,5,2,2,20,1,3,4,1,6,1,2,2,1,0,1,3,1,2,1,2,3,8,2,7
14945,1,9,1,4,1,12,13,1,7,2,6,1,2,2,1,0,2,3,1,4,3,2,3,2,2,1
14946,0,5,4,3,1,21,13,2,7,1,6,1,2,2,1,0,1,3,1,4,1,2,3,2,2,1
14950,1,3,1,4,5,2,1,3,8,1,7,2,3,2,1,0,3,3,1,7,3,2,3,2,2,1
14952,1,8,4,3,1,19,13,1,10,1,7,1,2,2,1,0,1,3,1,4,1,2,3,2,2,1
14953,0,7,3,4,1,19,13,1,7,4,7,1,2,2,1,0,2,3,1,4,2,2,3,2,2,1
14959,0,10,6,4,1,4,13,4,2,1,7,1,2,2,1,0,1,3,1,4,1,2,3,2,2,1
14960,1,7,5,4,1,6,13,1,2,4,7,1,2,2,1,0,2,3,1,4,3,2,3,2,2,1
14969,0,6,1,4,5,19,1,1,7,1,8,8,2,2,1,0,1,3,1,4,1,4,3,2,2,1
14971,1,8,5,1,5,18,1,1,2,1,8,8,3,2,1,0,8,2,2,2,1,2,3,2,2,1
14972,1,8,7,4,5,19,1,1,7,1,8,1,2,3,4,0,1,3,1,3,1,2,3,2,2,1
14973,0,6,7,2,1,16,7,1,2,2,8,7,2,2,1,0,8,3,1,4,1,2,3,2,2,1
14974,1,6,7,3,1,16,13,1,8,2,8,1,2,2,1,0,8,3,1,4,1,2,3,2,2,1
14976,0,7,1,4,1,18,13,1,2,3,8,8,2,2,1,0,1,3,1,4,1,3,3,2,2,1
14977,0,9,4,4,1,15,13,1,2,3,8,8,2,2,1,0,1,3,1,3,1,4,3,2,2,1
14979,0,7,1,4,4,19,13,1,10,1,8,8,2,3,4,0,1,3,1,6,1,4,3,2,2,1
14981,1,10,5,4,1,18,2,1,4,4,8,1,2,2,1,0,2,3,1,4,3,2,3,2,2,1
14982,0,8,3,3,1,11,13,1,7,2,8,2,3,2,1,0,1,3,1,4,1,2,3,2,3,1
14987,0,8,4,4,1,20,13,1,7,4,8,1,2,2,1,0,2,3,1,4,2,2,3,2,5,1
14990,1,8,2,4,5,5,1,4,7,1,8,1,2,2,1,0,1,3,1,4,1,2,3,2,2,1
14991,0,10,2,3,5,11,1,1,7,1,8,1,2,2,1,0,2,3,1,3,2,2,3,2,2,1
14992,1,4,1,2,1,20,20,3,10,4,8,1,2,2,1,0,2,3,1,3,2,2,3,2,2,1
15001,1,10,6,4,5,23,13,2,7,1,9,8,2,3,4,0,1,3,1,4,1,3,3,2,2,1
15006,0,8,1,2,1,15,7,1,7,2,10,1,2,2,1,0,1,3,1,4,1,2,3,2,2,1
15007,1,8,1,3,1,15,13,1,7,2,10,1,2,2,1,0,1,3,1,4,1,2,3,2,2,1
15009,0,5,4,4,1,14,1,1,4,1,5,8,2,3,4,0,3,3,1,6,4,2,3,2,2,1
15016,0,7,3,4,5,8,1,1,7,1,7,1,3,2,1,0,8,3,1,4,1,2,3,2,2,1
15018,0,8,1,4,1,1,13,3,7,3,7,1,2,2,1,1,12,3,1,5,1,2,3,2,4,1
15020,1,7,5,4,1,14,2,1,7,4,8,1,2,2,1,0,2,3,1,5,3,2,3,2,2,1
15023,1,10,6,4,1,18,12,1,7,1,8,1,2,3,4,0,1,3,1,5,1,2,3,2,2,1
15025,1,10,7,4,1,12,7,1,7,2,9,7,2,2,1,0,8,3,2,4,1,2,3,2,2,1
15027,0,8,7,4,1,18,7,2,2,2,12,1,2,2,1,0,1,2,1,5,1,2,3,2,4,1
15030,1,7,6,4,1,22,13,3,2,4,2,1,2,2,1,0,2,1,1,4,2,2,3,2,3,1
15031,0,4,6,4,1,12,13,1,4,3,2,8,2,2,1,0,1,1,1,4,1,3,3,2,2,1
15033,1,7,4,4,5,17,13,3,4,1,3,8,2,3,4,0,1,2,1,5,1,4,3,2,2,1
15034,1,8,2,4,1,15,7,1,10,2,3,5,2,2,1,0,1,1,1,2,1,2,3,2,2,1
15035,1,7,5,1,5,20,1,3,7,1,3,8,2,3,4,0,8,1,1,2,1,2,3,2,2,1
15037,1,9,4,4,1,10,13,1,2,4,3,1,2,2,1,0,2,2,1,4,2,2,3,2,2,1
15038,1,9,1,4,1,17,12,1,7,6,3,8,2,2,1,0,1,1,1,3,1,3,3,2,2,1
15039,1,10,2,4,5,12,1,1,7,1,3,8,2,3,4,0,1,1,1,3,1,4,3,2,2,1
15040,0,8,4,4,1,5,4,3,7,4,3,8,2,2,1,0,2,1,1,4,2,4,3,2,3,1
15042,0,8,6,4,1,14,13,1,7,3,3,8,3,2,1,0,1,1,1,5,1,3,3,2,2,1
15044,0,5,1,4,5,17,12,1,4,6,3,8,2,2,1,0,1,1,1,4,1,3,3,2,2,1
15045,1,9,7,4,4,10,13,1,7,1,4,1,2,3,4,0,1,1,1,5,1,2,3,2,3,1
15046,0,4,1,4,5,23,1,3,4,1,4,8,2,3,4,0,1,3,1,5,1,4,3,2,2,1
15049,1,3,2,4,1,14,13,1,4,1,4,8,2,3,4,0,1,3,1,7,1,3,3,2,2,1
15050,1,4,3,4,5,21,1,3,10,1,4,8,2,2,1,0,1,1,1,4,1,4,3,2,2,1
15052,0,4,5,4,1,7,13,1,4,4,5,1,2,2,1,0,8,1,1,4,1,2,3,2,2,1
15055,0,8,7,4,1,22,13,3,4,4,5,1,2,2,1,0,2,1,1,5,2,2,3,2,2,1
15056,1,10,7,4,1,10,13,1,7,4,5,1,2,2,1,0,8,3,1,5,1,2,3,2,2,1
15057,1,6,7,4,1,14,13,1,7,4,5,7,2,2,1,0,1,1,1,4,1,2,3,2,2,1
15060,0,6,6,4,1,5,13,4,10,1,6,8,2,3,4,0,1,3,1,4,1,3,3,2,2,1
15062,0,4,1,4,1,23,13,3,4,2,6,1,2,2,1,0,1,1,1,7,1,2,4,2,4,1
15066,0,8,6,4,5,21,13,3,7,1,6,1,2,3,4,0,3,1,1,4,1,2,3,2,2,1
15068,0,6,1,4,1,3,13,3,4,3,6,1,2,2,1,0,1,1,1,6,1,2,3,2,4,1
15069,1,2,2,4,1,20,10,3,4,4,6,8,2,2,1,0,8,1,1,4,1,4,3,2,2,1
15070,0,9,2,4,2,21,13,3,7,1,6,8,2,3,4,0,1,1,1,5,1,3,3,2,3,1
15072,1,7,4,4,1,11,4,1,7,4,6,1,2,2,1,0,8,1,1,4,1,2,3,2,2,1
15073,0,7,6,4,2,3,13,3,4,1,6,8,2,3,4,0,1,1,1,5,1,4,3,2,2,1
15077,0,8,7,4,5,13,13,1,7,1,7,7,2,3,4,0,1,1,1,5,1,2,3,2,2,1
15078,1,5,2,4,1,19,11,5,7,1,7,8,2,3,4,0,1,1,1,4,1,4,3,2,2,1
15083,0,5,1,4,4,16,13,1,10,1,7,1,2,3,4,0,1,3,1,6,1,2,3,2,2,1
15086,0,6,2,4,1,21,13,3,8,1,8,8,2,3,4,0,1,1,1,5,1,4,3,2,2,1
15089,0,7,3,4,4,16,13,1,1,1,8,8,2,3,4,0,1,1,1,5,1,3,3,2,2,1
15090,1,6,4,4,5,13,1,1,2,1,8,8,2,3,4,0,5,2,1,6,1,3,4,2,7,1
15094,1,8,6,4,5,23,1,3,7,1,8,1,2,3,4,0,1,2,1,5,1,2,3,2,2,1
15096,1,6,6,4,1,17,13,1,4,4,9,1,2,2,1,0,2,1,1,6,2,2,3,2,2,1
15098,1,7,5,4,1,16,13,1,7,2,9,1,2,2,1,0,3,2,1,4,3,2,3,2,2,1
15100,1,3,7,4,5,22,1,3,7,1,9,8,2,3,4,0,1,2,1,4,1,3,3,2,2,1
15102,1,12,5,4,4,12,13,1,7,1,9,8,2,3,4,0,1,1,1,5,1,4,3,2,3,1
15106,0,5,7,4,1,12,3,1,2,4,10,1,2,2,1,0,8,2,1,4,1,2,3,2,2,1
15107,1,9,7,4,1,13,13,1,7,4,10,1,2,2,1,0,2,2,1,4,2,2,3,2,3,1
15109,0,9,4,4,1,16,11,1,8,4,10,1,2,2,1,0,3,1,1,4,2,2,3,2,3,1
15114,0,7,4,4,1,7,13,1,7,4,11,1,2,2,1,0,2,2,1,5,2,2,3,2,3,1
15115,0,4,1,4,1,20,13,2,4,4,10,1,2,2,1,0,8,1,1,5,1,2,3,2,3,1
15116,1,6,5,3,5,22,1,3,4,1,11,3,2,2,1,0,1,1,1,3,1,2,3,2,2,1
15117,0,2,7,4,1,9,18,1,2,4,11,1,2,2,1,0,8,3,1,2,1,2,3,2,2,1
15118,0,8,4,4,1,19,13,3,7,1,12,1,2,2,1,0,1,2,1,5,1,2,3,2,3,1
15126,1,10,4,4,1,17,13,1,7,4,8,1,2,2,1,0,2,1,1,3,2,2,3,2,2,1
15132,0,8,1,2,5,12,1,1,1,1,8,1,3,3,2,0,1,1,1,3,1,2,3,9,2,1
15133,1,10,3,4,1,14,4,1,8,4,8,8,2,2,1,0,2,1,1,2,2,2,3,2,4,1
15137,0,3,3,4,5,18,15,2,4,1,1,8,2,3,4,0,1,3,1,4,1,3,3,2,2,1
15138,0,7,7,4,4,24,15,2,2,1,1,8,2,3,4,0,1,3,1,5,1,4,3,2,2,1
15145,1,10,6,4,5,15,1,1,4,1,2,1,2,2,1,0,1,1,1,3,1,2,3,2,2,1
15147,0,4,3,3,5,20,15,2,10,1,2,8,2,3,3,0,1,1,1,6,1,3,4,2,3,1
15151,1,9,2,4,1,19,19,3,8,6,3,8,2,2,1,0,1,3,1,4,1,4,5,2,5,1
15154,1,8,7,4,1,9,18,1,7,5,3,1,2,2,1,0,1,3,1,4,1,2,3,2,2,1
15157,1,10,2,4,1,16,13,1,2,4,3,1,2,2,1,0,2,3,1,4,3,2,3,2,3,1
15158,1,9,3,4,1,17,13,1,2,4,2,1,2,2,1,0,2,3,1,3,2,2,3,2,2,1
15161,1,9,5,4,1,17,13,1,7,4,2,1,2,2,1,0,2,3,1,3,2,2,6,2,5,1
15162,0,3,1,4,1,12,13,1,2,4,3,1,3,2,1,0,2,1,1,4,3,2,3,2,3,1
15163,1,5,5,4,1,18,13,5,4,4,3,1,3,2,1,0,2,3,2,3,2,2,5,2,5,1
15164,1,9,7,4,1,16,18,1,7,4,3,1,3,2,1,0,2,3,1,4,2,2,4,2,3,1
15169,0,8,7,4,5,16,1,1,7,4,4,1,2,2,1,1,12,3,1,5,1,2,5,2,4,1
15176,0,4,5,4,1,8,1,1,8,1,4,8,2,2,1,0,2,1,1,3,2,2,5,2,2,1
15180,0,9,1,4,1,13,13,1,7,3,4,8,2,2,1,0,1,3,1,4,1,3,3,2,2,1
15181,1,7,1,4,5,13,1,1,7,3,4,8,2,2,1,0,1,1,2,4,1,3,3,2,2,1
15184,1,10,6,4,1,16,22,1,7,4,4,1,3,2,1,0,1,1,1,5,1,2,3,2,3,1
15185,1,5,1,4,1,1,13,3,4,2,5,1,2,2,1,0,3,3,1,3,2,2,4,2,3,1
15187,1,8,1,4,5,18,13,1,7,2,5,7,2,3,2,0,1,1,1,5,1,2,3,2,2,1
15189,0,6,7,4,1,21,13,2,7,1,5,1,2,2,1,0,1,3,1,4,1,2,4,2,4,1
15193,1,9,7,4,5,15,15,1,7,1,5,1,2,2,1,0,1,3,1,3,1,2,3,2,2,1
15194,1,7,7,4,5,13,1,1,7,1,5,1,3,3,2,0,1,3,1,5,1,2,8,2,4,1
15196,0,10,7,3,1,15,13,1,7,1,5,8,2,3,4,0,1,3,1,4,1,4,4,2,2,1
15202,1,7,6,4,1,22,21,3,4,1,5,1,2,2,3,0,8,3,1,3,1,2,4,2,3,1
15203,0,9,1,4,1,21,13,3,10,3,5,8,2,2,1,0,1,3,1,5,1,3,6,2,5,1
15205,1,9,2,4,1,10,7,1,2,2,6,1,2,2,1,0,1,1,1,4,1,2,3,2,3,1
15206,0,12,7,4,5,22,15,2,4,1,6,1,2,3,4,0,1,1,1,5,1,2,3,2,3,1
15207,1,6,6,4,1,13,13,1,4,2,6,8,3,2,1,0,1,1,1,6,1,4,3,2,4,1
15210,0,5,6,4,1,17,13,1,10,4,6,1,2,2,1,0,2,3,1,5,3,2,3,2,2,1
15214,1,9,6,4,5,20,15,2,7,1,7,1,2,3,3,0,1,1,1,5,1,2,3,2,3,1
15215,0,7,4,4,2,4,15,1,2,1,7,8,2,3,4,0,1,3,1,4,1,4,3,2,2,1
15216,0,7,4,4,1,7,7,1,4,2,7,7,2,2,1,0,1,1,1,5,1,2,7,2,4,1
15217,1,5,6,4,1,23,13,2,2,4,7,7,2,2,1,0,2,3,1,5,3,2,3,2,2,1
15219,1,6,6,4,1,4,1,3,4,1,7,1,2,2,1,0,2,1,1,3,2,2,6,2,5,1
15220,0,9,6,4,1,8,13,1,2,4,8,1,3,2,1,0,8,1,1,3,1,2,3,2,2,1
15222,0,3,2,4,1,20,13,3,4,4,8,1,3,2,1,0,2,3,1,4,2,2,4,2,3,1
15230,0,3,4,4,4,2,15,2,2,1,9,8,2,3,4,0,1,1,1,7,1,4,3,2,3,1
15231,0,8,6,4,5,20,21,2,7,1,9,8,2,3,4,0,1,3,1,3,1,4,3,2,2,1
15232,1,4,7,4,1,2,13,2,4,2,9,1,2,2,1,0,1,1,1,6,1,2,5,2,2,1
15233,1,3,7,4,1,4,1,3,10,1,9,1,2,2,1,1,2,3,1,4,3,2,4,2,3,1
15236,1,9,7,4,1,11,18,1,7,6,9,8,2,2,1,0,1,1,1,3,1,3,3,2,2,1
15237,0,10,7,4,1,11,18,1,7,6,9,8,2,2,1,0,1,1,1,3,1,4,3,2,2,1
15239,0,8,7,4,1,1,7,3,2,2,9,1,2,2,1,0,1,3,1,4,1,2,5,2,5,1
15241,1,4,4,4,1,22,13,3,4,4,8,1,2,2,1,0,2,1,1,3,2,2,5,2,5,1
15243,1,3,2,4,1,20,13,3,2,3,8,1,2,2,1,0,8,1,1,3,1,2,6,2,5,1
15246,1,7,5,4,5,14,1,1,7,1,9,8,2,3,4,0,1,3,1,4,1,4,3,2,2,1
15250,1,6,4,4,5,17,1,5,7,1,10,1,3,2,1,0,1,1,1,4,1,2,4,2,4,1
15253,1,4,2,4,1,16,13,1,7,4,10,1,2,2,1,0,2,3,2,3,2,2,4,2,4,1
15256,1,3,7,4,5,24,1,3,10,1,9,8,3,2,1,0,1,1,1,4,1,3,4,2,2,1
15257,1,10,7,4,1,12,1,1,7,1,9,2,3,2,1,0,1,3,1,5,1,2,5,2,4,1
15258,1,4,7,4,1,12,15,1,2,1,9,2,3,2,1,0,1,3,1,5,1,2,5,2,4,1
15260,0,3,1,4,1,15,1,1,4,1,9,1,3,2,1,0,8,1,1,5,1,2,3,2,3,1
15264,0,4,1,4,1,24,13,3,7,1,10,1,2,3,4,0,3,3,2,3,3,2,5,2,5,1
15266,1,11,4,4,5,9,1,1,7,1,10,8,2,3,4,0,1,1,1,4,1,4,3,2,2,1
15267,1,6,5,4,1,17,13,1,3,4,10,1,3,2,1,0,8,1,1,3,1,2,5,2,5,1
15270,1,9,4,4,1,17,18,1,7,4,11,8,2,2,1,0,2,3,1,2,3,2,2,2,3,1
15271,1,9,3,4,1,23,13,3,7,1,11,1,2,3,4,0,1,3,1,5,1,2,5,2,4,1
15272,0,8,7,4,5,14,1,1,7,1,11,1,2,3,2,0,1,1,1,5,1,2,3,2,2,1
15273,1,8,4,4,5,14,1,1,7,1,11,1,3,2,1,0,8,3,1,3,1,2,3,2,2,1
15276,1,4,6,4,1,13,13,1,4,2,11,7,2,2,1,1,12,1,1,3,1,2,4,2,6,1
15278,0,7,7,4,1,13,7,1,10,2,11,2,2,2,1,0,1,3,1,3,1,2,5,2,5,1
15283,0,5,4,4,1,16,13,1,2,4,12,1,3,2,1,0,2,1,1,4,3,2,4,2,3,1
15284,0,3,6,3,5,20,1,2,2,4,11,1,2,2,1,0,8,1,1,4,1,2,3,2,3,1
15286,1,3,3,4,1,20,13,3,2,4,11,1,2,2,1,0,2,1,1,4,2,2,6,2,5,1
15287,1,3,7,4,1,12,13,1,4,4,11,1,2,2,1,0,3,1,1,3,2,2,5,2,5,1
15288,1,10,3,4,1,17,13,5,10,2,11,1,2,2,1,0,1,1,1,3,1,2,5,2,4,1
15293,1,8,6,4,1,12,13,1,10,4,12,1,2,2,1,0,2,3,1,4,3,2,5,2,5,1
15296,0,3,4,4,1,18,13,6,2,3,3,1,2,2,1,0,1,1,1,7,1,2,3,2,2,1
15338,1,3,3,3,5,24,2,6,8,1,8,1,2,3,3,0,1,3,1,4,1,2,3,2,4,1
15370,0,7,3,4,5,15,1,1,7,1,1,8,2,3,5,0,1,1,1,4,1,3,3,2,2,1
15372,0,7,5,4,1,18,13,3,7,4,1,1,2,2,1,0,2,2,1,4,3,2,5,2,5,1
15373,1,3,3,4,1,9,13,1,4,3,1,1,2,2,1,0,3,2,1,3,2,2,5,2,5,1
15374,1,8,4,4,1,17,21,3,7,5,1,8,2,2,1,0,1,2,1,5,1,4,4,2,4,1
15375,0,6,6,4,1,20,1,3,2,1,1,1,2,2,1,0,1,2,1,4,1,2,5,2,5,1
15377,1,13,7,4,1,7,18,1,7,1,1,8,2,3,3,0,1,2,1,5,1,2,6,2,4,1
15379,0,3,7,3,1,14,18,1,2,6,1,1,2,2,1,0,1,2,1,2,1,2,6,2,5,1
15380,1,9,6,4,5,15,13,1,7,1,1,8,2,3,4,0,1,1,1,4,1,4,3,2,2,1
15381,0,10,1,4,1,11,1,1,3,6,1,8,3,2,1,0,1,2,1,4,1,3,3,2,2,1
15383,0,6,2,4,1,10,13,1,1,3,1,8,2,2,1,0,3,1,1,4,4,4,3,3,2,1