id,Severity,age_classes,day_week,DEFORMED_classes,m_harm_classes,hour,impact1_classes,lgt_cond,make,man_coll,month,p_crash1,pcrash4,pcrash5,rel_road,reljct1,reljct2,rest_use,sex,speed_classes,typ_int,valign,vnum_lan,vsurcond,vtrafway,weather_classes
16100,1,9,1,4,1,9,13,1,7,4,1,1,2,2,1,0,2,3,1,4,3,2,3,2,3,1
16101,1,9,7,4,1,24,13,3,7,2,1,1,2,2,1,0,2,3,1,4,3,2,5,2,3,1
16103,0,5,2,4,1,17,13,1,8,4,2,1,2,2,1,0,2,1,1,6,2,2,4,2,3,1
16105,0,8,6,4,1,12,7,1,4,2,3,1,2,2,1,0,1,3,1,2,1,2,3,2,2,1
16107,0,5,1,4,1,4,13,2,7,1,5,8,2,3,4,0,1,3,1,4,1,4,3,2,2,1
16108,1,6,4,4,1,22,13,3,4,2,5,1,2,2,1,0,1,1,1,5,1,2,6,2,4,1
16113,0,3,1,4,1,7,13,1,8,4,4,1,2,2,1,0,8,1,1,4,1,2,3,2,2,1
16116,0,8,5,4,1,18,13,1,7,4,4,1,2,2,1,0,2,3,1,3,2,2,3,2,3,1
16117,1,7,1,4,1,20,13,3,7,3,4,1,2,2,1,0,2,3,1,4,2,2,3,2,3,1
16119,1,4,2,4,1,15,13,1,2,4,4,1,2,2,1,0,2,1,1,4,2,2,5,2,5,1
16120,0,3,5,4,1,23,13,2,10,2,4,1,2,2,1,0,1,1,1,6,1,2,4,2,4,1
16121,1,7,7,4,5,6,1,4,10,1,4,8,2,3,4,1,5,1,1,4,1,3,3,2,7,1
16123,0,4,6,4,5,23,4,3,10,1,5,8,2,3,4,0,1,1,1,7,1,4,3,2,4,1
16125,1,4,5,4,1,9,13,1,8,4,2,1,2,2,1,0,2,3,1,4,3,2,3,2,3,1
16126,0,6,1,4,1,23,13,3,7,4,4,1,2,2,1,0,2,3,1,4,2,2,3,2,3,1
16128,0,7,6,4,1,21,13,3,7,4,4,1,2,2,1,1,2,3,1,4,2,2,4,2,3,1
16129,0,7,3,4,1,23,7,3,7,2,3,1,2,2,1,0,1,3,1,4,1,2,5,2,3,1
16130,1,6,3,4,5,23,1,3,7,2,3,1,2,2,1,0,1,3,1,4,1,2,5,2,3,1
16131,0,11,3,4,1,23,13,3,7,2,3,1,2,2,1,0,1,3,1,4,1,2,5,2,3,1
16133,1,9,7,4,1,14,4,1,7,4,4,1,2,2,1,0,2,3,1,4,2,2,3,2,5,1
16138,1,8,7,4,1,20,13,3,7,2,2,7,2,2,1,0,3,3,1,4,3,2,4,2,3,1
16139,1,8,6,4,1,14,13,1,7,4,2,1,2,2,1,0,2,3,1,4,2,2,3,2,3,1
16140,1,7,2,4,1,16,13,1,4,4,3,8,2,2,1,0,2,3,1,3,3,2,3,2,2,1
16141,1,3,4,4,5,6,1,2,8,1,3,1,2,2,1,0,1,1,1,6,1,2,4,2,4,1
16143,0,12,4,4,1,13,8,1,7,4,3,8,2,2,1,0,1,3,1,2,1,2,3,2,3,1
16145,0,9,4,4,1,13,13,1,7,4,3,1,2,2,1,0,1,3,1,4,1,2,3,2,3,1
16147,1,5,5,1,1,2,2,3,7,4,3,1,2,2,1,0,1,1,1,4,1,2,3,3,3,1
16149,1,10,1,4,5,20,1,3,7,1,3,8,2,3,4,0,1,3,1,4,1,3,3,2,2,1
16151,1,10,3,4,1,12,13,1,10,4,4,1,2,2,1,0,2,3,1,4,2,2,4,2,3,1
16152,0,9,6,4,1,15,13,1,7,3,4,1,2,2,1,0,2,3,1,4,2,2,4,2,3,1
16153,0,4,1,4,1,2,7,3,7,2,5,5,2,2,1,0,2,3,1,2,2,2,3,2,5,1
16155,0,11,3,4,1,9,10,1,4,4,5,8,2,2,1,0,2,1,1,2,2,2,4,2,3,1
16157,1,4,5,4,1,11,13,1,8,4,5,1,2,2,1,0,2,3,1,4,2,2,3,2,3,1
16159,1,8,1,4,1,15,13,1,7,4,5,1,2,2,1,0,2,3,1,4,2,2,3,2,5,1
16162,1,7,4,4,1,19,5,1,2,1,5,8,2,3,4,1,5,3,1,4,1,4,3,2,7,1
16163,1,10,5,4,1,13,13,1,7,2,5,1,2,2,1,0,1,1,1,5,1,2,3,2,2,1
16164,1,4,6,4,1,16,13,1,4,4,1,7,2,2,1,0,2,1,1,4,2,2,3,2,2,1
16167,1,4,1,4,1,4,13,3,4,2,6,1,2,2,1,0,1,1,1,8,1,2,6,2,4,1
16168,1,3,1,4,1,22,13,3,4,2,6,1,2,2,1,0,2,1,1,6,3,2,3,2,3,1
16169,1,3,3,4,1,20,13,5,4,2,5,1,2,2,1,0,1,1,1,5,1,2,3,2,3,1
16171,1,4,4,4,1,20,13,3,2,1,5,8,2,3,3,0,1,3,1,4,1,4,3,2,3,1
16172,1,7,7,4,5,18,1,3,2,1,2,1,2,2,1,0,1,3,1,4,1,2,4,2,3,1
16175,0,9,6,4,1,22,13,2,7,4,2,1,2,2,1,0,2,3,1,5,2,2,3,2,3,1
16177,1,6,1,4,5,1,1,3,2,1,2,1,2,2,1,0,2,3,1,5,3,2,4,2,3,1
16181,0,6,2,4,5,19,13,1,10,4,5,1,2,2,1,0,8,1,1,5,1,2,3,2,2,1
16182,1,9,1,4,1,15,4,1,1,4,5,1,2,2,1,0,2,1,1,3,2,2,3,2,2,1
16184,1,8,2,4,5,18,1,1,7,1,5,8,2,3,4,0,1,3,2,3,1,4,3,2,2,1
16185,1,6,4,4,1,16,13,1,7,4,6,8,2,2,1,0,2,3,1,4,2,3,3,2,5,1
16188,1,10,6,4,1,21,13,2,7,4,6,1,2,2,1,0,2,3,1,4,4,2,3,2,2,1
16190,1,4,1,4,5,19,1,1,2,2,6,1,2,2,1,0,1,1,1,5,1,2,3,2,4,1
16192,0,3,1,4,5,6,1,4,8,1,6,8,2,3,4,0,1,3,1,4,1,4,3,2,2,1
16193,1,9,2,4,1,19,7,5,7,2,6,1,2,2,1,0,1,3,1,4,1,2,3,2,3,1
16194,1,12,3,4,1,12,4,1,4,4,6,1,2,2,1,0,2,3,1,2,2,2,3,2,2,1
16198,0,8,7,4,1,24,13,2,7,1,6,1,2,2,1,0,1,3,1,4,1,2,3,2,3,1
16202,0,4,2,4,1,21,13,3,4,4,4,1,2,2,1,0,2,1,1,7,2,2,4,2,3,1
16203,0,3,7,4,1,16,13,1,10,4,4,1,2,2,1,0,2,3,1,3,3,2,3,2,2,1
16205,0,7,2,4,1,24,13,2,7,3,6,7,2,2,1,0,1,3,1,4,1,2,3,2,2,1
16207,0,11,6,4,1,16,13,1,7,4,6,1,2,2,1,0,2,3,1,4,2,2,3,2,2,1
16211,0,4,3,4,5,7,1,1,10,1,6,8,3,2,1,0,8,1,1,3,1,4,3,2,2,1
16213,1,9,1,4,5,10,13,1,6,2,6,1,2,2,1,0,1,1,1,5,1,2,3,2,3,1
16214,1,4,4,4,1,20,13,1,10,4,6,8,2,2,1,0,2,1,1,4,2,2,3,2,2,1
16215,0,9,5,4,1,21,13,3,7,4,6,1,2,2,1,0,2,3,1,4,2,2,4,3,3,1
16216,1,13,1,4,5,19,13,3,4,1,3,1,2,3,4,0,2,1,1,4,2,2,3,2,2,1
16217,1,4,5,4,1,2,13,3,4,2,4,1,2,2,1,0,1,3,1,7,1,2,3,2,2,1
16218,1,4,4,4,1,11,13,1,10,4,4,1,2,2,1,0,2,1,2,4,2,2,5,2,2,1
16219,0,5,4,4,1,7,13,1,4,4,6,1,2,2,1,0,2,1,1,3,2,2,3,2,2,1
16221,1,7,5,4,1,19,5,1,2,4,6,1,2,5,1,0,1,3,1,4,1,2,4,2,3,1
16222,0,4,1,4,1,3,13,2,10,1,6,8,2,3,4,0,1,1,1,5,1,3,3,2,2,1
16224,0,8,5,3,1,9,13,1,7,2,3,1,2,2,1,0,4,3,1,4,1,2,3,2,3,1
16227,0,10,1,4,1,24,13,3,2,3,4,1,2,2,1,0,3,3,1,3,1,2,3,2,2,1
16228,0,7,4,4,1,20,13,3,8,4,6,1,2,2,1,0,2,1,1,5,3,2,4,2,3,1
16229,1,6,1,2,5,20,1,5,2,1,6,7,3,2,1,0,1,3,1,5,1,2,3,2,2,1
16231,1,4,4,4,1,22,13,3,8,1,5,8,2,3,4,0,1,1,1,5,1,4,4,2,4,1
16234,0,2,3,4,1,3,13,3,2,4,7,1,2,2,1,0,2,3,1,4,2,2,3,2,5,1
16235,1,7,4,4,1,10,22,1,7,5,5,1,2,2,1,0,2,3,1,3,3,2,4,2,3,1
16236,0,7,1,4,1,22,7,3,7,2,7,5,2,2,1,0,3,3,1,2,2,2,5,2,3,1
16239,0,7,1,4,1,24,13,2,8,4,6,1,2,2,1,0,2,3,1,3,3,2,3,2,2,1
16240,0,4,2,4,1,21,13,3,8,4,7,1,2,2,1,1,2,1,1,4,2,2,4,2,3,1
16242,0,2,1,4,1,3,13,3,2,4,7,1,2,2,1,0,2,1,1,6,2,2,4,2,3,1
16244,1,7,5,4,5,23,13,2,7,1,5,1,2,3,3,0,1,3,1,4,1,2,2,2,3,1
16245,1,5,6,4,1,16,13,1,4,1,5,1,2,3,5,0,2,1,1,5,3,2,3,2,2,1
16246,0,7,4,4,1,17,13,1,4,2,6,7,2,2,1,0,1,3,1,4,1,2,4,2,3,1
16247,0,7,1,4,1,7,1,1,2,1,7,8,2,2,1,0,1,1,1,4,1,3,4,3,4,1
16248,0,4,1,4,1,23,13,3,2,4,7,1,2,2,1,1,2,1,1,4,3,2,5,2,3,1
16251,0,7,7,4,1,16,3,1,4,4,7,1,2,2,1,0,2,1,1,4,2,2,3,2,3,1
16253,0,10,1,4,1,15,13,1,7,4,7,1,2,2,1,1,2,1,1,4,2,2,3,2,3,1
16254,1,8,5,4,1,15,13,1,7,3,5,1,2,2,1,0,2,3,1,4,2,2,3,2,2,1
16255,1,6,5,3,5,21,1,3,2,1,7,1,2,2,1,0,1,3,1,4,1,2,3,2,2,1
16256,1,3,2,4,1,14,13,1,2,2,7,7,2,2,1,0,1,3,1,5,1,2,4,2,3,1
16257,1,3,1,4,1,1,13,3,10,2,7,1,2,2,1,0,3,1,1,4,3,2,7,2,5,1
16259,0,4,1,4,1,13,1,1,2,1,7,1,2,2,1,0,8,3,1,3,1,2,3,2,2,1
16260,1,4,5,4,1,10,13,1,4,1,7,1,2,2,1,0,2,1,1,5,2,2,4,2,3,1
16265,1,7,5,3,1,17,11,1,10,4,6,8,2,2,1,0,8,3,1,2,1,2,3,2,2,1
16266,0,8,1,4,5,22,1,2,7,1,7,1,3,2,1,0,1,3,1,4,1,2,3,2,2,1
16269,0,9,2,4,1,11,7,1,7,2,7,1,2,2,1,0,1,3,1,2,1,2,3,2,2,1
16272,0,5,3,4,1,6,13,4,4,4,8,8,2,2,1,0,2,2,1,5,2,4,3,2,3,1
16273,1,4,2,4,1,8,13,1,10,4,8,1,2,2,1,0,2,1,1,4,2,2,4,2,3,1
16275,1,8,1,4,1,15,13,1,2,2,8,1,2,2,1,0,1,3,1,4,1,2,3,2,3,1
16276,1,11,7,4,5,7,3,1,10,1,4,8,2,3,4,0,2,1,1,4,3,4,5,3,2,1
16278,1,8,5,4,1,14,13,1,7,2,7,1,2,2,1,0,1,3,1,4,1,2,3,2,2,1
16279,1,10,6,4,1,10,13,1,7,2,2,7,2,2,1,0,1,3,1,3,1,2,4,2,3,1
16280,1,4,6,4,1,16,13,1,4,4,5,1,2,2,1,0,8,3,1,3,1,2,5,2,2,1
16281,0,4,6,4,5,23,21,3,4,1,7,8,2,3,4,1,5,3,1,5,1,4,6,2,7,1
16284,1,7,1,4,1,16,13,1,7,2,8,7,2,2,1,0,1,3,1,5,1,2,6,3,4,1
16289,1,8,1,4,1,12,13,1,7,4,7,1,2,2,1,0,2,3,1,4,2,2,4,2,3,1
16291,0,7,7,4,1,11,13,1,2,4,7,1,2,2,1,0,1,1,1,4,1,2,4,2,3,1
16292,0,3,6,4,1,10,13,1,10,1,8,1,3,3,4,0,1,1,1,4,1,2,3,2,2,1
16293,1,8,5,3,1,8,7,1,10,2,8,1,2,2,1,0,2,1,2,2,3,2,3,2,2,1
16295,0,11,3,4,1,8,13,1,8,2,8,1,2,2,1,1,12,3,1,5,1,2,6,2,4,1
16296,1,5,6,4,1,20,1,3,7,1,8,8,2,3,3,0,1,1,1,5,1,3,3,2,3,1
16297,1,3,1,4,1,13,13,1,8,4,8,1,2,2,1,0,2,1,1,4,3,2,3,2,3,1
16298,1,8,5,4,1,12,13,1,10,4,8,1,2,2,1,0,8,3,1,4,1,2,3,2,3,1
16299,1,8,6,4,5,20,1,2,7,1,8,1,2,2,1,0,1,1,1,5,1,2,3,2,2,1
16300,0,5,2,4,1,20,13,2,4,4,9,1,2,2,1,1,3,1,1,5,3,2,3,2,3,1
16303,0,4,3,4,5,4,13,3,8,2,8,1,2,2,1,0,1,1,1,6,1,2,4,2,4,1
16306,1,4,6,4,1,17,13,1,10,4,5,1,2,2,1,0,2,3,1,4,3,2,5,2,5,1
16307,0,2,5,4,1,24,13,6,4,4,8,1,2,2,1,0,2,1,1,3,2,2,3,2,5,1
16312,1,9,7,4,1,10,7,1,7,2,9,2,2,2,1,0,1,1,1,3,1,2,3,2,3,1
16315,0,10,4,4,1,9,2,1,7,4,9,1,2,2,1,1,2,3,2,4,2,2,3,2,2,1
16318,1,6,5,4,5,21,1,2,2,1,9,8,2,3,3,0,1,3,1,5,1,3,3,2,3,1
16319,1,9,6,4,2,15,13,1,7,1,9,1,2,2,1,0,1,3,1,5,1,2,3,2,4,1
16320,1,5,7,4,5,20,11,2,7,1,9,1,2,3,3,0,2,3,1,3,6,2,3,2,4,1
16321,1,8,1,4,5,13,13,1,7,3,9,8,2,2,1,0,1,2,1,2,1,4,3,2,2,1
16322,0,5,7,4,1,17,13,1,8,2,7,1,2,2,1,0,1,1,1,7,1,2,5,2,3,1
16324,0,3,7,4,1,24,13,3,10,4,9,1,2,2,1,0,1,1,1,4,1,2,3,2,4,1
16327,0,3,7,4,1,24,13,2,4,4,9,8,2,2,1,0,2,1,1,5,2,4,3,2,3,1
16329,1,3,4,4,1,23,13,3,10,2,9,1,2,2,1,0,1,1,1,6,1,2,4,2,4,1
16331,1,8,6,4,1,20,13,3,7,4,9,1,2,2,1,0,2,3,1,4,2,2,3,2,3,1
16333,1,5,4,4,5,14,10,1,4,5,9,7,2,2,1,0,1,3,1,5,1,2,3,2,2,1
16334,1,5,4,4,5,14,4,1,2,5,9,1,2,2,1,0,1,3,1,5,1,2,3,2,2,1
16335,0,4,5,4,1,24,13,2,2,4,9,1,2,2,1,0,2,3,1,6,3,2,4,2,3,1
16337,1,8,1,4,1,9,11,1,2,4,7,1,2,2,1,0,2,3,1,3,2,2,3,2,5,1
16338,1,7,1,4,1,16,2,1,10,4,9,1,2,2,1,0,2,1,1,4,2,2,5,2,3,1
16340,1,9,1,3,1,9,11,1,4,4,9,1,2,2,1,1,2,3,1,4,2,2,3,2,5,1
16341,0,6,3,4,1,7,13,1,2,1,9,1,2,2,1,0,1,1,1,4,1,2,3,2,2,1
16343,1,4,7,4,1,20,13,3,4,4,7,1,2,2,1,0,2,1,1,3,2,2,3,2,2,1
16344,0,6,3,4,5,20,1,3,7,1,9,1,2,2,1,0,1,1,1,4,1,2,3,2,3,1
16347,1,9,3,4,5,11,1,1,10,1,10,1,2,3,3,0,1,1,1,5,1,2,3,2,3,1
16349,0,3,1,4,1,4,13,2,4,2,10,1,2,2,1,0,1,3,1,6,1,2,5,2,2,1
16352,0,11,2,4,1,8,13,1,2,4,9,1,2,2,1,0,2,1,1,4,3,2,3,2,3,1
16353,0,10,3,4,1,18,13,5,10,4,10,1,2,2,1,0,2,3,1,4,2,2,3,2,3,1
16357,1,3,7,4,1,2,13,2,7,4,4,1,2,2,1,0,2,3,1,5,2,2,3,2,3,1
16359,1,3,3,4,1,17,10,1,7,4,10,8,2,2,1,0,8,1,1,2,1,2,3,2,2,1
16361,0,8,6,4,1,16,13,1,4,3,9,8,2,2,1,0,1,3,2,3,1,3,3,2,2,1
16368,1,5,7,4,1,2,13,3,2,1,7,8,2,3,4,0,1,3,1,4,1,3,3,2,2,1
16371,0,2,2,4,1,22,13,3,8,4,10,1,2,2,1,0,2,1,1,7,2,2,6,2,5,1
16372,1,9,2,4,1,14,13,1,7,4,10,7,2,2,1,0,2,3,1,4,3,2,3,2,2,1
16375,1,5,1,4,1,24,13,3,10,4,10,1,2,2,1,0,2,1,1,4,2,2,4,2,3,1
16379,0,2,1,4,1,24,4,2,2,1,10,1,2,3,4,0,3,1,1,3,3,2,3,2,2,1
16381,1,10,1,4,1,17,13,1,7,4,10,1,2,2,1,0,2,1,1,4,3,2,3,2,2,1
16382,1,5,3,4,1,7,13,4,4,4,10,1,2,2,1,0,2,1,1,4,2,2,3,2,2,1
16383,1,5,6,4,1,24,13,2,7,4,10,1,2,2,1,0,8,1,1,3,1,2,7,2,5,1
16384,1,3,7,4,1,2,13,6,2,1,3,8,2,3,4,0,1,1,1,5,1,3,3,2,2,1
16385,0,8,1,4,1,19,13,3,7,4,10,8,2,2,1,0,2,3,1,2,2,2,3,2,3,1
16387,0,5,1,4,1,20,13,3,8,4,10,1,2,2,1,0,2,1,1,5,3,2,4,2,3,1
16388,1,5,3,4,1,21,13,3,10,2,10,1,2,2,1,0,1,1,1,5,1,2,7,3,3,1
16391,0,3,1,4,1,4,13,2,4,1,9,1,2,3,4,0,1,3,1,6,1,2,3,3,5,1
16392,1,6,7,4,1,18,13,5,7,4,10,1,2,2,1,0,2,1,1,4,4,2,3,2,2,1
16393,1,10,4,4,5,16,22,1,8,6,10,1,2,2,1,0,8,3,1,4,1,2,3,2,2,1
16394,0,6,6,4,1,24,13,2,4,1,11,1,2,2,1,0,1,3,1,6,1,2,3,2,2,1
16396,1,8,6,3,5,22,1,2,3,1,10,7,2,2,1,0,1,1,1,3,1,2,3,3,5,1
16398,1,9,7,4,1,13,13,1,7,4,11,1,2,2,1,0,2,1,1,4,3,2,4,2,3,1
16399,1,8,7,4,1,24,4,3,2,4,11,8,2,2,1,0,2,3,1,3,2,2,3,2,3,1
16401,1,9,6,4,1,19,13,3,7,4,10,1,2,2,1,0,2,1,1,4,2,2,5,2,5,1
16403,1,8,6,4,1,14,13,1,3,4,10,1,2,2,1,0,2,3,1,3,2,2,3,2,2,1
16406,1,3,2,4,1,17,23,1,8,4,11,1,2,2,1,0,8,2,1,4,1,2,5,2,4,1
16408,1,7,1,4,5,16,1,1,7,1,8,1,2,2,1,0,3,3,2,4,2,2,3,2,3,1
16409,0,7,6,4,1,22,13,2,10,3,12,1,2,2,1,0,1,1,1,4,1,2,3,2,4,1
16411,1,7,7,2,1,18,21,3,7,5,11,1,2,2,1,0,1,1,1,3,1,2,3,2,3,1
16414,1,5,5,4,1,20,13,3,2,4,8,1,2,2,1,0,2,3,1,3,2,2,5,3,5,1
16415,0,8,5,4,5,20,1,3,7,1,11,8,2,3,4,0,1,1,1,4,1,3,3,2,2,1
16416,0,6,7,4,5,3,1,3,4,1,11,8,2,2,1,1,5,1,1,6,1,4,3,2,7,1
16417,0,8,1,4,1,17,13,2,7,4,11,7,2,2,1,0,2,3,1,2,3,2,3,2,2,1
16419,1,8,2,4,1,14,13,1,2,3,11,1,2,2,1,0,2,1,1,3,3,2,3,2,2,1
16420,0,12,7,4,1,12,13,1,7,4,11,1,3,2,1,0,2,3,1,4,2,2,3,2,3,1
16422,1,10,5,4,1,15,13,1,7,2,11,1,2,2,1,0,2,1,1,4,3,2,3,2,2,1
16423,1,3,1,4,1,21,13,3,2,4,11,1,2,2,1,0,2,1,1,7,2,2,4,2,3,1
16424,1,6,4,4,1,21,13,3,4,4,4,1,2,2,1,0,2,1,1,4,3,2,4,2,3,1
16425,0,3,3,4,1,14,13,1,8,4,7,1,2,2,1,0,2,1,1,7,3,2,3,2,4,1
16434,0,11,1,4,1,15,13,1,7,4,11,1,2,2,1,0,1,1,1,4,1,2,3,2,2,1
16439,0,3,4,4,5,16,1,1,4,1,11,1,2,2,1,0,2,3,1,4,3,2,5,2,5,1
16443,1,8,7,3,1,17,13,1,10,2,10,1,2,2,1,0,1,3,1,5,1,2,4,2,3,1
16444,0,4,7,4,1,18,13,3,8,4,11,1,2,2,1,0,2,1,1,4,2,2,5,2,3,1
16446,0,5,4,4,5,5,13,2,7,1,12,1,2,2,1,0,1,3,1,5,1,2,3,2,2,1
16447,1,3,4,4,1,20,13,3,8,4,8,1,2,2,1,0,2,1,1,5,2,2,3,2,2,1
16448,0,3,6,4,1,19,13,3,8,4,10,1,2,2,1,0,2,1,1,3,2,2,3,3,4,1
16449,0,6,1,4,1,24,7,3,4,2,12,5,2,2,1,0,2,1,1,2,2,2,4,2,3,1
16450,1,5,4,4,1,18,13,2,8,2,12,7,2,2,1,0,1,3,1,6,1,2,3,2,4,1
16452,1,7,7,4,5,1,13,3,7,1,12,8,2,3,4,0,3,3,1,4,3,4,3,2,3,1
16454,1,9,5,4,1,24,13,3,7,4,11,1,2,2,1,1,5,3,1,4,1,2,2,2,7,1
16455,1,6,7,4,1,23,13,3,4,4,12,1,2,2,1,0,2,1,1,5,3,2,7,2,5,1
16456,1,13,2,4,1,14,13,1,7,4,12,8,2,2,1,0,8,1,1,2,1,2,3,2,3,1
16457,0,4,3,4,1,23,13,3,2,2,12,1,2,2,1,0,3,1,1,5,4,2,3,2,4,1
16458,1,4,3,3,1,23,7,3,4,2,12,2,2,2,1,0,3,1,1,4,4,2,3,2,4,1
16459,1,7,4,4,1,16,7,1,10,7,12,7,2,2,1,0,2,1,1,3,2,2,3,2,2,1
16461,1,8,2,4,1,13,13,1,1,4,12,1,2,2,1,0,2,1,1,4,3,2,3,2,3,1
16463,0,4,6,4,5,3,13,2,10,2,12,1,2,2,1,0,1,1,1,5,1,2,4,2,4,1
16464,1,10,6,4,1,15,13,1,10,3,12,8,2,2,1,0,2,1,1,3,2,2,3,2,3,1
16465,1,7,6,4,5,19,1,2,7,1,12,1,2,2,1,0,1,3,1,4,1,2,3,2,2,1
16467,0,6,4,4,1,17,13,1,4,4,10,1,2,2,1,0,2,3,1,5,2,2,4,2,3,1
16469,1,5,6,4,5,23,13,2,7,2,12,1,2,2,1,0,1,3,1,3,1,2,3,2,2,1
16470,1,4,6,4,5,23,7,2,7,2,12,5,2,2,1,0,1,1,1,2,1,2,3,2,2,1
16473,0,10,1,4,4,14,13,1,7,1,11,8,2,3,3,0,1,3,1,4,1,3,3,2,3,1
16474,1,6,7,4,1,12,13,1,2,2,12,1,2,2,1,0,1,1,1,7,1,2,6,2,4,1
16476,1,8,1,4,1,19,13,3,2,2,12,1,2,2,1,0,3,3,1,4,2,2,4,2,3,1
16477,1,3,5,4,1,11,13,1,2,4,12,1,2,2,1,0,2,1,1,4,2,2,5,2,5,1
16480,0,4,6,4,5,2,13,2,2,1,11,7,2,3,4,0,1,3,1,4,1,2,2,2,6,1
16482,1,5,5,4,1,21,13,3,4,4,11,1,2,2,1,0,2,1,1,5,2,2,4,2,3,1
16483,1,8,1,4,5,16,10,1,7,4,8,1,2,2,1,0,2,3,1,3,2,2,3,2,5,1
16487,0,6,1,4,1,20,13,3,7,2,10,1,2,3,2,0,1,3,1,5,1,2,4,2,4,1
16488,1,4,1,4,1,20,10,3,4,2,10,1,2,2,2,0,1,1,1,5,1,2,4,2,4,1
16489,1,7,7,4,1,17,13,3,7,4,12,1,2,2,1,0,2,3,1,4,3,2,5,2,5,1
16490,1,6,7,4,1,17,13,3,7,4,12,1,2,2,1,0,2,3,2,4,3,2,5,2,5,1
16493,1,4,7,4,1,12,13,1,4,4,10,1,2,2,1,0,8,3,1,4,1,2,4,2,3,1
16494,1,7,4,4,1,6,13,4,2,3,12,1,2,2,1,0,2,3,1,4,2,2,5,2,2,1
16543,0,5,1,4,1,22,7,2,8,2,5,5,2,2,1,1,12,1,1,2,1,2,3,3,3,1
16547,1,3,2,4,1,21,7,3,10,2,5,5,2,2,1,0,1,1,1,2,1,2,5,2,2,1
16563,1,10,4,4,1,14,13,1,2,1,7,1,2,2,1,0,1,1,1,4,1,2,3,2,2,1
16584,1,3,1,4,1,1,13,2,2,4,8,1,2,2,1,0,2,1,1,6,2,2,3,2,4,1
16620,1,9,6,4,1,15,7,1,8,2,11,5,2,2,1,1,8,1,1,2,1,2,3,2,2,1
16654,0,7,5,4,1,21,13,3,7,4,3,1,2,2,1,1,5,3,1,4,1,2,6,3,6,1
16670,1,4,1,4,1,14,7,1,4,2,10,1,2,2,1,0,1,2,1,3,1,2,6,2,4,1
16677,0,3,7,2,4,1,1,3,7,1,5,8,2,2,1,1,2,3,1,4,2,2,5,2,3,1
16692,1,6,1,4,5,16,13,1,7,2,11,1,2,2,1,0,1,3,1,5,1,2,5,2,5,1
16701,0,10,2,4,1,16,13,1,7,4,3,1,3,2,1,0,2,3,1,4,3,2,3,2,2,1
16723,1,10,7,4,5,9,1,1,2,1,5,8,2,3,4,0,1,3,1,4,1,4,3,2,2,1
16724,0,6,7,4,1,16,13,1,2,4,5,1,2,2,1,0,2,3,1,3,3,2,5,3,2,1
16735,1,9,2,4,1,23,13,2,7,1,6,1,3,2,1,0,1,3,1,6,1,2,3,2,2,1
16740,1,3,5,4,1,12,13,1,10,4,6,1,2,2,1,0,2,3,1,6,2,2,3,2,2,1
16743,0,8,7,4,1,22,10,3,7,4,7,1,2,2,1,0,2,3,1,3,2,2,5,2,3,1
16746,1,5,1,4,1,18,13,1,8,4,6,1,2,2,1,0,2,3,1,4,3,2,4,2,2,1
16748,1,4,1,4,1,3,13,3,4,1,7,1,3,3,4,0,1,3,1,7,1,2,5,2,2,1
16754,1,10,6,4,1,14,13,1,7,4,7,1,2,2,1,0,8,3,1,4,1,2,5,2,2,1
16755,1,8,3,4,1,16,13,1,7,4,7,8,2,2,1,0,8,2,1,4,1,2,5,2,2,1
16757,1,4,7,4,1,12,13,1,2,4,7,1,2,2,1,0,2,2,1,3,2,2,3,2,2,1
16759,1,10,1,4,1,15,13,1,2,3,7,1,2,2,1,0,1,1,1,4,1,2,5,2,3,1
16766,0,5,5,4,5,1,7,2,7,2,7,1,2,2,1,0,1,3,1,4,1,2,3,2,3,1
16767,0,3,5,4,5,1,13,2,2,2,7,1,2,2,1,0,1,3,1,2,1,2,3,2,3,1
16769,0,4,1,4,1,19,10,1,4,4,7,1,3,2,1,0,8,2,1,7,1,2,5,2,2,1
16771,0,6,1,4,1,1,7,3,7,2,8,5,2,2,1,0,3,3,1,2,2,2,5,2,2,1
16775,1,7,7,4,5,14,1,1,7,1,8,8,3,2,1,0,1,3,1,4,1,3,3,3,2,1
16781,1,8,6,4,1,16,13,1,10,4,6,1,2,2,1,0,2,1,1,4,2,2,5,2,2,1
16782,1,4,3,4,1,16,13,1,2,4,6,1,3,2,1,0,2,2,1,3,3,2,3,2,2,1
16786,1,10,5,4,1,11,13,1,8,4,9,1,2,2,1,0,2,3,1,4,2,2,5,2,4,1
16792,0,7,2,4,1,11,13,1,2,3,9,1,2,2,1,0,2,3,1,4,2,2,5,2,3,1
16798,1,7,1,4,1,20,13,5,8,3,7,1,2,2,1,0,2,3,1,3,2,2,5,2,2,1