id,Severity,age_classes,day_week,DEFORMED_classes,m_harm_classes,hour,impact1_classes,lgt_cond,make,man_coll,month,p_crash1,pcrash4,pcrash5,rel_road,reljct1,reljct2,rest_use,sex,speed_classes,typ_int,valign,vnum_lan,vsurcond,vtrafway,weather_classes
16800,1,6,7,4,1,19,13,1,7,4,7,7,2,2,1,0,2,3,2,3,2,2,5,2,3,1
16806,1,4,7,4,1,23,13,3,7,4,8,1,2,2,1,0,2,3,1,4,2,2,3,2,2,1
16813,1,5,7,4,1,14,13,1,2,3,7,7,2,2,1,0,1,3,1,4,1,3,3,2,2,1
16833,1,10,2,4,1,11,13,1,2,4,8,1,2,2,1,0,2,1,1,3,2,2,3,2,2,1
16838,1,4,3,4,1,21,13,2,4,4,9,1,2,2,1,0,2,3,1,4,2,2,5,2,4,1
16857,0,7,7,4,1,20,13,2,2,4,10,1,2,2,1,0,2,3,1,4,2,2,5,2,3,1
16860,0,8,4,4,1,23,18,3,4,5,8,1,2,2,1,0,1,3,1,6,1,2,5,2,2,1
16863,1,7,1,3,5,14,1,1,11,1,12,1,2,2,1,0,1,1,1,3,1,2,3,2,2,1
17024,1,9,4,4,1,15,2,1,7,4,2,1,2,2,1,0,2,3,1,3,2,2,3,2,2,1
17026,1,4,2,4,5,18,1,1,8,1,5,8,2,3,4,0,1,3,1,6,1,3,3,2,2,1
17033,0,8,4,4,1,19,13,1,2,4,6,8,2,2,1,0,2,3,1,3,3,5,3,2,2,1
17037,1,3,3,4,1,15,13,1,4,4,7,1,2,2,1,0,2,3,1,6,3,2,3,2,2,1
17039,0,3,7,4,5,22,1,2,2,1,7,8,2,3,4,0,1,3,1,5,1,4,3,2,2,1
17042,0,7,6,4,1,15,13,1,8,4,8,7,2,2,1,0,4,3,1,2,1,2,3,2,2,1
17047,1,3,5,4,5,23,13,3,10,1,9,8,2,3,4,0,1,3,1,7,1,4,3,2,2,1
17049,1,9,7,4,1,11,13,1,7,2,9,1,2,2,1,0,8,3,1,4,1,2,3,2,2,1
17063,0,8,2,4,1,15,13,1,7,1,2,1,3,3,4,0,1,3,1,7,1,2,3,2,2,1
17064,0,9,6,2,4,14,13,1,10,1,3,8,3,3,4,0,1,1,1,4,1,5,3,2,2,1
17066,0,6,7,4,4,16,13,1,7,1,4,8,2,3,4,0,1,3,1,5,1,4,3,2,2,1
17072,1,9,1,4,1,8,13,1,7,3,5,1,2,2,1,0,2,3,1,5,3,2,3,2,2,1
17076,1,7,2,2,1,18,13,1,10,1,5,8,2,3,4,0,1,3,1,3,1,4,3,2,2,1
17077,1,12,7,2,5,18,1,1,2,1,5,8,3,2,1,0,5,1,1,2,1,2,2,2,7,1
17091,1,8,3,2,4,14,13,1,2,1,7,1,2,3,4,0,1,3,1,4,1,2,3,2,2,1
17097,1,10,7,3,1,18,13,1,7,1,7,8,3,2,3,0,1,3,1,4,1,3,4,2,4,1
17103,0,7,7,2,1,2,21,3,4,1,7,8,2,3,4,0,1,3,1,3,1,4,3,2,2,1
17114,0,5,4,4,1,11,13,1,4,4,8,1,3,2,1,0,2,3,1,3,2,2,5,2,2,1
17116,1,6,6,4,1,19,13,1,2,2,7,1,3,2,1,0,3,3,1,4,2,2,3,2,3,1
17117,0,8,6,4,5,23,1,2,7,1,9,8,3,3,2,0,1,3,1,4,1,4,3,2,2,1
17129,1,5,3,4,1,14,13,1,7,1,10,8,3,3,5,0,1,1,1,5,1,4,3,2,2,1
17135,1,3,3,2,1,19,13,2,4,4,10,1,3,2,1,0,2,1,1,4,3,2,3,2,3,1
17138,1,5,5,3,1,5,13,2,4,4,1,1,3,2,1,0,2,1,1,5,3,2,3,2,3,1
17142,1,3,5,4,5,6,15,1,4,1,3,8,2,3,4,0,1,1,1,5,1,3,3,2,6,1
17147,0,4,3,4,1,19,13,1,2,4,4,1,2,2,1,0,2,3,1,4,3,2,3,2,2,1
17148,1,7,4,3,4,8,13,1,7,1,4,8,2,3,4,0,1,1,1,4,1,3,3,2,2,1
17152,0,3,1,3,1,10,13,1,8,3,4,8,2,2,1,0,1,1,2,4,1,3,3,2,2,1
17153,0,8,7,4,1,17,13,1,8,3,4,8,2,2,1,0,1,1,1,4,1,3,3,2,2,1
17154,0,4,7,4,4,17,13,1,8,3,4,8,3,3,1,0,1,1,1,4,1,3,3,2,2,1
17156,0,6,7,3,1,10,12,1,7,4,4,1,2,2,1,0,2,2,1,4,2,2,3,2,3,1
17162,1,7,1,4,1,20,13,2,7,4,5,1,2,2,1,0,8,2,1,4,1,2,3,2,2,1
17163,0,8,7,3,5,21,1,2,2,1,5,8,3,3,4,0,1,1,1,4,1,3,3,2,2,1
17164,1,8,7,2,5,21,1,2,7,1,5,8,3,3,4,0,1,1,1,4,1,3,3,2,2,1
17165,0,4,6,4,1,7,13,1,8,4,5,1,2,2,1,0,2,1,1,4,2,2,3,2,2,1
17166,0,7,2,3,1,12,7,1,7,7,5,1,3,2,1,0,2,1,1,4,2,2,3,2,2,1
17167,0,8,4,2,5,22,1,2,7,1,5,8,2,3,4,1,5,2,1,3,1,4,3,2,7,1
17169,0,9,7,3,5,22,1,2,4,1,4,8,2,3,8,1,5,1,1,5,1,3,2,2,7,1
17173,0,12,1,3,5,10,1,1,10,1,5,8,2,3,4,0,1,1,1,4,1,4,3,2,2,1
17174,0,7,2,4,1,8,7,1,2,2,5,1,2,2,1,0,1,2,1,3,1,2,3,2,2,1
17175,1,7,3,2,5,20,15,3,7,1,5,1,3,3,3,0,3,1,1,3,2,2,2,2,3,1
17177,0,4,5,4,1,21,13,2,2,3,6,7,2,2,1,0,1,1,1,5,1,2,3,2,2,1
17179,0,9,6,3,1,7,13,1,2,4,6,8,2,2,1,0,2,1,1,5,3,4,3,2,3,1
17185,0,7,5,3,1,22,13,3,3,4,8,2,3,2,1,0,2,1,1,4,3,2,3,2,2,1
17191,1,4,6,4,1,12,13,1,4,4,8,1,2,2,1,0,8,1,1,5,1,2,3,2,3,1
17192,1,10,3,4,1,22,13,3,7,4,8,1,2,2,1,0,2,1,1,4,2,2,5,2,5,1
17196,0,10,7,3,4,12,13,1,8,1,10,8,2,3,4,0,1,3,1,4,1,4,3,2,2,1
17197,0,5,1,4,1,19,13,2,2,4,10,1,2,2,1,0,7,1,1,4,1,2,3,2,3,1
17198,0,5,4,2,1,17,13,1,2,4,10,1,2,2,1,0,2,1,1,5,3,2,3,2,3,1
17202,1,9,2,2,1,17,13,3,2,4,11,1,2,2,1,0,2,1,1,3,2,2,5,2,2,1
17205,0,7,3,4,5,18,13,2,4,1,12,8,2,3,4,0,1,1,1,7,1,3,3,2,2,1
17206,0,8,6,3,1,16,18,1,7,5,7,6,2,6,1,1,5,1,2,4,1,2,2,2,7,1
17209,1,4,3,4,1,18,13,3,4,4,12,1,2,2,1,0,2,1,1,4,3,2,3,2,3,1
17214,1,10,7,4,1,13,13,1,2,4,5,1,2,2,1,0,8,1,1,4,1,2,3,2,2,1
17252,1,4,2,4,1,20,13,3,4,2,4,1,2,2,1,0,1,1,1,7,1,2,3,2,4,1
17309,0,7,6,4,1,19,13,3,7,1,11,1,2,2,1,0,1,1,1,3,1,2,3,2,3,1
17313,1,6,2,4,1,18,7,2,7,2,11,5,2,2,1,0,3,2,1,2,3,2,3,2,2,1
17329,1,7,1,4,1,19,13,1,2,4,7,1,3,2,1,0,8,1,1,3,1,2,5,2,2,1
17337,0,7,1,4,1,20,13,2,2,1,9,1,2,2,1,0,1,1,1,6,1,2,3,2,3,1
17352,0,6,2,4,2,18,15,1,10,1,8,7,2,3,3,0,1,2,1,4,1,2,3,2,4,1
17356,1,8,4,4,1,23,13,2,10,1,6,8,2,3,5,0,8,1,1,6,1,3,3,3,2,4
17357,1,10,3,4,1,13,13,1,7,4,6,1,2,2,1,0,2,1,1,6,3,2,3,2,2,1
17359,0,7,1,4,1,21,13,3,7,2,4,1,2,2,1,0,1,1,1,6,1,2,5,2,5,1
17362,1,5,7,4,1,12,13,1,4,2,4,1,2,2,1,0,1,2,1,6,1,2,3,2,2,1
17364,1,4,7,4,1,15,13,1,7,4,5,1,2,2,1,0,8,1,1,6,1,2,5,2,5,1
17365,0,9,6,4,1,14,1,1,2,1,5,8,2,3,4,0,1,2,1,6,1,4,3,2,2,1
17366,0,5,5,4,1,19,13,1,4,3,5,8,2,2,1,0,1,2,1,6,1,3,3,2,2,1
17367,0,3,3,4,1,4,13,2,10,2,5,1,2,2,1,0,1,2,1,6,1,2,3,2,3,1
17368,1,4,6,4,1,2,13,2,4,2,5,8,2,2,1,0,3,2,1,6,1,2,3,2,2,1
17369,0,4,6,4,1,2,7,2,4,2,5,8,2,2,1,0,3,2,1,6,1,2,3,2,2,1
17371,1,7,6,4,1,23,13,3,7,3,5,1,2,2,1,0,8,2,1,6,1,2,5,2,5,1
17372,1,8,1,3,1,13,4,1,7,5,5,1,2,2,1,1,12,2,1,6,1,2,6,2,4,1
17373,1,3,2,4,1,12,13,1,3,4,5,1,2,2,1,0,8,2,1,6,1,2,5,2,5,1
17374,0,5,7,4,1,16,13,1,4,4,5,1,2,2,1,0,2,2,1,6,2,2,5,2,5,1
17375,0,9,6,4,1,13,13,1,4,4,5,1,2,2,1,0,2,2,1,6,2,2,3,2,2,1
17376,0,8,7,4,1,14,1,1,7,1,5,8,2,2,1,0,2,2,1,6,2,4,5,2,5,1
17377,0,3,2,4,5,24,1,2,7,1,6,1,2,3,4,0,1,2,1,6,1,3,3,2,2,1
17381,0,9,7,4,4,21,4,2,7,1,6,1,2,3,4,0,1,2,1,6,1,2,3,2,2,1
17382,0,7,1,4,5,19,1,1,10,1,6,1,2,3,3,0,1,2,1,6,1,2,3,2,3,1
17383,0,4,2,4,1,21,13,5,4,4,6,1,2,2,1,0,2,2,1,6,2,2,3,2,2,1
17384,0,12,3,4,1,17,10,1,7,4,6,8,2,2,1,0,2,2,1,6,2,2,3,2,2,1
17385,1,8,4,4,5,16,1,1,7,1,6,8,2,3,8,1,5,2,1,6,1,3,2,2,7,1
17386,0,4,5,4,1,23,13,3,2,2,6,1,2,2,1,0,1,2,2,6,1,2,5,2,5,1
17387,0,8,7,4,1,18,13,1,2,2,6,1,2,2,1,0,8,2,1,6,1,2,3,2,2,1
17388,0,4,1,4,1,17,13,1,10,3,6,1,2,2,1,0,8,2,1,6,1,2,3,2,2,1
17390,1,7,3,4,1,21,13,2,11,3,6,1,2,2,1,0,1,2,1,6,1,2,3,2,2,1
17391,1,8,1,4,5,18,1,1,7,4,6,1,2,2,1,0,1,2,1,6,1,2,3,2,2,1
17392,0,7,3,4,1,21,13,1,7,1,6,1,2,2,1,0,1,2,1,6,1,2,3,2,2,1
17393,1,10,3,2,3,11,13,1,10,1,6,4,2,3,4,0,3,2,1,6,2,2,3,2,2,1
17394,1,9,4,4,1,24,13,2,7,1,6,1,2,2,1,0,1,2,1,6,1,2,3,2,2,1
17395,1,9,4,4,5,18,1,1,7,1,6,1,2,3,4,0,1,2,1,6,1,2,3,2,2,1
17396,0,7,3,4,1,18,13,1,7,4,6,1,2,2,1,0,8,2,1,6,1,2,3,2,2,1
17398,1,8,3,2,4,9,2,1,8,1,7,1,2,3,4,0,1,2,1,6,1,2,3,2,2,1
17399,0,7,3,4,2,6,13,2,2,1,7,1,2,2,1,0,1,2,1,6,1,2,3,2,2,1
17400,1,8,2,4,1,15,13,1,2,4,7,1,2,2,1,0,2,2,2,6,2,2,5,2,2,1
17404,1,10,7,3,3,13,13,1,7,1,7,1,2,3,4,0,1,2,1,6,1,2,3,2,2,1
17409,0,8,6,4,1,14,13,1,7,4,7,1,2,2,1,0,2,2,1,6,4,2,5,2,5,1
17411,1,7,1,4,1,13,13,1,4,2,7,1,2,2,1,0,3,2,1,6,1,2,3,2,2,1
17412,0,9,1,4,1,14,13,1,8,4,7,8,2,2,1,0,1,2,1,6,1,4,3,2,2,1
17414,0,7,1,4,1,17,18,1,7,4,8,1,2,2,1,0,8,2,2,6,1,2,3,2,2,1
17415,1,9,6,2,1,10,13,1,7,2,8,1,2,2,1,1,12,2,1,6,1,2,4,2,4,1
17418,1,11,2,4,5,13,1,1,7,1,8,1,2,2,1,0,8,2,1,6,1,2,3,2,2,1
17422,0,8,7,2,2,18,1,1,7,1,8,1,2,2,1,0,1,2,1,6,1,2,3,3,2,1
17425,1,7,4,4,1,13,1,1,7,1,5,1,2,2,1,0,2,2,1,6,2,2,5,2,5,1
17426,1,9,5,4,5,21,1,1,7,1,7,8,2,3,4,0,1,2,1,6,1,4,3,2,2,1
17427,0,7,1,4,1,20,13,1,2,3,8,1,2,2,1,0,2,2,1,6,3,2,3,2,2,1
17428,1,8,3,4,1,17,13,1,2,3,8,1,2,2,1,0,8,2,1,6,1,2,3,2,2,1
17429,1,7,6,3,5,17,1,1,7,1,8,1,2,3,4,0,1,2,1,6,1,2,3,2,2,1
17430,0,7,7,4,1,3,2,2,4,1,8,8,2,3,4,0,1,2,1,6,1,4,3,2,2,1
17433,0,3,5,4,1,18,13,1,2,4,8,1,2,2,1,0,8,2,1,6,1,2,3,2,2,1
17435,1,8,7,4,1,22,12,2,2,6,8,8,2,2,1,0,1,2,1,6,1,3,3,2,2,1
17437,1,5,1,4,5,3,12,2,2,1,8,8,2,3,4,0,1,2,1,6,1,4,3,2,2,1
17440,0,8,1,4,1,19,13,1,7,3,8,1,2,2,1,0,8,2,1,6,1,2,3,2,2,1
17444,0,10,1,4,1,12,13,1,7,2,8,1,2,2,1,0,3,2,1,6,3,2,3,2,2,1
17446,0,8,7,4,5,13,1,1,7,1,9,8,2,2,1,1,12,1,1,6,1,3,4,3,3,1
17447,0,9,1,4,1,9,4,1,10,4,9,8,2,2,1,0,2,2,1,6,2,4,5,2,2,1
17448,1,1,7,4,1,17,13,1,8,4,9,7,2,2,1,0,8,2,1,6,1,2,3,2,2,1
17449,1,9,7,4,1,14,13,1,7,2,9,1,2,2,1,0,1,2,1,6,1,2,3,2,2,1
17450,1,11,1,4,1,12,7,1,7,2,9,1,2,2,1,0,1,2,1,6,1,2,5,2,3,1
17452,0,9,3,4,1,7,10,4,7,6,9,8,2,2,1,0,1,2,1,6,1,3,3,2,2,1
17453,1,9,4,4,1,22,13,2,4,3,6,1,2,2,1,0,8,2,1,6,1,2,5,2,2,1
17454,0,7,2,4,1,16,13,1,7,2,7,1,2,2,1,0,1,2,1,6,1,2,4,2,2,1
17456,0,8,3,4,4,20,13,2,3,1,9,1,2,3,4,0,1,2,1,6,1,2,3,2,2,1
17461,1,3,3,4,1,22,13,2,4,4,8,1,2,2,1,0,2,2,1,6,3,2,7,2,5,1
17468,0,9,2,4,1,19,13,2,2,1,10,1,2,2,1,0,1,2,1,6,1,2,3,2,2,1
17469,0,7,7,4,5,13,1,1,8,1,10,8,2,3,4,0,1,2,1,6,1,4,3,2,2,1
17474,0,8,7,4,1,16,10,1,2,1,11,8,2,3,6,0,1,2,1,6,1,4,3,2,2,1
17484,1,5,4,3,1,16,13,1,2,2,5,1,2,2,1,0,1,3,1,5,1,2,4,2,4,1
17487,0,4,1,3,5,18,1,1,2,1,6,1,3,2,1,0,1,3,2,4,1,2,3,2,2,1
17491,1,10,1,3,3,12,6,1,10,5,6,1,2,2,1,0,1,3,1,2,1,2,3,2,3,1
17498,1,5,6,3,1,10,12,1,10,1,7,1,2,2,1,0,1,3,2,4,1,2,3,2,2,1
17503,0,10,5,3,1,13,13,1,4,2,7,5,2,2,1,0,8,3,1,2,1,2,3,2,2,1
17505,0,7,2,3,1,12,2,1,7,1,8,1,2,2,1,0,1,3,1,4,1,2,3,2,2,1
17508,1,10,2,4,1,17,13,1,7,3,8,8,2,2,1,0,1,3,2,5,1,3,3,2,2,1
17511,1,3,5,4,4,6,13,1,10,1,8,8,3,3,4,0,1,2,1,4,1,3,3,2,2,1
17514,0,7,6,4,1,14,13,1,10,2,9,1,2,2,1,0,3,2,1,4,2,2,3,2,3,1
17516,1,10,7,3,4,15,13,1,2,1,9,8,2,3,4,0,1,2,2,4,1,4,3,2,2,1
17521,1,8,6,4,1,20,18,2,7,4,9,8,2,2,1,0,2,2,1,2,3,5,3,2,3,1
17527,1,10,5,2,5,8,1,1,10,1,8,1,3,2,1,1,12,2,1,3,1,2,3,2,4,1
17530,1,14,7,4,4,14,3,1,7,1,1,1,2,3,6,0,1,1,1,4,1,2,3,2,2,1
17531,1,9,7,4,1,18,13,3,7,4,2,1,2,2,1,0,2,1,1,4,3,2,4,2,3,1
17532,1,10,7,4,1,15,13,1,8,4,3,1,2,2,1,0,1,1,1,2,1,2,4,2,3,1
17533,0,7,1,4,1,18,13,1,7,3,3,8,2,2,1,0,1,1,1,5,1,5,3,2,2,1
17534,0,3,1,4,1,20,12,2,4,4,3,1,2,2,1,0,2,1,1,5,2,2,3,2,3,1
17535,1,3,1,4,1,20,13,2,4,4,3,1,2,2,1,0,2,1,1,6,2,2,3,2,3,1
17541,1,7,7,4,4,20,13,2,7,1,4,1,2,3,6,0,1,1,1,3,1,2,3,2,2,1
17542,0,3,3,4,1,7,13,1,2,3,4,1,2,2,1,0,2,1,1,2,3,2,3,2,2,1
17545,1,11,6,4,1,12,13,1,7,1,4,1,2,3,6,0,1,1,1,2,1,2,3,2,3,1
17548,1,11,5,4,1,11,13,1,7,3,4,8,2,2,1,0,1,1,1,3,1,5,3,2,2,1
17550,1,4,6,4,1,18,13,1,7,4,5,1,2,2,1,0,2,1,1,5,3,2,3,2,2,1
17551,0,4,7,4,1,18,13,1,8,3,4,8,2,2,1,0,1,1,1,4,1,3,3,2,2,1
17557,0,6,7,4,1,21,13,3,7,2,5,1,2,2,1,0,1,1,1,3,1,2,3,2,3,1
17559,0,4,2,4,4,16,13,1,2,1,5,8,2,3,6,0,2,3,1,4,3,2,3,2,2,1
17561,0,3,6,4,1,21,13,3,3,1,6,1,2,3,6,0,1,1,1,6,1,2,3,2,2,1
17564,1,12,2,4,1,11,2,1,1,4,6,1,2,2,1,0,2,1,1,4,3,2,3,2,3,1
17568,0,7,1,4,1,18,13,1,3,3,7,1,2,2,1,0,1,1,1,4,1,2,3,2,2,1
17576,0,7,1,4,2,20,13,2,8,1,8,1,2,2,1,0,1,1,1,5,1,2,3,2,3,1
17591,0,9,4,4,1,18,10,2,10,4,10,1,2,2,1,0,2,1,1,4,3,2,3,2,3,1
17596,0,8,7,4,1,12,13,1,7,3,12,8,2,2,1,0,1,1,1,4,1,3,3,2,2,1
17597,0,6,4,4,1,16,13,1,2,4,2,7,2,2,1,0,2,1,1,5,2,2,3,2,2,1
17598,0,9,5,4,5,18,1,2,7,1,2,8,2,2,1,0,1,1,1,4,1,4,3,2,2,1
17599,0,7,6,4,5,21,13,2,7,1,3,1,2,3,4,0,1,3,1,3,1,2,3,3,2,1
17602,0,6,5,4,1,17,1,1,7,1,3,8,3,2,1,1,5,1,1,3,1,3,3,2,7,1
17604,0,6,1,4,5,4,13,2,2,1,4,1,3,3,4,0,1,1,1,6,1,2,5,2,4,1
17606,0,5,7,4,1,1,13,3,4,1,4,8,2,3,2,1,5,1,1,4,1,3,3,2,7,1
17608,0,9,7,4,1,12,13,1,7,4,4,7,2,2,1,0,8,1,1,4,1,2,3,2,2,1
17615,0,7,1,4,1,16,7,1,7,2,5,7,2,2,1,0,1,2,1,5,1,4,6,2,4,1
17618,1,7,1,4,5,15,15,1,7,1,6,1,2,3,4,0,1,1,1,4,1,2,3,2,2,1
17621,1,3,6,4,1,18,13,1,4,4,6,1,2,2,1,0,2,3,1,3,2,2,5,2,5,1
17628,1,7,5,4,5,19,15,1,7,1,7,8,2,3,4,0,1,2,1,4,1,4,3,2,2,1
17630,1,3,6,4,1,18,13,1,8,4,7,1,2,2,1,0,2,1,1,5,2,2,3,2,2,1
17631,1,10,6,4,1,18,13,1,7,4,7,8,3,2,1,0,1,2,1,4,1,3,3,2,2,1
17634,1,8,7,3,5,23,13,3,7,1,7,1,2,3,8,0,1,1,1,4,1,2,3,2,3,1
17635,1,4,3,4,3,16,13,1,4,1,7,1,2,3,4,0,3,1,1,4,1,2,5,2,5,1
17637,0,4,7,4,5,22,1,2,8,1,7,8,2,2,1,0,1,1,1,5,1,4,3,2,2,1
17638,1,9,3,4,1,5,13,2,8,1,7,1,3,2,1,0,1,1,1,4,1,2,3,2,2,1
17639,0,9,4,4,5,17,13,1,7,1,8,1,2,3,4,0,1,1,1,5,1,2,3,2,2,1
17641,1,10,6,4,1,11,13,1,7,3,8,1,2,2,1,0,2,1,1,2,2,2,3,2,5,1
17643,1,8,4,4,5,20,1,1,7,1,7,7,2,3,3,0,1,1,1,6,1,3,3,2,4,1
17645,1,10,4,4,5,17,1,1,7,1,8,7,2,3,3,0,1,1,1,5,1,3,3,2,3,1
17647,0,10,4,4,1,17,1,1,7,1,8,8,2,2,1,0,1,1,1,4,1,3,3,2,2,1
17649,1,11,1,2,1,19,13,1,2,1,8,8,2,3,5,0,1,1,1,4,1,4,3,2,2,1
17651,0,8,5,4,1,13,1,1,2,1,9,7,3,2,1,0,1,1,1,5,1,2,3,2,2,1
17653,1,4,1,4,4,18,13,1,7,1,7,1,2,3,4,0,1,1,1,4,1,2,3,2,2,1
17657,0,4,5,4,5,21,1,2,8,1,9,1,2,2,1,1,12,1,1,5,1,2,3,2,3,1
17658,0,8,2,4,5,14,1,1,10,1,9,8,2,3,4,0,1,1,1,4,1,4,3,2,2,1
17659,1,4,2,4,5,8,1,1,8,1,9,1,2,2,1,0,2,1,1,4,2,2,3,2,5,1
17660,1,9,7,4,1,10,1,1,10,1,8,1,2,2,1,0,3,1,1,3,1,2,5,2,2,1
17661,0,11,5,4,5,15,1,1,7,1,9,8,3,3,3,0,1,3,1,5,1,4,3,2,3,1
17663,0,4,2,4,1,11,1,1,8,1,9,8,3,2,1,0,1,1,1,4,1,3,3,2,2,1
17665,1,7,1,4,1,13,13,1,7,2,10,1,2,2,1,1,12,1,1,4,1,2,4,2,4,1
17666,0,7,2,4,5,12,1,1,2,1,10,8,2,2,1,0,1,1,2,4,1,4,3,2,2,1
17667,1,5,7,4,5,18,1,1,7,1,10,8,2,3,3,0,1,2,1,5,1,3,3,2,3,1
17669,0,4,7,4,1,14,1,1,8,1,10,1,3,2,1,0,1,1,1,5,1,2,3,2,2,1
17670,0,11,2,4,5,19,1,2,7,1,10,8,2,3,4,0,1,1,1,4,1,4,3,2,2,1
17672,0,10,1,4,1,13,1,1,2,1,10,8,2,2,1,0,1,1,1,5,1,3,3,2,2,1
17674,1,4,5,4,5,19,1,2,2,1,10,1,2,3,4,0,1,1,1,5,1,2,3,2,2,1
17675,0,2,1,4,5,2,13,2,10,1,11,8,2,2,1,0,1,1,1,5,1,3,3,2,4,1
17676,0,7,7,4,1,12,13,1,7,3,11,1,2,2,1,0,3,1,1,4,2,2,4,2,2,1
17678,1,7,7,4,1,23,13,3,7,1,11,1,2,2,1,0,1,1,1,4,1,2,5,2,5,1
17679,1,4,5,4,1,17,13,2,8,4,11,1,2,2,1,0,2,1,1,5,2,2,3,2,2,1
17681,1,8,6,4,5,17,15,2,7,1,12,8,2,3,4,0,1,2,1,6,1,4,3,2,2,1
17685,0,9,6,4,5,13,12,1,7,1,6,8,3,3,4,0,1,3,2,5,1,4,3,2,3,1
17699,0,9,7,4,1,18,13,1,2,6,8,1,2,2,1,0,1,1,1,5,1,2,3,2,2,1
17730,0,6,5,3,1,17,13,1,2,4,1,1,3,2,1,0,8,1,1,4,1,2,3,2,2,1
17732,0,8,6,3,5,16,13,1,10,1,2,8,3,3,4,0,1,1,1,4,1,3,3,2,2,1
17733,0,4,1,4,1,16,13,1,7,4,2,1,3,2,1,0,2,1,1,5,3,2,4,2,3,1
17736,0,3,7,4,5,19,1,3,2,1,3,1,2,2,1,0,2,1,1,4,2,2,4,2,3,1
17737,1,3,4,2,1,18,1,1,8,1,3,1,2,2,1,0,2,1,1,4,2,2,5,2,3,1
17739,1,9,4,3,1,11,13,1,10,4,3,1,2,2,1,0,2,1,1,4,3,2,4,2,3,1
17740,1,4,2,4,1,17,13,5,4,4,1,1,3,2,1,0,2,1,1,4,2,2,5,2,2,1
17741,1,10,4,3,1,22,15,3,4,1,4,1,2,3,4,0,1,1,1,4,1,2,3,2,2,1
17742,1,7,6,3,1,13,2,1,8,5,5,8,2,2,1,1,12,1,1,5,1,3,5,2,4,1
17743,1,8,7,4,1,8,13,1,7,4,5,1,3,2,1,0,2,1,1,4,2,2,5,2,4,1
17746,0,7,6,4,5,19,4,3,4,1,6,1,3,3,3,0,1,1,1,6,1,2,5,2,3,1
17747,0,9,3,3,5,17,12,1,8,1,6,1,2,3,5,0,1,1,1,5,1,2,3,2,2,1
17748,1,9,2,3,5,17,13,1,7,1,6,8,2,3,4,0,1,1,1,4,1,4,3,2,2,1
17751,0,6,4,4,1,11,13,1,2,4,7,1,3,2,1,0,2,1,1,4,2,2,3,2,2,1
17752,0,6,5,4,5,24,1,2,7,1,7,8,2,3,4,0,1,1,1,3,1,4,3,2,2,1
17755,1,10,7,4,5,17,13,1,7,1,7,8,2,3,4,0,1,1,1,4,1,4,3,2,2,1
17757,1,3,3,4,1,17,1,1,4,1,8,1,3,2,1,0,2,1,1,4,2,2,5,2,2,1
17758,0,3,7,4,1,19,13,5,4,4,9,1,2,2,1,0,8,1,1,5,1,2,3,2,2,1
17760,1,4,5,4,1,19,1,2,8,1,9,7,3,2,1,0,1,1,1,4,1,2,5,2,5,1
17763,1,3,4,4,1,16,13,1,2,4,10,1,3,2,1,0,2,1,1,4,2,2,5,2,5,1
17765,1,5,2,4,1,20,13,3,7,3,10,1,2,2,1,0,2,2,1,4,2,2,5,2,3,1
17776,1,7,1,4,1,19,13,5,7,1,7,1,2,4,4,0,2,3,1,3,3,2,3,2,2,1
17782,1,7,5,4,1,19,13,2,2,4,10,1,3,2,1,0,8,3,1,4,1,2,3,2,2,1
17827,0,7,7,4,1,17,10,1,3,1,5,5,2,3,4,0,1,2,1,2,1,2,3,2,2,1
17842,1,3,2,3,1,10,13,1,8,4,8,1,3,2,1,0,4,1,1,4,1,2,5,2,2,1
17887,1,4,1,4,1,18,10,1,7,4,3,4,2,2,1,0,3,3,1,3,2,2,3,2,2,1
17951,1,4,3,4,1,17,13,1,4,4,4,1,2,2,1,0,2,1,1,3,3,2,3,2,2,1
17968,1,6,2,4,1,21,13,2,4,4,6,1,2,2,1,0,8,1,1,3,1,2,3,2,2,1
17972,1,7,1,4,1,12,10,1,7,4,6,1,2,2,1,0,2,1,1,4,3,2,3,2,2,1
17981,1,4,5,4,1,10,13,1,2,4,5,1,2,2,1,0,2,1,1,6,3,2,3,2,2,1
18025,1,6,7,4,1,16,13,1,4,4,7,1,2,2,1,0,1,1,1,3,1,2,5,2,2,1
18047,0,6,5,4,1,2,13,3,10,1,8,8,2,3,4,0,1,1,1,4,1,3,3,2,2,1
18055,1,7,4,4,1,3,13,2,2,1,8,1,2,2,1,0,1,1,1,4,1,2,3,2,3,1
18061,1,5,6,4,1,20,13,3,7,4,8,1,2,2,1,0,2,1,1,3,2,2,5,2,2,1