id,Severity,age_classes,day_week,DEFORMED_classes,m_harm_classes,hour,impact1_classes,lgt_cond,make,man_coll,month,p_crash1,pcrash4,pcrash5,rel_road,reljct1,reljct2,rest_use,sex,speed_classes,typ_int,valign,vnum_lan,vsurcond,vtrafway,weather_classes
18068,1,8,6,4,5,12,13,1,7,1,9,1,2,3,4,0,1,1,2,4,1,2,3,2,2,1
18096,1,6,6,4,1,16,13,1,4,4,9,1,2,2,1,0,8,1,1,3,1,2,3,2,2,1
18105,1,7,4,4,1,11,8,1,8,1,11,1,2,2,1,0,1,2,1,3,1,2,3,2,2,1
18124,1,7,6,4,1,17,13,5,2,4,1,1,2,2,1,0,2,1,1,4,2,2,4,2,3,1
18126,1,4,7,4,1,15,13,1,4,1,1,8,2,3,4,0,1,1,1,5,1,3,3,2,2,1
18127,1,3,1,4,1,11,13,1,4,4,1,1,2,2,1,0,7,1,1,4,1,2,5,2,3,1
18128,0,3,7,4,5,18,1,1,2,1,2,1,2,3,4,0,1,1,1,6,1,2,3,2,2,1
18130,0,8,1,4,2,16,13,1,10,1,2,8,2,3,4,0,1,1,1,4,1,3,3,2,2,1
18131,1,9,7,4,1,16,10,1,7,5,2,2,2,2,1,0,1,1,1,3,1,2,6,2,4,1
18132,0,6,7,4,1,15,13,1,10,4,2,1,2,2,1,0,7,1,1,7,1,2,5,2,3,1
18134,1,5,1,4,1,12,13,1,4,4,2,1,2,2,1,0,8,1,1,3,1,2,3,2,2,1
18135,0,3,7,4,1,14,13,1,2,4,2,1,2,2,1,0,2,1,1,3,3,5,3,2,3,1
18136,1,4,3,4,1,18,13,1,4,1,3,1,2,3,4,0,1,1,1,5,1,2,3,2,2,1
18138,1,6,5,4,5,11,13,1,8,1,3,8,2,3,4,0,1,1,1,6,1,4,3,2,2,1
18139,1,4,7,4,1,1,13,2,4,4,4,7,2,2,1,0,8,1,1,4,1,2,3,2,2,1
18140,1,11,6,4,5,10,1,1,10,1,4,8,2,3,4,0,1,1,1,4,1,3,3,2,2,1
18141,1,10,2,4,5,21,4,2,8,1,4,8,2,3,4,0,1,1,1,4,1,4,3,2,2,1
18142,0,5,7,4,1,21,13,2,4,4,4,1,2,2,1,0,2,1,1,4,3,2,3,2,2,1
18143,0,11,1,4,1,10,13,1,10,4,4,8,2,2,1,0,2,1,1,3,3,2,3,2,2,1
18146,0,9,1,4,1,20,13,5,7,4,4,1,2,2,1,0,4,1,2,4,1,2,3,2,2,1
18147,1,7,7,3,5,14,1,1,8,1,4,8,2,2,1,0,1,1,1,4,1,3,3,2,2,1
18149,1,10,3,4,1,11,13,1,10,4,4,1,2,2,1,0,2,1,1,4,3,2,5,2,4,1
18150,1,10,2,4,5,20,1,2,7,1,5,1,2,3,3,0,1,1,1,5,1,2,3,2,3,1
18151,1,8,5,4,1,15,13,1,2,3,5,8,2,2,1,0,1,1,1,4,1,3,3,2,2,1
18153,0,4,6,4,1,21,4,2,8,3,5,1,2,2,1,0,1,1,1,4,1,2,3,2,2,1
18154,0,6,3,4,4,13,13,1,2,1,5,8,2,3,4,0,1,1,1,7,1,3,3,2,2,1
18155,1,3,3,4,1,11,13,1,2,4,5,1,2,2,1,0,2,1,1,3,3,2,3,2,2,1
18158,0,5,6,4,1,18,13,1,7,1,5,1,2,3,4,0,1,1,1,5,1,2,3,2,2,1
18161,0,7,3,4,1,17,13,1,2,4,5,1,2,2,1,0,2,1,1,4,2,2,3,2,2,1
18163,1,8,6,4,1,14,13,1,2,3,5,1,2,2,1,0,1,1,1,4,1,2,3,2,2,1
18166,0,5,1,4,1,15,13,1,2,4,5,1,2,2,1,0,2,1,1,4,2,2,5,2,2,1
18168,0,3,7,4,1,21,13,2,10,3,5,8,2,2,1,0,1,1,1,4,1,3,4,2,2,1
18170,1,10,5,4,5,4,1,2,7,1,6,8,2,2,1,0,1,1,1,4,1,3,3,2,2,1
18171,0,5,6,4,1,12,13,1,4,3,6,1,2,2,1,0,2,1,1,5,2,2,7,2,4,1
18172,0,4,1,3,1,24,13,2,4,3,6,8,2,2,1,0,1,1,1,4,1,4,3,2,2,1
18175,0,6,1,4,1,23,13,2,10,2,6,6,2,2,1,0,1,1,1,7,1,2,3,2,4,1
18176,1,7,3,4,5,1,13,3,7,1,6,8,2,3,4,0,2,1,1,3,4,2,3,2,2,1
18177,1,11,2,4,4,12,13,1,10,1,6,8,2,3,4,0,1,1,1,4,1,3,3,2,2,1
18182,1,5,4,4,1,6,13,4,4,4,6,1,2,2,1,0,8,1,1,4,1,2,3,2,2,1
18183,1,7,7,4,1,22,13,2,11,3,6,1,2,2,1,0,8,1,1,4,1,2,3,2,2,1
18187,0,4,6,4,5,21,13,2,4,1,6,8,2,3,4,0,1,1,1,7,1,4,3,2,2,1
18188,0,4,6,4,1,3,13,2,7,2,6,1,2,2,1,0,1,1,1,4,1,2,3,2,3,1
18189,1,4,5,4,1,15,13,1,8,3,6,8,2,2,1,0,1,1,1,6,1,3,3,2,2,1
18190,1,9,7,3,1,15,13,1,2,4,3,1,2,2,1,0,8,1,1,3,1,2,3,2,2,1
18191,1,10,1,4,1,13,13,1,7,2,4,1,2,2,1,0,1,1,1,3,1,2,3,2,2,1
18192,1,6,3,4,1,13,13,1,2,1,4,1,2,4,5,0,1,1,1,3,1,2,3,3,2,1
18193,0,3,5,4,1,16,13,1,10,4,6,1,2,2,1,0,2,1,1,6,3,2,3,2,2,1
18194,1,8,7,3,5,18,1,1,7,1,6,1,3,2,1,0,1,1,1,3,1,2,5,2,2,1
18195,1,6,4,4,1,14,13,1,1,4,7,1,2,2,1,0,4,1,2,4,1,2,3,2,2,1
18196,0,12,4,4,1,10,10,1,7,6,7,8,2,2,1,0,1,1,1,4,1,3,3,2,2,1
18197,0,4,1,4,4,5,13,2,2,1,7,1,2,3,4,0,2,1,1,7,3,2,3,2,2,1
18198,0,8,3,4,1,7,13,1,7,3,7,8,2,2,1,0,1,1,1,4,1,3,3,2,2,1
18200,1,5,6,4,1,16,10,1,8,6,7,1,2,2,1,0,1,1,1,6,1,2,5,2,2,1
18201,0,10,7,4,1,14,13,1,7,2,7,1,2,2,1,0,1,1,1,5,1,2,5,2,4,1
18202,0,6,7,4,1,14,10,1,7,2,7,1,2,2,1,0,1,1,2,5,1,2,5,2,4,1
18203,0,9,7,4,1,14,13,1,7,2,7,1,2,2,1,0,1,1,1,5,1,2,5,2,4,1
18205,0,6,7,3,1,14,13,1,7,2,7,1,2,2,1,0,1,1,1,5,1,2,5,2,4,1
18206,0,7,7,4,1,12,13,1,10,4,7,1,2,2,1,0,3,1,1,4,3,2,3,2,2,1
18208,1,4,3,4,1,11,13,1,10,4,7,1,2,2,1,0,3,1,1,3,1,2,5,2,2,1
18209,1,8,6,4,1,20,13,3,7,4,7,1,2,2,1,0,4,1,1,4,1,2,5,3,2,1
18212,0,4,7,3,2,3,13,2,10,1,7,8,2,3,4,0,1,1,1,5,1,4,3,2,2,1
18213,0,8,4,3,1,18,13,1,1,1,7,1,2,2,1,0,1,1,1,4,1,2,3,2,2,1
18214,1,9,5,4,1,18,13,1,8,2,7,1,2,2,1,0,1,1,1,4,1,2,3,2,2,1
18216,1,7,6,4,5,21,13,2,2,1,7,8,2,3,4,0,1,1,1,4,1,4,3,2,2,1
18217,1,9,1,4,5,18,4,1,7,1,7,8,2,3,4,0,1,1,1,4,1,4,3,2,2,1
18227,1,8,3,4,1,7,13,1,2,4,5,1,2,2,1,1,2,1,1,4,2,2,3,2,3,1
18228,1,7,6,4,1,15,12,1,7,6,6,8,2,2,1,0,1,1,1,3,1,4,3,2,2,1
18229,1,6,7,4,4,16,13,1,4,1,7,8,2,3,3,0,1,1,1,6,1,4,3,2,2,1
18231,0,5,7,4,5,11,1,1,8,1,8,8,2,2,1,0,8,1,1,4,1,3,3,2,2,1
18233,1,8,3,4,1,18,13,1,7,4,8,1,2,2,1,0,2,1,1,4,2,2,3,2,3,1
18234,0,8,4,4,1,6,13,4,2,3,8,1,2,2,1,0,1,1,1,4,1,2,3,2,2,1
18235,0,8,6,4,1,5,13,2,7,3,8,1,2,2,1,0,1,1,1,4,1,2,3,2,2,1
18236,0,8,2,4,1,20,13,2,8,3,8,8,2,2,1,0,1,3,1,5,1,3,3,2,2,1
18237,1,8,6,4,5,13,1,1,2,1,8,8,2,2,1,0,1,1,1,4,1,3,3,2,2,1
18238,0,3,6,4,4,9,7,2,10,1,8,8,2,3,4,0,1,1,1,5,1,4,3,2,2,1
18240,0,9,1,4,1,21,13,2,7,4,8,1,2,2,1,0,2,1,1,4,3,2,5,3,2,3
18241,1,9,7,4,1,18,13,1,7,3,8,8,2,2,1,0,1,2,1,4,1,3,3,2,2,1
18242,1,5,5,4,1,18,11,1,8,6,8,8,2,2,1,0,1,1,1,6,1,3,3,2,2,1
18243,0,8,7,4,1,7,4,1,3,4,9,1,2,2,1,0,1,1,1,4,1,2,3,2,2,1
18244,0,6,5,4,1,20,13,3,2,3,9,8,2,2,1,0,1,3,1,4,1,3,3,3,2,1
18246,0,3,7,4,1,19,13,5,2,3,9,3,2,2,1,0,2,1,1,5,3,2,3,2,2,1
18248,0,8,7,4,1,21,7,3,7,8,9,1,3,2,1,0,1,1,1,4,1,2,7,2,4,1
18249,0,11,4,4,5,11,1,1,7,1,9,1,2,2,1,0,2,1,1,4,3,2,3,2,2,1
18252,1,5,1,3,4,8,10,1,4,1,9,8,2,3,4,0,1,1,1,7,1,4,3,2,2,1
18255,1,6,6,4,1,17,13,1,8,4,9,1,2,2,1,0,2,1,1,4,2,2,5,2,4,1
18256,1,11,1,4,5,19,1,2,10,1,10,8,2,3,4,0,1,1,1,4,1,4,3,2,2,1
18257,0,4,5,4,1,24,7,2,10,2,10,1,2,2,1,0,3,1,1,2,2,2,5,2,2,1
18259,0,10,7,4,1,14,13,1,11,2,10,8,2,2,1,0,1,1,1,4,1,4,3,2,2,1
18260,1,9,6,4,1,14,19,1,7,6,10,8,2,2,1,0,1,1,1,4,1,3,4,2,3,1
18262,1,6,4,4,1,16,1,1,4,1,10,1,2,2,1,0,3,1,1,4,3,2,3,2,2,1
18266,1,9,7,3,5,13,13,1,7,1,9,1,2,3,3,0,1,1,1,3,1,2,3,2,3,1
18267,1,6,3,4,1,13,13,1,7,4,9,1,2,2,1,0,2,1,1,4,3,2,6,2,3,1
18269,0,6,3,4,1,18,13,1,2,6,10,8,2,2,1,0,1,1,1,4,1,4,3,2,2,1
18270,0,7,3,3,1,18,10,1,7,6,10,8,2,2,1,0,1,1,1,4,1,4,3,2,2,1
18273,1,8,7,4,1,14,4,1,7,5,10,1,2,2,1,0,1,1,1,4,1,2,3,2,2,1
18274,0,3,1,4,5,11,1,1,2,1,10,7,2,2,1,0,1,1,1,5,1,4,3,2,2,1
18275,0,8,7,4,1,14,13,1,2,4,11,1,2,2,1,0,2,1,1,3,2,2,3,2,2,1
18276,0,4,7,4,1,16,13,1,4,4,11,1,2,2,1,0,2,1,1,6,2,2,3,2,2,1
18278,1,5,1,4,5,13,1,1,2,1,11,8,2,3,4,0,1,1,1,4,1,4,3,2,2,1
18279,0,6,7,4,2,23,13,2,2,1,12,8,2,3,4,0,1,1,1,6,1,3,3,2,2,1
18281,1,8,5,4,5,9,1,1,7,1,12,8,2,2,1,0,1,1,1,4,1,3,3,3,2,1
18282,0,4,6,4,1,22,13,2,6,4,12,1,3,2,1,0,4,1,1,6,1,2,6,2,3,1
18283,1,4,1,4,5,1,1,3,10,1,6,1,2,3,4,0,1,1,1,4,1,2,5,2,3,1
18284,0,4,2,4,1,18,13,3,10,1,11,1,2,2,1,0,1,1,1,4,1,2,5,2,2,1
18287,0,10,5,4,1,11,13,1,7,3,7,1,2,2,1,0,2,1,1,4,2,2,3,2,2,1
18289,1,4,2,4,1,17,13,1,7,4,8,1,2,2,1,0,8,3,1,4,1,2,5,2,2,1
18292,0,11,3,4,1,12,13,1,2,2,8,1,2,2,1,0,3,1,1,5,2,2,3,2,4,1
18294,0,8,7,4,5,20,1,2,7,1,8,8,2,3,4,0,1,3,1,5,1,3,3,2,2,1
18295,0,5,2,3,1,23,9,2,8,5,9,7,2,2,1,0,1,3,1,5,1,2,3,2,4,1
18300,1,8,6,4,5,17,1,1,8,1,10,8,3,3,4,0,1,3,1,6,1,4,3,2,2,1
18308,1,10,1,4,1,18,4,1,10,1,4,1,3,3,4,0,1,1,1,3,1,2,3,2,2,1
18312,1,7,4,3,5,22,13,3,7,4,5,1,2,2,1,0,2,3,1,3,3,2,3,2,2,1
18315,0,8,1,3,5,19,7,1,2,1,5,8,2,3,4,0,1,3,1,4,1,4,3,8,2,1
18318,0,10,7,4,1,22,13,2,10,4,4,1,2,2,1,0,2,1,2,4,2,2,3,2,3,1
18319,1,7,2,3,5,12,1,1,7,1,5,6,3,2,1,1,5,3,1,4,1,2,2,2,7,1
18320,0,5,5,4,3,2,4,3,10,1,5,8,3,3,5,0,1,3,1,3,1,5,3,2,2,1
18328,0,3,2,4,1,16,13,1,10,4,5,1,2,2,1,0,4,3,1,4,1,2,5,2,2,1
18332,0,5,7,4,1,22,13,2,7,4,5,1,2,2,1,0,2,3,1,4,2,2,3,3,2,1
18334,1,9,1,4,1,10,11,1,8,1,5,8,3,3,5,1,5,1,1,4,1,5,2,2,7,1
18339,1,4,6,4,1,15,7,1,4,7,6,8,2,2,1,0,4,1,1,3,1,5,5,2,2,1
18341,1,5,7,4,5,3,13,2,10,1,6,8,2,3,4,0,2,3,1,5,3,5,3,2,2,1
18345,1,11,3,4,1,14,13,1,7,4,6,1,2,2,1,0,2,3,1,3,2,2,3,2,2,1
18347,1,9,7,2,5,10,1,1,7,1,6,8,2,2,1,0,1,3,1,4,1,3,3,2,2,1
18349,1,6,1,4,1,8,13,1,7,4,6,1,2,2,1,0,2,3,1,3,3,2,3,2,2,1
18351,1,5,5,4,1,14,13,1,4,3,6,8,2,2,1,0,1,1,2,3,1,4,3,2,2,1
18356,1,6,6,4,5,22,13,2,7,1,7,1,2,3,4,0,1,3,1,4,1,2,3,2,2,1
18358,1,6,2,3,1,21,13,1,4,1,7,1,2,3,7,0,3,3,1,5,3,2,3,2,2,1
18375,1,11,6,4,5,19,13,1,8,1,5,1,2,3,4,0,1,1,1,4,1,2,3,2,2,1
18382,1,8,6,4,1,11,13,1,2,4,8,8,2,2,1,0,4,3,1,3,1,4,5,2,2,1
18383,0,4,4,1,1,21,8,2,10,1,8,1,2,2,1,0,1,3,1,4,1,2,3,2,2,1
18394,0,3,1,4,5,6,1,4,7,1,7,8,3,3,4,0,1,3,1,5,1,5,3,2,2,1
18395,1,12,6,4,5,9,13,1,2,4,8,1,2,2,1,0,2,1,1,3,2,2,5,2,2,1
18404,0,9,4,4,1,17,10,1,7,6,8,8,2,2,1,0,1,3,1,3,1,3,3,2,2,1
18405,1,5,1,2,5,20,13,5,7,1,6,8,2,3,4,0,1,3,1,4,1,3,3,2,2,1
18408,1,4,7,4,1,23,11,2,4,5,6,7,3,2,1,0,1,1,1,6,1,5,3,2,3,1
18409,0,5,7,4,1,23,3,2,4,5,6,7,3,2,1,0,1,1,1,6,1,5,3,2,3,1
18411,0,7,7,3,5,20,1,1,8,1,7,1,2,2,1,0,1,3,1,4,1,2,3,2,2,1
18419,0,6,6,4,1,23,13,3,4,1,8,8,3,3,5,0,1,3,1,4,1,5,5,2,2,1
18420,0,5,3,4,1,14,7,1,10,2,8,1,2,2,1,0,1,3,1,5,1,2,5,2,4,1
18421,1,9,4,3,1,18,13,1,7,1,8,8,3,3,5,0,1,3,1,4,1,5,3,2,2,1
18424,1,9,6,4,5,10,1,1,7,1,8,8,3,3,4,0,1,3,1,4,1,4,3,2,2,1
18425,0,4,3,4,1,19,15,5,4,1,8,7,2,3,4,0,1,1,1,4,1,4,5,2,2,1
18427,0,10,7,4,1,19,4,5,8,1,9,8,2,3,4,0,1,3,1,4,1,4,3,2,2,1
18429,1,6,5,4,1,18,13,1,10,4,8,1,3,2,1,0,2,3,1,4,2,2,3,2,2,1
18430,1,4,4,4,1,16,13,1,4,3,8,7,2,2,1,0,1,3,1,6,1,5,5,2,2,1
18432,1,9,2,4,1,15,3,1,7,4,9,1,2,2,1,0,2,3,1,3,2,2,5,2,2,1
18436,1,5,7,4,1,14,4,1,10,5,9,1,2,2,1,0,1,1,1,4,1,2,5,2,2,1
18437,0,4,1,4,1,16,13,1,7,1,9,7,2,3,4,0,1,3,1,5,1,5,3,2,2,1
18438,0,3,1,4,1,12,13,1,2,4,8,1,2,2,1,1,2,1,2,3,2,2,5,2,3,1
18441,1,6,4,4,1,23,13,3,8,2,6,1,2,2,1,0,1,3,1,5,1,2,5,2,2,1
18444,1,14,3,4,1,13,13,1,8,4,8,1,2,2,1,0,2,1,1,4,3,2,3,2,2,1
18446,1,6,1,4,1,2,13,3,10,2,6,7,3,2,1,0,1,1,1,7,1,2,5,2,3,1
18448,1,4,6,4,1,22,13,2,7,6,8,1,2,2,1,0,1,3,1,3,1,2,3,2,2,1
18464,0,10,6,4,1,8,13,1,4,4,9,1,2,2,1,0,4,1,2,5,1,2,3,2,2,1
18465,1,8,7,4,1,15,2,1,7,1,9,8,2,3,4,0,1,3,1,4,1,4,3,2,2,1
18473,1,6,6,4,1,21,13,3,10,4,8,1,2,2,1,0,4,1,1,3,1,2,5,2,2,1
18474,1,9,6,4,5,14,1,1,8,1,8,8,3,2,1,0,1,1,1,4,1,5,3,2,2,1
18477,1,5,7,4,1,22,13,2,7,1,10,1,2,2,1,0,1,3,1,4,1,2,5,2,2,1
18478,0,7,7,4,5,9,13,1,7,1,11,8,3,3,5,0,1,3,1,5,1,5,3,2,2,1
18479,1,6,2,3,1,15,12,1,2,1,11,1,2,3,5,0,1,3,1,3,1,2,3,3,2,1
18482,1,10,7,3,5,12,1,1,7,1,10,1,2,3,5,0,1,3,1,4,1,2,3,2,2,1
18504,1,6,1,4,5,23,1,2,7,1,5,2,2,2,1,0,1,3,1,5,1,2,5,2,4,1
18541,1,5,5,4,1,18,13,1,7,4,7,1,2,2,1,0,2,3,1,4,3,2,5,2,2,1
18543,1,5,7,4,1,10,1,1,8,1,8,1,2,2,1,0,8,3,1,4,1,2,5,2,2,1
18639,0,5,7,4,1,2,13,2,7,1,3,8,2,3,4,0,1,3,1,5,1,4,3,2,2,1
18651,1,6,7,2,5,21,1,2,7,1,4,8,3,3,4,0,1,3,1,4,1,4,3,2,2,1
18653,0,7,4,4,1,13,12,1,8,4,5,1,3,2,1,0,2,2,1,4,2,2,3,2,2,1
18656,1,4,2,4,1,21,13,3,8,1,4,1,2,2,1,0,1,2,1,4,1,2,4,2,3,1
18658,1,8,7,4,5,11,1,1,3,1,5,1,2,2,1,0,1,2,1,4,1,2,3,2,3,1
18661,1,5,6,3,1,21,13,2,2,1,5,1,2,2,1,0,1,1,1,4,1,2,3,2,2,1
18664,1,5,5,4,5,20,13,5,7,1,5,8,2,3,4,0,1,3,1,5,1,4,3,2,2,1
18665,1,7,7,4,1,13,12,1,7,4,4,1,2,2,1,0,2,3,1,2,3,2,3,2,2,1
18668,0,4,1,3,5,20,1,5,10,1,5,8,3,2,1,0,1,3,1,4,1,4,3,2,2,1
18669,0,2,3,4,1,22,2,2,4,1,5,8,2,3,4,0,1,2,1,6,1,4,3,3,2,1
18672,1,10,7,4,1,21,13,2,7,4,4,1,2,2,1,0,2,1,1,4,2,2,3,2,2,1
18675,1,10,5,4,5,18,1,1,8,1,5,7,2,3,8,1,13,3,1,4,1,2,3,2,3,1
18676,0,6,3,4,1,12,13,1,4,4,5,1,3,2,1,0,2,3,1,4,2,2,3,2,3,1
18682,1,4,3,4,1,17,13,1,10,6,6,1,2,2,1,0,1,1,1,4,1,2,3,2,2,1
18684,0,3,5,4,5,11,1,1,10,1,5,7,2,2,1,0,1,1,1,5,1,3,3,2,6,1
18689,0,3,7,4,1,12,13,1,10,4,3,1,3,2,1,0,8,1,1,4,1,2,3,2,2,1
18694,0,4,5,4,1,7,13,1,2,2,5,1,3,2,1,0,8,2,1,5,1,2,3,2,2,1
18695,1,4,6,4,5,21,1,2,4,1,6,8,3,3,2,0,1,2,1,6,1,4,3,2,2,1
18699,0,7,6,4,1,3,15,2,7,1,6,8,2,3,4,0,1,3,1,4,1,3,3,2,2,1
18700,0,6,4,4,1,19,1,1,4,1,6,8,2,3,4,0,1,2,1,5,1,4,3,2,2,1
18705,1,8,7,4,1,20,13,2,7,1,6,1,3,2,1,0,1,3,1,4,1,2,4,2,3,1
18707,1,7,6,4,1,17,12,1,8,4,5,1,2,2,1,0,8,2,1,4,1,2,5,2,5,1
18713,1,2,5,4,1,20,15,1,2,1,6,8,2,3,4,0,1,3,1,4,1,4,3,2,2,1
18719,1,8,4,4,1,15,13,1,7,2,6,1,2,2,1,0,1,2,1,4,1,2,3,2,2,1
18722,0,4,6,4,1,23,13,2,7,1,6,8,2,3,4,0,1,3,1,3,1,4,3,2,2,1
18725,1,7,6,2,1,22,13,3,2,4,6,1,3,2,1,0,2,3,1,3,2,2,3,2,2,1
18727,0,6,3,4,4,20,13,5,7,1,6,8,2,3,5,0,1,3,1,5,1,4,3,2,2,1
18728,0,7,4,4,5,20,15,1,4,1,7,8,3,3,4,0,1,3,1,7,1,4,3,2,2,1
18732,1,8,5,4,1,15,2,1,7,1,7,1,2,2,1,0,1,3,1,4,1,2,3,2,2,1
18734,1,7,6,4,1,21,13,2,10,1,7,1,2,2,1,0,1,3,1,5,1,2,3,3,2,1
18741,1,9,6,4,1,17,13,1,10,4,7,8,3,2,1,0,2,3,1,4,3,4,3,2,2,1
18744,0,10,3,4,1,12,13,1,2,4,7,8,2,2,1,0,8,1,1,4,1,4,3,2,2,1
18745,0,3,6,4,1,11,2,1,2,4,7,8,3,2,1,0,2,1,1,7,3,3,3,2,2,1
18749,0,5,1,4,5,14,1,1,7,1,7,1,2,2,1,0,1,3,1,4,1,2,3,2,3,1
18750,1,8,1,4,1,14,10,1,7,1,7,6,2,2,1,0,1,3,1,4,1,2,3,2,3,1
18759,0,10,5,4,5,20,1,5,7,1,7,8,3,3,2,0,1,3,1,4,1,4,3,2,2,1
18765,1,7,1,4,5,18,1,1,2,1,7,8,2,2,1,0,1,3,1,4,1,3,3,2,2,1
18772,0,5,6,4,1,17,13,1,7,3,7,1,2,2,1,0,1,1,1,4,1,2,3,2,2,1
18774,1,9,1,4,1,20,13,2,2,4,7,1,2,2,1,0,2,2,2,3,3,2,3,2,2,1
18781,1,9,7,4,1,16,13,1,2,4,7,1,2,2,1,1,2,3,1,4,3,2,3,2,2,1
18784,0,6,2,2,1,23,1,2,7,1,8,8,3,2,5,0,1,3,1,4,1,4,3,2,2,1
18785,0,13,2,2,5,15,1,1,2,1,8,8,3,3,4,0,1,2,1,3,1,4,3,2,2,1
18787,0,6,7,3,1,22,13,2,7,1,8,8,2,3,5,0,1,3,1,5,1,3,3,2,2,1
18789,1,7,5,4,1,18,13,1,7,4,8,1,3,2,1,0,2,3,1,4,2,2,3,2,2,1
18790,0,9,4,4,1,22,2,2,7,1,8,8,3,3,4,0,1,3,1,4,1,4,3,2,2,1
18791,1,8,4,3,5,10,1,1,10,1,8,1,3,3,2,0,1,2,1,4,1,2,3,3,3,1
18795,0,7,7,4,1,12,13,1,7,3,7,8,2,2,1,0,1,2,1,4,1,4,4,2,2,1
18800,0,4,3,4,1,17,12,1,4,6,8,1,3,2,1,0,1,1,1,6,1,2,3,2,2,1
18819,0,8,2,4,1,14,8,1,2,1,9,8,3,3,3,0,1,1,1,5,1,3,3,3,4,1
18821,1,11,4,4,1,14,2,1,7,4,9,8,2,2,1,0,2,3,1,2,2,2,3,3,2,1
18826,1,9,1,4,1,21,13,3,7,4,9,1,2,2,1,1,2,2,2,3,7,2,3,2,4,1
18829,1,8,1,4,1,19,13,5,4,3,9,8,2,2,1,0,1,1,1,3,1,4,3,2,2,1
18830,1,4,1,3,5,17,1,1,7,1,10,1,3,2,1,0,1,3,1,5,1,2,4,2,4,1
18831,0,8,7,2,1,17,13,1,7,4,10,1,2,2,1,0,8,1,1,3,1,2,3,2,2,1
18832,1,9,1,4,1,14,13,1,7,4,10,1,2,2,1,0,2,1,1,4,2,2,3,2,2,1
18833,0,8,5,4,1,15,13,1,10,4,10,1,2,2,1,0,2,2,1,4,2,2,3,2,2,1
18840,0,7,6,2,1,17,7,1,7,1,11,2,2,2,1,0,1,3,1,3,1,2,3,2,2,1
18841,0,8,6,2,1,17,7,1,7,1,11,2,2,2,1,0,1,3,1,3,1,2,3,2,2,1
18842,0,4,6,3,5,17,1,1,2,1,11,1,3,2,1,0,1,3,1,4,1,2,3,2,2,1
18843,1,6,3,4,1,7,4,1,8,4,10,1,3,2,1,0,8,2,1,5,1,2,3,2,2,1
18847,0,7,5,4,1,16,13,1,7,3,9,8,2,2,1,0,1,1,2,4,1,3,3,2,2,1
18848,1,6,3,4,1,11,13,1,10,2,10,1,3,2,1,0,8,2,1,4,1,2,3,2,3,1
18849,1,12,1,2,5,16,1,5,4,1,11,1,3,2,1,0,1,1,1,4,1,2,3,2,2,1
18853,0,6,4,4,1,11,4,1,8,4,11,1,3,2,1,0,2,1,1,5,3,2,3,3,2,1
18857,0,4,1,4,1,18,11,3,8,4,3,1,2,2,1,0,2,2,1,3,3,2,4,2,5,1
18861,1,8,1,4,1,15,13,1,7,3,5,1,2,2,1,0,2,3,1,4,3,2,5,2,3,1
18870,1,8,5,2,5,19,1,3,8,1,9,8,3,3,4,0,1,3,1,4,1,4,3,2,2,1
18873,0,6,7,2,1,17,4,1,11,1,1,8,2,3,4,0,1,3,1,4,1,3,3,2,2,1
18874,0,10,3,4,4,7,13,1,7,1,2,7,2,3,4,0,1,3,1,3,1,2,3,2,2,1
18875,1,7,7,4,1,19,13,2,7,4,2,1,2,2,1,0,2,1,1,4,3,2,3,2,2,1
18876,1,11,2,4,1,9,13,1,7,4,2,1,2,2,1,0,2,1,1,4,2,2,3,2,3,1
18877,0,3,4,2,1,13,13,1,4,4,2,1,2,2,1,0,2,1,1,4,3,2,3,2,3,1
18878,0,3,4,4,1,13,13,1,10,4,2,1,2,2,1,0,2,3,1,4,3,2,3,2,3,1
18879,0,2,1,4,1,17,13,1,4,4,2,1,2,2,1,0,2,3,1,5,2,2,3,2,3,1
18880,0,10,2,4,5,18,1,5,7,1,2,1,3,3,3,0,1,1,1,5,1,2,3,2,4,1
18881,0,5,5,4,1,23,13,2,7,1,3,8,2,3,4,0,1,3,1,4,1,3,3,2,2,1
18882,0,5,6,4,1,14,13,1,10,3,3,1,2,2,1,0,8,1,1,5,1,2,3,2,2,1
18887,0,6,7,4,1,19,13,2,7,1,3,1,2,2,1,0,1,3,1,4,1,2,3,2,2,1
18888,1,4,5,4,1,13,13,1,8,1,3,8,2,3,4,0,1,3,1,6,1,3,3,2,2,1
18889,1,11,6,2,5,19,1,1,8,1,4,1,2,3,3,0,1,3,1,3,1,2,3,2,4,1
18892,1,4,1,4,3,2,13,2,10,1,4,1,3,3,3,0,1,3,1,4,1,2,3,2,4,1
18893,1,7,5,2,5,16,1,1,2,1,4,1,3,3,4,0,1,3,1,4,1,2,3,2,2,1