id,Severity,age_classes,day_week,DEFORMED_classes,m_harm_classes,hour,impact1_classes,lgt_cond,make,man_coll,month,p_crash1,pcrash4,pcrash5,rel_road,reljct1,reljct2,rest_use,sex,speed_classes,typ_int,valign,vnum_lan,vsurcond,vtrafway,weather_classes
18894,0,3,7,4,1,1,13,3,2,1,4,8,3,3,4,0,3,3,1,5,2,5,5,2,3,1
18895,1,8,7,4,5,13,1,1,7,1,4,1,2,3,3,0,1,1,1,4,1,2,3,2,3,1
18899,1,8,1,4,1,13,13,1,2,2,5,1,2,2,1,0,1,3,1,4,1,2,3,2,3,1
18901,1,5,4,4,3,19,13,5,8,1,5,8,3,3,4,0,1,3,1,5,1,3,3,2,2,1
18903,1,7,2,4,1,19,7,1,4,2,5,1,2,2,1,0,1,3,1,5,1,2,3,2,3,1
18904,0,8,2,4,1,19,13,1,7,2,5,1,2,2,1,0,1,3,1,6,1,2,3,2,3,1
18905,1,7,3,4,1,17,13,1,7,4,5,1,2,2,1,0,2,3,1,3,2,2,3,2,3,1
18906,1,7,1,4,4,21,13,3,8,1,5,1,3,3,3,0,1,3,1,4,1,2,3,2,4,1
18913,1,3,1,4,1,1,13,2,7,4,5,1,2,2,1,0,2,3,1,4,2,2,3,2,3,1
18915,0,1,5,4,5,23,1,2,10,1,5,1,2,2,1,0,1,1,1,6,1,2,3,3,2,1
18916,1,6,7,4,1,21,4,3,8,4,5,8,2,2,1,0,2,3,1,3,2,2,3,2,3,1
18918,0,8,3,4,1,19,10,1,2,4,6,8,2,2,1,0,2,3,1,2,3,2,3,2,2,1
18921,1,8,1,4,2,24,13,2,8,1,6,1,2,3,4,0,8,3,1,5,1,2,3,2,2,1
18922,1,6,3,4,1,16,13,1,7,4,6,1,2,2,1,0,2,3,1,3,2,2,3,2,2,1
18924,1,3,4,4,1,24,13,3,2,1,6,8,2,3,4,0,1,3,1,4,1,3,4,2,4,1
18925,1,5,7,4,5,17,13,1,4,1,6,8,2,3,4,0,8,3,1,5,1,3,3,2,2,1
18926,0,7,7,4,1,21,13,2,2,2,6,1,2,2,1,0,1,3,1,5,1,2,3,2,3,1
18928,1,7,7,2,1,17,13,1,3,3,4,1,2,2,1,0,8,3,1,5,1,2,3,2,2,1
18930,1,6,4,4,1,6,13,4,7,1,7,1,2,2,1,0,1,1,1,4,1,2,3,2,2,1
18931,1,6,2,4,1,21,10,2,7,1,7,1,2,2,1,0,1,1,1,4,1,2,3,2,2,1
18933,1,7,5,2,1,22,13,3,7,1,7,1,2,3,3,0,1,1,1,4,1,2,3,2,4,1
18937,0,6,1,4,1,24,13,3,4,2,6,1,2,2,1,0,2,3,1,6,2,2,3,2,2,1
18938,0,12,5,4,1,12,4,1,7,4,8,8,2,2,1,0,2,3,1,2,2,2,3,2,3,1
18939,1,7,6,4,1,13,13,1,7,2,8,1,2,2,1,0,1,1,1,4,1,2,3,2,3,1
18940,0,6,1,4,1,21,13,2,2,2,8,1,2,2,1,0,1,3,1,5,1,2,3,2,2,1
18941,1,7,3,4,1,23,7,2,7,2,8,4,2,2,1,0,2,3,1,2,2,2,3,2,2,1
18943,1,11,5,4,1,14,13,1,2,2,8,1,2,2,1,0,2,3,1,4,2,2,3,2,3,1
18946,0,10,1,4,4,23,13,2,7,1,8,1,3,3,4,0,2,3,1,4,3,2,3,2,2,1
18947,0,8,2,1,5,23,1,2,7,1,8,8,2,3,4,0,2,3,1,4,3,4,3,2,2,1
18949,0,4,2,4,1,18,13,1,10,3,8,1,2,2,1,0,2,3,1,4,4,2,3,2,2,1
18950,1,5,5,4,5,23,13,3,8,1,9,8,2,3,4,1,5,3,1,5,1,4,2,2,7,1
18951,1,6,6,4,1,14,7,1,11,2,9,2,2,2,1,0,8,1,1,3,1,2,3,2,3,1
18954,0,6,6,4,5,9,1,1,7,1,9,1,2,2,1,0,1,3,1,5,1,2,3,2,3,1
18956,0,3,1,4,4,2,13,2,10,1,9,1,2,3,4,0,1,3,1,5,1,2,3,2,2,1
18957,0,5,2,4,1,18,13,1,2,3,9,8,2,2,1,0,1,3,1,4,1,3,3,2,2,1
18958,1,7,4,4,4,24,13,2,8,1,9,1,2,3,4,0,1,3,1,7,1,2,3,2,3,1
18960,1,8,1,4,1,19,13,1,7,1,9,8,3,3,4,0,1,3,1,5,1,4,3,2,2,1
18961,1,12,7,2,5,10,1,1,8,1,9,1,2,2,1,0,1,3,1,4,1,2,3,2,3,1
18963,0,6,4,4,1,22,7,2,2,2,8,2,2,2,1,0,1,3,1,3,1,2,3,2,2,1
18965,1,6,5,4,1,20,13,3,8,4,9,1,2,2,1,0,8,1,1,3,1,2,3,3,3,1
18967,1,4,7,4,1,20,13,2,2,3,10,8,2,2,1,0,1,1,1,5,1,4,3,2,2,1
18968,0,10,7,4,5,6,13,2,7,1,10,1,2,3,4,0,1,3,1,5,1,2,3,2,2,1
18969,0,10,4,4,5,19,1,2,10,1,10,1,3,2,1,0,1,3,1,4,1,2,3,2,2,1
18974,0,7,1,4,5,20,1,2,7,1,11,1,2,2,1,0,8,3,1,5,1,2,3,2,3,1
18975,1,3,2,4,1,18,13,2,4,4,11,1,2,2,1,0,8,1,1,4,1,2,3,2,3,1
18976,0,9,2,4,1,16,13,1,7,4,11,8,2,2,1,0,2,3,1,4,3,4,3,2,3,1
18977,0,8,5,4,1,19,13,2,7,3,11,8,2,2,1,0,1,3,1,4,1,4,3,2,2,1
18978,0,3,7,4,1,1,7,2,2,2,10,1,2,2,1,0,1,3,2,3,1,2,3,2,3,1
18979,0,5,4,4,1,19,13,2,8,2,12,1,2,2,1,0,1,3,1,4,1,2,3,2,2,1
18980,1,5,4,4,5,14,1,1,4,1,12,8,2,3,4,0,1,3,1,4,1,5,3,2,2,1
18981,1,9,1,2,5,8,1,1,10,1,10,1,2,2,1,0,8,3,1,4,1,2,3,2,3,1
18988,1,5,1,4,1,15,13,1,4,2,7,7,2,2,1,0,1,3,1,4,1,5,3,2,2,1
18991,1,11,3,3,5,12,1,1,7,1,8,8,2,2,1,0,1,3,1,4,1,3,3,2,2,1
18993,1,8,6,4,1,14,1,1,7,1,8,1,2,2,1,0,2,2,1,5,3,2,3,2,2,1
18994,1,9,6,4,5,17,13,1,7,2,8,1,3,2,1,0,2,3,1,3,3,2,3,2,2,1
18996,0,8,6,2,1,17,7,1,7,2,8,8,2,2,1,0,2,3,1,2,3,2,3,2,2,1
18998,0,7,7,4,5,17,7,1,7,2,8,7,2,2,1,0,1,3,1,5,1,2,3,2,3,1
19002,1,9,7,4,5,20,1,5,7,1,8,8,2,3,4,0,1,3,1,4,1,3,3,2,2,1
19003,0,5,1,4,1,13,13,1,7,3,9,1,2,2,1,0,1,2,1,4,1,2,3,2,2,1
19004,1,3,3,4,1,19,13,2,8,1,9,1,2,2,1,0,3,3,1,4,3,2,3,2,2,1
19005,1,9,6,3,5,13,1,1,7,1,9,7,2,3,4,0,1,3,1,3,1,2,3,2,2,1
19051,1,6,4,4,1,12,13,1,2,2,6,2,3,2,1,0,2,1,1,7,3,2,3,2,2,1
19079,1,5,2,4,1,6,15,1,7,1,8,1,2,3,4,0,1,1,1,6,1,2,3,2,2,1
19129,0,5,2,4,1,6,11,4,4,1,1,1,2,3,3,0,1,3,1,7,1,2,3,3,4,1
19212,0,4,7,3,1,11,1,1,2,1,3,7,3,2,1,0,2,3,1,6,3,2,5,2,5,1
19251,0,3,6,4,1,19,13,1,2,4,4,3,2,2,1,0,2,1,1,5,2,2,7,2,3,1
19488,0,7,5,4,1,2,13,2,8,2,9,7,2,2,1,0,1,2,1,6,1,2,5,2,4,1
19570,1,7,5,3,1,17,7,1,2,2,8,5,2,2,1,0,8,3,1,2,1,2,5,2,2,1
19642,1,4,7,2,1,16,13,1,4,3,12,8,3,2,1,0,1,3,1,7,1,4,3,2,2,1
19674,1,7,5,3,5,12,1,1,8,1,9,7,2,2,1,0,1,3,1,3,1,2,3,2,4,1
19676,1,8,3,4,1,15,13,1,2,4,2,1,2,2,1,0,2,3,1,4,2,2,3,2,2,1
19678,0,5,4,4,4,17,13,1,10,1,6,8,2,3,6,0,1,1,1,5,1,4,3,2,2,1
19683,0,5,6,4,1,2,13,2,10,1,7,8,2,3,5,0,1,3,1,8,1,4,3,2,3,1
19685,0,7,6,4,1,6,13,1,3,4,5,1,2,2,1,0,2,3,1,5,3,2,5,3,3,1
19687,0,7,2,4,5,9,1,1,7,1,8,1,3,2,1,0,1,3,1,6,1,2,3,2,2,1
19689,0,5,1,4,2,10,13,1,10,1,8,8,3,3,4,0,1,1,1,5,1,3,3,2,2,1
19691,0,9,4,4,1,19,13,5,2,1,6,8,2,3,4,0,1,1,1,5,1,4,3,2,2,1
19694,0,11,5,3,1,13,10,1,4,5,6,7,2,2,1,1,11,1,1,4,1,2,6,2,4,1
19696,0,6,4,4,1,20,13,5,8,3,8,7,2,2,1,0,1,1,1,5,1,3,3,2,2,1
19698,1,8,6,3,1,21,13,3,7,4,8,1,2,2,1,0,2,3,1,4,2,2,5,2,5,1
19700,1,10,2,2,1,17,13,5,7,4,12,8,2,2,1,0,8,3,1,2,1,2,5,2,2,1
19703,1,7,1,4,1,20,13,3,7,3,9,1,2,2,1,0,2,3,1,4,3,2,5,2,5,1
19704,1,7,7,4,4,13,13,1,7,1,4,8,2,3,4,0,1,1,2,4,1,4,3,2,2,1
19708,1,6,7,4,1,17,1,1,7,1,8,8,3,3,4,0,1,2,1,5,1,3,3,2,2,1
19710,0,7,1,4,5,16,1,1,7,1,8,8,3,3,4,0,1,1,1,6,1,4,3,2,2,1
19714,0,4,1,4,1,12,13,1,2,4,2,1,2,2,1,0,2,1,1,4,2,2,3,2,2,1
19715,0,6,6,4,5,23,1,2,4,1,3,8,2,3,4,0,1,1,1,6,1,4,3,2,2,1
19717,1,8,7,2,4,11,13,1,8,1,4,1,2,3,4,0,1,1,2,3,1,2,3,2,2,1
19718,0,3,5,4,1,16,13,1,10,4,4,1,2,2,1,0,4,1,1,6,1,2,3,2,2,1
19723,1,10,1,4,1,12,13,1,7,3,4,8,2,2,1,0,1,1,1,4,1,3,3,2,2,1
19724,0,12,6,4,1,16,11,1,7,6,4,8,2,2,1,0,1,1,1,4,1,3,3,2,2,1
19728,1,8,5,4,4,12,13,1,4,1,5,8,2,3,4,0,1,1,1,3,1,4,3,2,2,1
19730,0,8,3,4,5,17,1,1,10,1,5,8,2,2,1,0,1,1,1,4,1,4,3,2,2,1
19733,0,4,7,4,2,15,13,1,2,1,5,1,2,3,4,0,1,1,1,5,1,2,3,2,2,1
19737,0,12,6,4,5,12,1,1,10,3,6,8,2,2,1,0,1,1,1,3,1,3,3,2,2,1
19738,1,7,6,4,1,12,13,1,2,3,6,8,2,2,1,0,1,1,1,3,1,3,3,2,2,1
19741,1,7,4,4,1,19,13,1,4,4,6,1,2,2,1,0,2,1,1,3,2,2,6,2,2,1
19743,0,6,5,4,5,24,1,2,11,1,6,1,2,3,3,1,12,1,1,6,1,2,7,2,4,1
19745,1,9,4,4,1,17,13,1,4,4,6,1,2,2,1,0,2,1,1,4,3,2,3,2,3,1
19746,1,9,4,4,1,23,13,3,3,3,6,1,2,2,1,1,2,1,1,3,3,2,3,2,2,1
19751,0,8,5,4,1,7,13,1,10,4,6,1,2,2,1,0,3,1,1,3,3,2,5,2,2,1
19754,1,6,1,4,1,11,13,1,10,3,7,8,2,2,1,0,1,1,1,3,1,4,4,2,2,1
19755,1,8,1,4,1,11,13,1,7,3,7,8,2,2,1,0,1,1,1,3,1,3,4,2,2,1
19757,1,5,3,4,1,14,13,1,10,4,7,1,2,2,1,0,2,1,1,4,2,2,5,2,4,1
19760,1,8,7,4,1,19,13,1,7,4,7,1,3,2,1,0,2,1,1,4,2,2,6,2,3,1
19761,1,7,7,4,1,19,13,1,7,4,7,1,3,2,1,0,2,1,1,4,2,2,6,2,3,1
19764,0,5,1,4,1,18,13,1,4,1,7,1,2,3,7,0,1,1,1,4,1,2,3,2,2,1
19767,1,7,5,4,4,19,12,1,7,1,7,8,2,3,4,0,1,1,1,5,1,3,3,2,2,1
19768,1,8,2,4,1,17,13,1,7,4,8,1,2,2,1,0,2,1,1,3,2,2,5,3,2,1
19771,0,8,2,4,5,10,1,1,7,1,6,8,2,3,4,0,1,1,1,3,1,4,3,2,2,1
19773,0,8,7,4,5,19,2,1,2,1,8,8,2,3,4,0,1,1,1,5,1,4,3,2,2,1
19774,0,5,6,4,1,16,13,1,8,3,8,8,2,2,1,0,1,1,2,4,1,3,3,2,2,1
19775,0,8,4,4,1,13,11,1,10,5,8,1,2,2,1,1,12,1,1,4,1,2,6,2,4,1
19780,0,4,2,4,1,10,13,1,4,3,8,7,3,2,1,0,1,1,1,6,1,2,3,2,2,1
19781,1,8,3,4,1,16,13,1,7,4,8,1,2,2,1,0,2,1,1,2,3,2,3,2,2,1
19785,0,6,2,4,1,21,13,2,2,1,8,7,3,3,4,0,1,1,1,4,1,4,3,2,2,1
19787,1,5,1,4,1,12,13,1,3,3,8,8,2,2,1,0,1,1,1,5,1,4,4,2,2,1
19788,1,3,7,4,5,24,1,2,2,1,9,1,2,3,4,0,1,1,1,5,1,2,5,2,3,1
19793,1,4,6,4,1,14,1,1,2,1,9,8,2,2,1,0,1,1,1,4,1,3,3,3,2,1
19798,1,6,2,4,1,21,10,3,7,4,10,1,2,2,1,0,2,1,1,3,2,2,4,2,4,1
19799,1,7,7,4,1,15,13,1,10,3,10,8,2,2,1,0,1,1,1,5,1,3,3,2,2,1
19800,0,8,1,4,1,1,13,2,7,2,8,1,2,2,1,0,1,1,1,6,1,2,4,2,4,1
19802,1,10,7,4,1,11,13,1,8,3,10,8,2,2,1,0,1,1,1,3,1,3,3,2,2,1
19803,0,8,7,4,1,11,13,1,7,3,10,8,2,2,1,0,1,1,1,3,1,3,3,2,2,1
19809,1,7,1,4,1,19,12,1,7,1,10,1,2,2,1,0,1,1,1,4,1,2,5,2,2,1
19810,1,6,7,4,1,13,13,1,7,4,10,1,2,2,1,0,2,1,1,4,3,2,5,2,4,1
19812,0,3,1,4,1,15,13,1,10,4,11,1,2,2,1,0,8,1,1,4,1,2,7,2,3,1
19816,1,5,3,4,1,14,13,1,2,4,11,1,2,2,1,0,2,1,1,3,3,2,4,2,3,1
19872,1,9,4,4,1,15,7,1,7,2,9,5,2,2,1,0,1,1,1,2,1,2,3,2,2,1
19894,0,9,6,4,1,15,13,1,8,3,9,1,2,2,1,0,2,1,1,3,3,2,3,2,2,1
19927,1,9,3,4,1,15,13,1,8,4,4,1,3,2,1,0,2,3,1,4,2,2,3,2,2,1
19929,1,8,6,4,1,15,13,1,7,4,4,8,2,2,1,0,2,3,1,3,3,3,3,2,2,1
19930,0,10,5,4,1,15,13,1,7,3,5,1,2,3,2,0,3,2,1,4,2,2,3,2,2,1
19932,1,8,6,4,1,15,2,1,7,4,5,8,2,2,1,0,2,3,1,2,2,2,3,2,3,1
19934,1,10,5,4,1,16,11,1,10,4,5,1,2,2,1,0,2,3,1,3,2,2,3,2,2,1
19935,1,5,4,3,5,22,2,3,7,1,5,6,2,2,1,1,5,3,1,4,1,2,2,2,7,1
19937,0,7,7,4,1,13,13,1,7,4,5,1,3,2,1,0,2,3,1,4,2,2,3,2,2,1
19943,0,4,2,4,1,22,13,2,10,3,6,1,2,2,1,0,1,2,1,8,1,2,3,2,2,1
19944,1,8,2,3,1,13,13,1,7,1,6,8,3,2,1,0,1,3,1,4,1,4,3,2,2,1
19945,1,5,3,4,1,13,13,1,4,4,6,1,3,2,1,0,2,3,1,4,2,2,3,2,2,1
19949,1,11,3,3,1,12,13,1,2,4,6,8,2,2,1,0,2,3,1,4,2,3,3,2,2,1
19951,1,5,5,2,2,20,1,3,4,1,6,1,2,2,1,0,1,3,1,2,1,2,3,8,2,7
19953,1,9,1,4,1,12,13,1,7,2,6,1,2,2,1,0,2,3,1,4,3,2,3,2,2,1
19954,0,5,4,3,1,21,13,2,7,1,6,1,2,2,1,0,1,3,1,4,1,2,3,2,2,1
19958,1,3,1,4,5,2,1,3,8,1,7,2,3,2,1,0,3,3,1,7,3,2,3,2,2,1
19960,1,8,4,3,1,19,13,1,10,1,7,1,2,2,1,0,1,3,1,4,1,2,3,2,2,1
19961,0,7,3,4,1,19,13,1,7,4,7,1,2,2,1,0,2,3,1,4,2,2,3,2,2,1
19967,0,10,6,4,1,4,13,4,2,1,7,1,2,2,1,0,1,3,1,4,1,2,3,2,2,1
19968,1,7,5,4,1,6,13,1,2,4,7,1,2,2,1,0,2,3,1,4,3,2,3,2,2,1
19977,0,6,1,4,5,19,1,1,7,1,8,8,2,2,1,0,1,3,1,4,1,4,3,2,2,1
19979,1,8,5,1,5,18,1,1,2,1,8,8,3,2,1,0,8,2,2,2,1,2,3,2,2,1
19980,1,8,7,4,5,19,1,1,7,1,8,1,2,3,4,0,1,3,1,3,1,2,3,2,2,1
19981,0,6,7,2,1,16,7,1,2,2,8,7,2,2,1,0,8,3,1,4,1,2,3,2,2,1
19982,1,6,7,3,1,16,13,1,8,2,8,1,2,2,1,0,8,3,1,4,1,2,3,2,2,1
19984,0,7,1,4,1,18,13,1,2,3,8,8,2,2,1,0,1,3,1,4,1,3,3,2,2,1
19985,0,9,4,4,1,15,13,1,2,3,8,8,2,2,1,0,1,3,1,3,1,4,3,2,2,1
19987,0,7,1,4,4,19,13,1,10,1,8,8,2,3,4,0,1,3,1,6,1,4,3,2,2,1
19989,1,10,5,4,1,18,2,1,4,4,8,1,2,2,1,0,2,3,1,4,3,2,3,2,2,1
19990,0,8,3,3,1,11,13,1,7,2,8,2,3,2,1,0,1,3,1,4,1,2,3,2,3,1
19995,0,8,4,4,1,20,13,1,7,4,8,1,2,2,1,0,2,3,1,4,2,2,3,2,5,1
19998,1,8,2,4,5,5,1,4,7,1,8,1,2,2,1,0,1,3,1,4,1,2,3,2,2,1
19999,0,10,2,3,5,11,1,1,7,1,8,1,2,2,1,0,2,3,1,3,2,2,3,2,2,1
20000,1,4,1,2,1,20,20,3,10,4,8,1,2,2,1,0,2,3,1,3,2,2,3,2,2,1
20009,1,10,6,4,5,23,13,2,7,1,9,8,2,3,4,0,1,3,1,4,1,3,3,2,2,1
20014,0,8,1,2,1,15,7,1,7,2,10,1,2,2,1,0,1,3,1,4,1,2,3,2,2,1
20015,1,8,1,3,1,15,13,1,7,2,10,1,2,2,1,0,1,3,1,4,1,2,3,2,2,1
20017,0,5,4,4,1,14,1,1,4,1,5,8,2,3,4,0,3,3,1,6,4,2,3,2,2,1
20024,0,7,3,4,5,8,1,1,7,1,7,1,3,2,1,0,8,3,1,4,1,2,3,2,2,1
20026,0,8,1,4,1,1,13,3,7,3,7,1,2,2,1,1,12,3,1,5,1,2,3,2,4,1
20028,1,7,5,4,1,14,2,1,7,4,8,1,2,2,1,0,2,3,1,5,3,2,3,2,2,1
20031,1,10,6,4,1,18,12,1,7,1,8,1,2,3,4,0,1,3,1,5,1,2,3,2,2,1
20033,1,10,7,4,1,12,7,1,7,2,9,7,2,2,1,0,8,3,2,4,1,2,3,2,2,1
20035,0,8,7,4,1,18,7,2,2,2,12,1,2,2,1,0,1,2,1,5,1,2,3,2,4,1
20125,1,6,2,4,1,18,13,5,8,3,4,8,2,2,1,0,1,1,1,3,1,3,3,2,2,1
20128,0,5,6,2,1,22,13,2,7,1,4,1,2,2,1,0,1,2,1,3,1,2,3,2,2,1
20133,0,5,1,2,5,19,1,1,8,1,5,8,3,2,1,0,1,3,2,4,1,3,5,2,2,1
20134,1,4,5,3,5,21,1,3,8,1,6,8,2,3,3,0,1,3,1,4,1,3,5,2,4,1
20135,0,3,3,4,5,13,1,1,2,1,7,8,3,2,1,1,5,1,1,4,1,3,2,2,7,1
20136,0,6,7,4,1,14,13,1,4,2,7,2,2,2,1,0,1,2,1,3,1,2,3,2,4,1
20137,0,6,7,2,1,14,13,1,4,2,7,5,2,2,1,0,1,2,1,2,1,2,3,2,4,1
20147,0,7,3,2,5,14,1,1,2,1,5,1,3,2,1,0,5,1,1,3,1,2,2,2,7,1
20157,0,4,4,4,1,22,13,3,7,4,7,1,2,2,1,1,8,3,1,2,1,2,4,2,5,1
20165,1,5,4,2,1,11,1,1,4,1,8,1,2,2,1,0,1,3,1,3,1,2,2,2,6,1
20190,0,6,7,2,1,13,13,1,4,2,6,5,2,2,1,0,1,2,1,2,1,2,4,2,4,1
20202,1,6,6,2,1,13,13,1,4,4,6,5,2,2,1,0,2,2,1,2,2,2,3,2,2,1
20218,0,3,2,2,1,11,13,1,8,2,5,5,2,2,1,0,1,1,1,2,1,2,3,2,2,1
20229,1,5,4,2,1,9,13,1,2,2,6,5,2,2,1,0,3,2,2,2,3,2,5,2,2,1
20240,0,10,3,2,1,9,13,1,7,2,7,5,2,2,1,0,3,1,1,2,2,2,6,2,5,1
20273,0,4,5,2,1,15,13,1,2,2,10,5,2,2,1,0,1,1,1,2,1,2,5,2,2,1
20293,0,4,7,4,1,22,7,3,10,2,12,5,2,2,1,0,3,1,1,2,2,2,5,2,2,1
20303,0,5,7,2,1,21,7,1,7,2,6,5,2,2,1,0,3,2,1,2,2,2,5,2,2,1
20344,0,3,6,2,1,24,19,3,6,4,7,1,2,2,1,0,2,1,1,4,2,2,3,2,4,1
20358,1,11,3,3,1,15,13,1,7,2,10,5,2,2,1,0,3,1,1,2,2,2,3,2,2,1
20386,0,9,5,2,1,13,13,1,7,2,6,5,2,2,1,0,3,2,1,2,7,2,3,2,4,1
20421,0,9,4,2,1,12,13,1,4,2,8,5,2,2,1,0,3,2,1,2,2,2,5,2,5,1
20439,0,5,7,1,1,21,1,3,7,1,5,5,2,2,1,0,1,1,1,2,1,2,3,3,3,1
20458,1,6,2,4,1,18,7,1,7,2,6,5,2,2,1,0,3,2,1,2,2,2,5,2,2,1
20461,0,3,1,2,1,14,1,1,7,1,6,5,2,2,1,0,3,2,2,2,3,3,3,2,2,1
20467,0,3,2,2,1,22,13,3,2,2,6,5,2,2,1,0,3,2,1,2,2,2,5,2,5,1
20503,0,8,1,2,1,12,7,1,7,2,11,5,2,2,1,0,3,3,1,2,2,2,5,2,2,1
20505,0,4,7,2,1,17,13,3,10,2,11,5,2,2,1,0,3,2,1,2,3,2,3,2,2,1
20506,0,3,7,2,1,14,12,1,4,5,1,7,2,2,1,0,1,1,2,3,1,2,4,2,4,1
20507,0,3,7,3,1,14,12,1,4,5,1,1,2,2,1,0,1,1,2,3,1,2,4,2,4,1
20516,0,9,7,3,1,18,2,5,7,5,2,7,2,2,1,0,1,1,1,3,1,2,4,2,4,1
20517,0,9,7,3,1,18,2,5,7,5,2,1,2,2,1,0,1,1,1,3,1,2,4,2,4,1
20523,0,7,1,3,1,17,13,1,4,4,2,1,2,2,1,0,8,1,1,3,1,2,3,2,3,1
20525,0,10,7,4,1,19,12,3,2,4,2,1,2,2,1,0,8,3,1,3,1,2,5,2,2,1
20526,0,10,7,3,1,19,12,3,2,4,2,1,2,2,1,0,8,3,1,3,1,2,5,2,2,1
20528,0,10,7,4,1,19,13,3,7,4,2,1,2,2,1,0,8,3,2,3,1,2,5,2,2,1
20529,0,10,7,3,1,19,13,3,7,4,2,1,2,2,1,0,8,3,2,3,1,2,5,2,2,1
20536,0,8,1,4,1,15,21,1,2,5,3,1,2,2,11,0,1,3,1,3,1,2,5,2,5,1
20537,0,8,1,3,1,15,21,1,2,5,3,7,2,2,11,0,1,3,1,2,1,2,5,2,5,1
20540,1,4,6,3,1,16,1,1,4,1,1,8,2,2,1,0,2,1,1,2,2,2,3,3,2,1
20541,1,3,5,4,1,1,21,3,10,5,3,1,2,2,1,0,2,1,1,3,2,2,4,2,4,1
20542,1,3,5,3,1,1,21,3,10,5,3,1,2,2,1,0,2,1,1,3,2,2,4,2,4,1
20543,0,3,5,4,1,1,18,3,2,5,3,1,2,2,1,0,2,3,1,3,2,2,4,2,4,1
20544,0,3,5,3,1,1,18,3,2,5,3,1,2,2,1,0,2,3,1,3,2,2,4,2,4,1
20553,0,7,3,3,1,16,13,1,4,3,4,8,2,2,1,0,4,3,1,2,1,2,3,2,2,1
20554,0,7,3,4,1,16,13,1,4,3,4,1,2,2,1,0,4,3,1,3,1,2,3,2,2,1
20575,0,8,2,3,1,7,7,4,7,2,3,1,2,2,1,0,3,1,2,3,2,2,5,2,2,1
20576,0,8,2,3,1,7,7,4,7,2,3,2,2,2,1,0,3,1,2,2,2,2,5,2,2,1
20580,1,6,7,3,1,13,13,1,10,2,5,8,2,2,1,0,3,3,1,2,3,2,4,2,4,1
20583,0,4,5,4,5,23,1,3,2,1,5,1,3,2,1,0,2,1,1,4,2,2,5,2,2,1
20586,1,7,5,3,1,17,19,1,10,4,6,8,2,2,1,0,8,3,1,2,1,2,3,2,3,1
20587,1,7,5,3,1,17,19,1,10,4,6,1,2,2,1,0,8,3,1,3,1,2,3,2,3,1
20588,1,8,7,3,3,16,9,1,7,1,7,1,2,3,3,0,1,3,1,3,1,2,4,2,4,1
20591,0,7,6,4,1,24,2,3,7,4,7,8,2,2,1,0,2,3,1,2,2,2,3,3,4,1
20592,0,7,6,3,1,24,2,3,7,4,7,1,2,2,1,0,2,3,1,3,2,2,3,3,4,1
20593,0,6,7,4,1,13,13,1,7,2,7,1,2,2,1,0,2,3,1,2,2,2,3,2,2,1
20594,0,6,7,2,1,13,13,1,7,2,7,1,2,2,1,0,2,3,1,2,2,2,3,2,2,1
20595,0,5,6,2,1,24,6,3,7,4,8,8,2,2,1,0,2,3,1,3,2,2,5,2,4,1
20596,0,5,6,2,1,24,6,3,7,4,8,1,2,2,1,0,2,3,1,2,2,2,5,2,4,1
20597,0,6,6,2,5,12,1,1,4,1,8,1,2,2,1,0,2,1,1,3,2,2,5,2,2,1
20598,0,6,1,2,1,16,13,1,1,4,7,8,2,2,1,0,2,1,1,3,3,2,7,2,4,1
20599,0,6,1,4,1,16,13,1,1,4,7,1,2,2,1,0,2,1,1,4,3,2,7,2,4,1
20619,0,8,1,1,1,16,13,1,2,4,9,1,2,2,1,0,2,3,1,2,2,2,3,2,2,1
20620,0,8,1,3,1,16,13,1,2,4,9,1,2,2,1,0,2,3,1,3,2,2,3,2,2,1
20621,0,8,1,3,1,12,7,1,7,2,9,1,2,2,1,1,3,3,1,3,2,2,4,2,4,1
20622,0,8,1,4,1,12,7,1,7,2,9,5,2,2,1,1,3,3,1,2,2,2,4,2,4,1
20624,0,7,5,3,1,18,13,1,8,2,9,1,2,2,1,0,1,3,1,3,1,2,4,2,6,1
20625,0,4,5,3,1,21,13,3,4,2,9,1,2,2,1,0,8,1,1,3,1,2,5,2,5,1
20626,0,4,5,3,1,21,13,3,4,2,9,8,2,2,1,0,8,1,1,2,1,2,5,2,5,1
20628,1,5,1,3,5,8,1,6,6,1,10,1,2,2,1,0,1,1,1,3,1,2,2,7,6,1
20629,0,3,4,3,5,11,1,1,7,1,9,8,3,3,4,0,5,1,1,4,1,4,2,3,7,1
20632,1,3,6,3,1,17,13,1,2,4,11,8,2,2,1,0,1,1,1,2,1,2,5,2,4,1
20633,1,3,6,4,1,17,13,1,2,4,11,1,2,2,1,0,1,1,1,3,1,2,5,2,4,1