id,Severity,age_classes,day_week,DEFORMED_classes,m_harm_classes,hour,impact1_classes,lgt_cond,make,man_coll,month,p_crash1,pcrash4,pcrash5,rel_road,reljct1,reljct2,rest_use,sex,speed_classes,typ_int,valign,vnum_lan,vsurcond,vtrafway,weather_classes
28071,0,4,6,2,5,16,13,1,4,1,12,8,3,2,1,0,8,2,1,3,1,2,3,2,2,2
28072,0,4,6,2,5,16,13,1,4,1,12,1,2,2,1,0,8,2,1,3,1,2,3,2,2,2
28106,1,6,3,4,5,12,1,1,8,1,5,1,3,2,1,0,8,1,1,4,1,2,5,2,2,1
28149,0,4,5,4,5,7,1,1,8,2,2,1,2,2,1,0,1,1,1,4,1,2,6,2,4,1
28156,0,7,1,2,5,11,1,1,7,1,4,1,2,2,1,0,1,2,1,5,1,2,7,2,4,1
28157,0,7,1,2,5,11,1,1,7,1,4,2,2,2,1,0,1,2,1,5,1,2,7,2,4,1
28158,0,8,1,2,5,11,1,1,7,1,4,1,2,2,1,0,1,2,1,5,1,2,7,2,4,1
28159,0,8,1,2,5,11,1,1,7,1,4,2,2,2,1,0,1,2,1,5,1,2,7,2,4,1
28161,0,4,3,4,1,1,13,3,10,4,5,1,2,2,1,0,1,2,1,5,1,2,7,2,4,1
28184,0,4,7,4,1,16,19,1,2,5,8,1,2,2,1,0,1,3,1,5,1,2,7,2,4,1
28192,1,6,4,4,3,4,13,3,10,1,7,1,2,3,8,1,13,2,1,5,1,2,4,2,4,1
28194,0,9,6,4,1,8,13,1,10,2,9,1,2,2,1,0,1,1,1,3,1,2,6,2,4,1
28196,0,3,5,4,1,18,18,1,4,5,10,1,2,2,1,0,1,2,1,3,1,2,4,2,4,1
28198,0,4,4,4,1,6,13,1,10,2,10,7,2,2,1,0,1,1,1,3,1,2,7,2,4,1
28287,1,4,1,4,1,18,2,5,10,1,4,1,2,3,4,0,1,1,1,3,1,4,3,2,2,1
28289,0,4,1,4,1,16,7,1,10,2,4,8,2,2,1,0,3,1,1,3,3,2,3,2,2,1
28290,0,8,7,2,1,23,13,3,7,1,4,1,2,2,1,0,1,1,1,4,1,2,3,2,2,1
28291,1,4,1,3,5,13,1,1,4,1,4,2,2,2,1,0,1,1,1,4,1,2,5,2,2,1
28292,1,8,2,4,1,5,13,3,10,1,4,1,2,2,1,0,1,1,1,4,1,2,3,2,2,1
28293,0,10,7,2,1,18,13,1,7,2,4,8,2,2,1,0,1,1,1,5,1,3,4,2,4,1
28294,0,10,7,2,1,18,13,1,7,2,4,2,2,2,1,0,1,1,1,5,1,3,4,2,4,1
28295,0,5,7,2,1,18,7,1,7,2,4,8,2,2,1,0,1,1,1,5,1,3,4,2,4,1
28296,0,5,7,2,1,18,7,1,7,2,4,2,2,2,1,0,1,1,1,5,1,3,4,2,4,1
28299,0,4,2,4,1,13,13,1,10,3,4,8,3,2,1,0,1,1,1,5,1,3,3,2,2,1
28303,0,9,4,4,1,20,7,3,7,2,5,1,2,2,1,0,1,1,1,4,1,2,3,3,3,1
28311,0,6,3,2,5,19,1,5,7,1,5,8,2,3,4,0,1,1,1,2,1,3,3,2,2,1
28312,0,9,7,4,4,14,13,1,7,1,5,1,2,3,4,0,1,1,1,4,1,4,3,2,2,1
28314,1,4,1,4,5,14,1,1,6,1,5,8,2,3,4,0,1,1,1,4,1,4,3,2,2,1
28315,1,10,7,4,5,15,1,1,7,1,6,1,2,3,4,1,13,1,2,4,1,4,4,2,7,1
28316,0,3,6,2,1,16,13,1,7,2,6,8,2,2,1,0,1,1,1,3,1,3,3,2,2,1
28317,0,3,6,2,1,16,13,1,7,2,6,8,2,2,1,0,1,1,1,3,1,3,3,2,2,1
28318,0,8,6,2,1,16,7,1,7,2,6,8,2,2,1,0,1,1,1,3,1,3,3,2,2,1
28319,0,8,6,2,1,16,7,1,7,2,6,8,2,2,1,0,1,1,1,3,1,3,3,2,2,1
28327,0,13,6,4,1,14,13,1,2,3,6,1,2,2,1,0,2,1,1,3,3,2,3,2,2,1
28328,0,6,7,4,5,9,1,1,4,1,6,6,2,3,8,1,5,1,1,5,1,2,4,2,4,1
28330,1,8,4,4,1,16,13,1,7,4,6,1,2,2,1,0,4,1,1,4,1,2,3,2,2,1
28333,1,5,4,1,5,5,1,1,4,1,6,8,2,2,1,0,1,2,1,2,1,4,3,2,2,1
28334,1,8,6,4,1,23,21,3,8,4,6,1,2,2,1,0,2,1,1,4,3,2,3,2,3,1
28336,0,8,2,3,4,18,13,1,10,1,6,1,3,3,4,0,1,1,1,3,1,2,3,2,2,1
28338,0,7,7,2,1,15,7,1,7,2,7,5,2,2,1,0,1,1,1,2,1,2,3,2,2,1
28339,1,4,6,4,4,12,13,1,8,1,7,8,3,3,4,0,1,1,1,4,1,3,3,2,2,1
28340,1,7,4,4,1,19,13,5,7,1,7,8,2,2,1,0,1,1,1,3,1,3,3,2,2,1
28344,1,5,1,4,5,13,1,1,2,1,7,1,3,2,1,0,1,1,1,4,1,2,3,2,2,1
28345,0,5,5,3,5,6,1,1,10,1,7,1,3,2,1,0,1,3,1,4,1,2,4,2,4,1
28348,1,7,5,4,4,17,11,1,7,1,7,1,2,3,4,0,1,1,1,3,1,4,3,2,2,1
28350,1,8,7,4,5,4,1,1,7,1,8,1,2,3,4,0,1,2,1,4,1,3,3,2,2,1
28356,1,7,4,4,5,7,1,1,7,1,8,1,2,2,1,0,8,1,1,5,1,2,3,2,4,1
28360,1,8,1,3,5,13,1,1,7,1,9,8,2,2,1,0,3,1,1,3,4,4,3,2,2,1
28361,1,8,6,4,2,15,15,1,6,1,9,1,2,2,1,1,12,1,1,5,1,3,4,2,4,1
28362,0,7,7,3,1,13,2,1,10,5,9,7,2,2,1,0,2,1,1,3,3,2,3,2,2,1
28370,0,8,5,4,4,13,13,1,10,1,9,1,2,3,4,0,3,1,1,4,3,2,3,2,2,1
28376,1,2,1,4,5,9,1,1,8,1,10,1,2,3,3,0,1,1,1,4,1,2,3,2,3,1
28389,1,6,4,4,1,11,13,1,7,4,3,1,2,2,1,0,2,1,1,4,2,2,3,2,2,1
28394,0,6,6,3,5,24,1,3,4,1,3,8,2,2,1,0,2,3,1,3,2,2,3,2,5,1
28399,0,6,7,3,1,17,4,1,8,5,3,1,2,2,1,0,1,3,1,3,1,2,3,2,3,1
28400,0,6,7,3,1,17,4,1,8,5,3,1,2,2,1,0,1,3,1,3,1,2,3,2,3,1
28401,0,6,7,3,1,17,4,1,7,5,3,1,2,2,1,0,1,3,2,3,1,2,3,2,3,1
28402,0,6,7,3,1,17,4,1,7,5,3,1,2,2,1,0,1,3,2,3,1,2,3,2,3,1
28427,0,4,4,4,5,14,1,1,7,1,3,1,2,2,1,0,1,3,1,4,1,2,4,2,6,1
28441,1,8,1,4,1,17,13,1,7,2,3,1,2,2,1,0,2,1,1,4,2,2,4,2,4,1
28445,1,4,2,4,1,12,10,1,2,4,3,1,2,2,1,0,2,3,1,3,2,2,3,2,4,1
28446,0,4,6,4,1,12,13,1,8,2,3,7,2,2,1,0,3,1,1,4,3,2,3,2,2,1
28452,0,4,6,4,1,11,13,1,2,2,5,5,2,2,1,0,3,1,1,2,3,2,3,2,2,1
28473,1,9,1,3,3,10,13,1,2,1,4,8,2,3,4,0,3,3,2,2,2,3,3,2,4,1
28475,1,9,4,4,1,20,13,2,7,3,4,1,2,2,1,0,2,1,1,3,2,2,3,2,2,1
28482,0,4,2,4,1,15,7,1,10,2,4,7,2,2,1,0,1,3,1,3,1,2,3,2,4,1
28488,1,8,6,4,1,12,11,1,2,4,5,4,2,2,1,0,2,1,1,3,2,2,3,2,2,1
28492,0,3,2,3,1,20,7,3,2,2,6,2,2,2,1,0,2,1,1,2,2,2,3,2,2,1
28497,0,7,3,3,1,15,7,1,10,2,8,5,2,2,1,0,3,1,1,2,3,2,3,2,2,1
28502,0,7,1,3,1,9,7,1,4,2,5,5,2,2,1,0,1,3,1,2,1,2,3,2,2,1
28505,0,9,5,2,1,19,20,5,7,5,5,1,2,2,1,0,3,1,1,2,2,2,5,3,3,1
28506,1,12,2,4,5,10,1,1,2,1,6,1,3,2,1,0,8,3,1,3,1,2,3,2,5,1
28507,1,9,7,4,3,22,13,3,7,1,6,8,3,3,8,0,5,3,1,3,1,3,3,2,6,1
28509,0,8,5,4,1,11,6,1,2,5,6,1,2,2,1,0,2,1,1,4,2,2,7,2,5,1
28515,0,2,2,3,3,10,13,1,4,1,7,8,3,3,4,0,3,1,1,4,4,4,3,2,4,1
28520,0,9,1,2,5,11,1,1,7,1,9,1,3,2,1,0,8,3,1,3,1,2,3,2,2,1
28526,0,3,4,4,5,14,1,1,4,1,4,7,2,2,1,0,1,2,1,4,1,2,7,2,4,1
28528,0,4,5,3,1,13,7,1,7,2,9,5,2,2,1,0,3,1,1,2,2,2,3,2,2,1
28530,0,7,2,4,5,12,1,1,7,1,10,1,2,2,1,0,1,3,1,4,1,2,5,3,3,1
28531,1,10,2,3,1,13,19,1,7,1,9,8,2,3,4,0,3,1,1,3,3,2,3,2,3,1
28534,0,12,7,3,5,10,1,1,2,1,10,1,3,2,1,0,1,3,1,2,1,2,2,2,2,1
28535,0,3,4,4,1,8,13,1,4,2,5,7,2,2,1,0,1,1,1,5,1,2,6,2,4,1
28539,1,5,3,4,1,13,13,1,4,4,4,1,2,2,1,0,2,1,1,4,2,2,5,2,4,1
28541,0,4,6,4,1,15,13,1,2,2,5,1,2,2,1,0,7,1,1,4,1,2,4,2,4,1
28549,0,2,6,4,1,15,13,1,2,3,5,1,2,2,1,0,2,1,1,4,2,2,4,2,4,1
28551,0,2,1,4,5,9,1,1,2,1,6,1,2,2,1,0,5,1,1,4,1,2,3,2,7,1
28560,0,3,6,3,1,8,13,1,7,4,7,1,2,2,1,0,3,3,1,2,2,2,3,2,2,1
28564,0,4,6,3,1,9,13,1,2,1,7,1,2,2,1,0,1,1,1,3,1,2,5,2,5,1
28570,0,6,1,4,1,2,13,3,4,2,7,1,2,2,1,0,3,3,1,6,2,2,7,2,5,1
28571,0,7,6,2,1,15,7,1,10,2,8,8,2,2,1,0,3,1,1,2,3,2,3,2,5,1
28573,1,3,7,4,1,19,13,1,4,2,7,1,2,2,1,0,1,1,1,5,1,2,5,2,4,1
28579,1,10,3,4,1,17,13,1,2,3,7,1,2,2,1,0,2,3,1,3,2,2,5,2,2,1
28582,0,8,6,3,1,21,13,3,7,1,8,1,2,2,1,0,1,3,1,2,1,2,3,2,2,1
28584,1,8,1,4,1,11,13,1,7,2,9,1,2,2,1,0,3,3,1,4,2,2,4,2,3,1
28590,1,3,1,4,1,12,13,1,10,4,9,1,2,2,1,0,3,3,1,4,3,2,3,2,2,1
28594,1,4,6,4,1,18,3,1,4,4,9,8,2,2,1,0,2,1,1,2,2,2,3,2,2,1
28595,1,4,1,4,1,13,13,1,1,2,9,1,2,2,1,0,1,1,1,5,1,2,5,3,4,1
28600,1,8,3,4,1,21,13,3,8,4,7,1,2,2,1,0,2,1,1,4,2,2,5,2,2,1
28603,0,3,6,4,1,23,13,3,2,4,9,1,2,2,1,0,2,3,2,4,2,2,4,2,3,1
28604,0,3,6,3,5,12,1,1,7,1,10,8,2,3,4,0,5,1,2,3,1,4,2,3,7,1
28606,0,6,1,3,1,2,7,3,8,2,10,2,2,2,1,0,1,1,1,2,1,2,4,2,4,1
28614,0,4,4,4,5,19,1,3,2,1,11,1,2,3,2,0,5,1,1,3,1,2,2,2,7,1
28616,0,4,5,4,5,14,1,1,4,1,11,1,2,2,1,0,1,1,1,5,1,2,4,9,2,1
28617,1,5,7,4,3,2,15,3,2,1,12,1,2,3,3,0,3,2,1,4,3,2,5,2,4,1
28632,0,6,4,2,1,12,22,1,4,5,11,7,2,2,1,0,8,1,1,3,1,2,3,2,2,1
28634,0,4,1,4,1,17,13,1,4,4,11,1,2,2,1,0,2,3,1,6,2,2,3,2,3,1
28637,1,4,3,4,1,18,13,3,10,4,11,1,2,2,1,0,2,3,1,3,3,2,3,2,2,1
28742,0,7,5,2,1,22,7,3,4,2,9,5,2,2,1,0,3,2,2,2,2,2,5,2,2,1
28769,0,5,5,4,1,19,13,1,4,3,5,8,2,2,1,0,1,1,1,3,1,3,3,2,2,1
28793,1,9,7,3,5,2,1,2,10,1,7,8,2,3,4,0,5,2,1,3,1,4,2,9,7,1
28807,0,7,6,4,1,12,7,1,2,2,8,5,2,2,1,1,5,1,1,2,1,2,2,2,7,1
28821,1,7,4,4,5,24,13,2,7,2,9,8,2,2,1,0,1,3,1,5,1,3,3,2,4,1
28840,1,4,2,4,3,20,13,5,10,1,9,8,2,3,3,0,1,1,1,5,1,4,4,2,4,1
28842,0,4,3,4,1,18,4,1,2,5,8,8,2,2,1,0,2,1,1,4,6,4,3,2,4,1
28844,0,3,2,3,5,12,1,1,10,1,9,1,2,2,1,0,2,1,1,4,2,2,4,2,4,1
28846,0,3,1,1,1,19,13,3,2,1,11,1,2,2,1,0,1,1,1,4,1,2,3,2,4,1
28851,1,5,6,4,5,18,1,1,2,1,10,8,3,2,1,0,2,1,1,3,2,2,5,2,3,1
28852,1,4,6,4,1,21,1,3,7,1,10,1,3,2,1,0,2,1,1,3,3,2,3,2,5,1
28857,0,9,3,2,1,18,7,3,1,2,11,1,2,2,1,0,1,1,1,4,1,2,3,2,4,1
28860,0,3,6,3,5,17,1,1,4,1,9,1,3,2,1,0,2,1,1,3,2,2,4,2,4,1
28870,1,10,5,4,1,13,13,1,7,4,10,1,2,2,1,0,2,1,1,4,2,2,3,2,4,1
28873,1,9,7,4,5,22,12,2,7,5,10,1,2,2,1,0,1,3,2,4,1,2,7,2,4,1
28874,1,9,7,4,5,22,12,2,7,5,10,1,2,3,1,0,1,3,2,4,1,2,7,2,4,1
28875,0,8,7,4,5,22,1,2,4,5,10,1,2,2,1,0,1,3,1,4,1,2,7,2,4,1
28876,0,8,7,4,5,22,1,2,4,5,10,1,2,3,1,0,1,3,1,4,1,2,7,2,4,1
28880,0,10,4,3,5,16,1,1,2,1,10,1,2,2,1,0,8,1,1,2,1,2,5,2,4,1
28886,1,8,3,4,1,16,10,1,7,4,10,1,2,2,1,0,2,1,1,3,3,2,5,2,3,1
28888,0,4,3,3,1,8,12,1,2,5,10,1,2,2,1,0,2,1,1,4,2,2,4,2,4,1
28890,0,4,7,3,5,14,1,1,2,1,11,1,2,2,1,0,1,1,1,4,1,2,7,2,3,1
28894,1,6,4,4,1,21,11,2,2,4,11,1,2,2,1,0,8,1,1,3,1,2,3,2,2,1
28896,0,6,4,4,1,7,13,1,8,3,12,1,2,2,1,0,2,3,1,4,2,2,3,2,3,1
28900,0,3,6,4,5,21,13,2,10,1,11,8,2,3,4,0,1,1,1,3,1,4,3,2,2,1
28901,0,9,3,3,5,17,1,5,4,1,12,1,3,2,1,0,2,1,1,4,3,2,7,2,3,1
28902,0,8,1,4,1,22,13,2,7,1,12,1,2,2,1,0,1,3,1,4,1,2,3,2,2,1
28903,0,9,4,3,1,22,2,3,2,7,11,1,3,2,1,0,2,3,1,2,2,2,4,2,5,1
28906,0,4,3,4,5,9,1,1,4,1,12,8,3,2,1,0,3,1,1,4,3,4,3,2,4,1
28911,0,10,1,3,1,24,21,1,7,5,12,1,2,2,1,0,1,1,1,4,1,2,5,2,3,1
28915,1,8,3,4,1,16,7,1,7,2,12,1,2,2,1,0,2,3,1,4,2,2,5,2,3,1
28922,0,11,4,4,1,10,7,1,8,2,2,5,2,2,1,0,1,2,1,2,1,5,3,2,3,3
28927,0,6,6,3,1,11,18,1,7,4,5,1,2,2,1,0,2,1,1,3,2,2,4,2,2,1
28946,0,6,4,4,1,16,13,1,2,2,4,1,2,2,1,0,1,1,1,3,1,2,4,2,4,1
28949,0,5,5,2,1,17,21,1,7,4,6,1,2,2,1,0,8,2,1,2,1,2,5,2,2,1
28952,0,5,7,4,1,16,13,1,4,4,4,1,3,2,1,0,8,1,1,3,1,2,3,2,4,1
28964,0,10,7,4,5,18,1,1,2,1,4,1,2,2,1,0,1,1,1,4,1,2,5,3,4,1
28969,1,5,2,4,1,15,13,1,4,4,5,1,2,2,1,0,2,1,1,3,2,2,3,2,4,3
28970,1,5,2,4,1,15,13,1,4,4,5,1,2,2,1,0,2,1,1,4,2,2,3,2,4,3
28971,1,4,2,4,1,15,13,1,4,4,5,1,2,2,1,0,2,1,1,3,2,2,3,2,4,3
28972,1,4,2,4,1,15,13,1,4,4,5,1,2,2,1,0,2,1,1,4,2,2,3,2,4,3
28992,0,9,7,4,1,11,7,1,7,2,6,2,2,2,1,0,3,1,1,2,2,2,3,2,4,3
29002,1,8,6,4,1,20,7,5,2,2,7,2,2,2,1,0,1,1,1,5,1,2,3,2,4,1
29009,0,6,1,4,1,22,1,3,4,1,8,1,3,2,1,0,3,2,1,4,2,2,3,2,2,1
29012,1,8,5,4,1,17,13,1,2,2,8,1,2,2,1,0,1,1,1,4,1,2,4,3,4,1
29016,1,7,5,4,1,14,13,1,4,4,5,1,3,2,1,0,2,1,1,3,2,2,3,2,2,1
29017,0,10,2,2,5,18,1,1,7,1,6,8,2,3,4,0,1,2,1,5,1,4,3,2,2,1
29020,0,5,7,2,5,19,1,1,7,1,4,1,3,2,1,0,8,2,1,4,1,2,3,2,2,1
29027,0,7,2,2,5,20,1,1,2,1,6,8,2,3,4,0,1,2,1,4,1,4,3,2,2,1
29031,1,3,5,4,1,5,13,2,4,4,6,1,2,2,1,0,2,2,1,4,3,2,3,2,2,1
29032,0,8,7,2,1,15,13,1,2,1,6,1,2,2,1,0,1,2,1,4,1,2,3,2,2,1
29040,0,5,1,2,2,24,13,2,7,1,8,1,2,2,1,0,1,2,1,5,1,2,3,2,4,1
29051,1,7,2,4,1,23,13,3,4,2,8,1,2,2,1,0,1,2,1,6,1,2,3,2,5,1
29055,0,7,7,4,1,17,13,1,2,4,8,1,2,2,1,0,8,2,1,4,1,2,3,2,2,1
29056,0,7,7,4,5,9,1,1,4,1,8,1,3,3,4,0,1,2,1,4,1,2,3,2,3,1
29060,0,6,6,2,5,18,1,1,2,1,8,8,3,3,4,0,1,2,1,4,1,4,3,2,2,1
29069,0,8,6,4,4,19,13,1,1,1,9,8,2,3,4,0,1,2,1,4,1,4,3,2,2,1
29070,0,4,4,2,5,20,1,1,2,1,7,1,2,2,1,0,1,2,1,4,1,2,3,3,2,1
29077,0,5,4,4,1,12,13,1,4,2,10,1,2,2,1,0,1,2,1,5,1,2,4,2,4,3
29084,0,10,2,2,1,18,13,5,2,1,10,1,2,2,1,0,1,2,1,4,1,2,3,2,2,1
29089,0,7,7,4,1,22,13,2,7,2,11,1,2,2,1,0,1,2,1,4,1,2,3,2,2,1
29090,0,7,7,3,1,22,13,2,7,2,11,2,2,2,1,0,1,2,1,4,1,2,3,2,2,1
29091,0,6,7,4,1,22,7,2,7,2,11,1,2,2,1,0,1,2,1,4,1,2,3,2,2,1
29092,0,6,7,3,1,22,7,2,7,2,11,2,2,2,1,0,1,2,1,4,1,2,3,2,2,1
29094,0,10,7,2,1,12,7,1,7,2,11,5,2,2,1,1,3,2,1,2,3,2,2,2,7,1
29095,1,5,5,4,5,11,1,1,7,1,10,7,3,3,3,0,1,2,1,4,1,2,3,2,3,3
29102,1,5,1,4,1,4,13,2,7,4,11,1,3,2,1,0,2,2,1,3,3,2,3,2,3,3
29105,0,8,7,2,5,11,1,1,7,1,12,2,2,2,1,0,3,2,1,2,2,2,3,2,3,1
29115,0,3,5,4,1,9,7,1,4,2,7,2,2,2,1,0,3,2,1,2,3,2,4,2,3,3
29125,0,9,4,4,1,8,10,1,8,4,9,1,2,2,1,0,2,2,1,3,3,2,3,2,3,3
29133,1,10,7,4,1,14,13,1,8,4,12,1,2,2,1,0,2,2,1,3,3,2,3,2,2,3
29334,1,4,7,2,1,17,12,1,2,6,8,8,3,2,1,0,1,3,1,3,1,3,3,2,2,1
29335,1,4,7,2,1,17,12,1,2,6,8,8,2,2,1,0,1,3,1,3,1,4,3,2,2,1
29341,0,7,7,2,3,17,18,1,7,1,8,8,2,3,4,0,3,3,1,2,2,2,3,2,2,1
29347,0,5,3,4,1,20,7,3,4,2,8,4,2,2,1,0,3,3,1,2,2,2,3,2,3,1
29356,1,5,7,2,1,13,13,1,4,4,7,8,2,6,1,0,3,1,1,2,3,1,1,1,1,1
29357,1,5,7,4,1,13,13,1,4,4,7,1,3,2,1,0,3,1,1,3,3,2,3,2,6,1
29360,0,9,1,4,3,20,15,5,7,1,8,8,2,3,4,0,1,3,1,3,1,3,3,2,2,1
29363,1,6,3,2,1,17,7,1,4,2,8,1,2,2,1,0,8,4,1,3,1,2,5,2,2,1
29364,1,6,3,4,1,17,7,1,4,2,8,5,2,2,1,0,8,4,1,2,1,2,5,2,2,1
29365,1,6,3,2,1,17,7,1,4,2,8,5,2,2,1,0,8,4,1,2,1,2,5,2,2,1
29367,1,9,2,3,1,11,13,1,7,3,10,8,2,2,1,0,2,1,1,2,4,2,3,2,2,1
29372,0,4,1,4,1,18,13,1,1,2,4,1,2,2,1,0,1,4,1,5,1,2,5,2,4,3
29413,0,2,3,2,5,16,1,1,2,1,5,1,3,2,1,0,1,4,1,3,1,2,5,2,5,1
29421,0,2,7,2,1,18,13,1,8,2,6,5,2,2,1,0,1,4,1,2,1,2,3,2,2,1
29445,1,10,6,2,1,12,13,1,7,2,7,5,2,2,1,0,3,4,1,2,3,2,3,2,2,1
29463,0,4,6,2,1,20,13,3,2,2,8,5,2,2,1,0,3,4,1,2,3,2,3,2,2,1
29466,1,7,6,2,1,16,13,1,7,2,10,5,2,2,1,0,1,4,1,2,1,2,3,2,4,1
29499,0,7,6,2,1,14,13,1,2,2,6,5,2,2,1,0,1,2,1,2,1,2,3,2,4,1
29520,0,4,1,2,1,12,13,1,7,4,8,5,2,2,1,0,2,3,1,2,2,2,3,2,2,1
29525,0,5,3,2,1,16,13,1,7,2,8,5,2,2,1,0,3,3,1,2,3,2,3,2,4,1
29559,0,4,6,4,1,16,13,1,4,4,1,1,2,2,1,0,2,3,1,3,2,2,3,2,2,1
29560,0,4,6,3,1,16,13,1,4,4,1,1,2,2,1,0,2,3,1,3,2,2,3,2,2,1
29568,0,6,4,3,1,10,13,1,7,2,2,8,2,2,1,0,2,3,1,2,2,2,4,2,4,1
29569,0,6,4,4,1,10,13,1,7,2,2,1,2,2,1,0,2,3,1,3,2,2,4,2,4,1
29571,0,4,2,2,1,18,1,3,4,1,2,5,2,2,1,0,3,3,1,2,3,2,4,2,4,1
29574,0,8,7,2,1,16,13,1,7,4,2,8,2,2,1,0,2,4,1,2,2,2,5,2,3,1
29575,0,8,7,3,1,16,13,1,7,4,2,1,2,2,1,0,2,4,1,2,2,2,3,2,4,1
29578,1,4,5,4,1,1,11,3,2,5,2,1,2,2,1,0,1,1,1,4,1,2,6,2,4,1
29579,1,4,5,3,1,1,11,3,2,5,2,7,2,2,1,0,1,1,1,4,1,2,6,2,4,1
29583,0,5,5,3,3,3,13,3,10,1,3,8,2,3,4,0,5,3,1,5,1,3,3,2,7,1
29586,0,3,2,2,1,14,1,1,7,1,4,4,2,2,1,0,8,2,1,2,1,1,1,1,1,1
29587,0,3,2,3,1,14,1,1,7,1,4,1,2,2,1,0,8,2,1,3,1,2,5,2,5,1
29598,0,7,2,3,1,12,13,1,2,4,5,8,2,2,1,0,8,3,1,2,1,1,1,1,1,1
29599,0,7,2,3,1,12,13,1,2,4,5,1,2,2,1,0,8,3,1,3,1,2,3,2,2,1
29602,0,4,7,2,1,18,13,1,7,3,5,8,2,2,1,0,8,3,1,2,1,2,7,2,2,1
29603,0,4,7,4,1,18,13,1,7,3,5,1,2,2,1,0,8,3,1,3,1,2,7,2,2,1
29607,0,7,2,4,5,24,1,3,2,1,7,1,3,2,1,0,1,3,1,3,1,2,5,2,3,1
29608,0,7,1,1,5,11,1,1,4,1,7,1,2,2,1,0,1,3,1,3,1,2,3,2,2,1
29609,0,7,1,1,1,11,1,1,4,1,7,2,2,2,1,0,1,3,1,2,1,2,3,2,2,1
29612,0,7,7,4,1,20,13,3,10,2,9,1,2,2,1,0,1,3,1,4,1,2,5,2,4,1
29613,0,7,7,3,1,20,13,3,10,2,9,1,2,2,1,0,1,3,1,3,1,2,5,2,4,1
29627,0,4,5,3,1,20,21,3,2,5,11,7,2,2,1,0,2,1,1,3,2,2,4,3,4,1
29628,0,4,5,3,1,20,21,3,2,5,11,1,2,2,1,0,2,1,1,3,2,2,4,3,4,1
29629,0,8,5,3,5,16,1,1,7,1,12,1,3,2,1,0,3,3,1,3,2,2,3,2,2,1
29632,0,3,5,4,5,15,1,1,10,1,7,1,2,2,1,0,1,4,1,4,1,2,3,2,2,1
29636,0,7,1,3,1,8,21,1,8,1,8,8,3,3,4,0,1,4,1,4,1,4,3,2,2,1
29637,0,5,3,3,1,22,18,3,7,4,8,8,2,2,1,0,8,4,1,3,1,2,5,2,5,1
29638,0,5,3,4,1,22,18,3,7,4,8,1,2,2,1,0,8,4,1,4,1,2,5,2,5,1
29645,0,3,5,2,1,17,13,1,2,2,8,5,2,2,1,0,1,4,1,2,1,2,5,2,4,1
29654,0,3,4,2,1,18,4,1,1,4,9,8,2,2,1,0,2,4,1,4,3,2,3,2,2,1
29655,0,3,4,2,1,18,4,1,1,4,9,8,2,2,1,0,2,4,1,4,3,2,3,2,2,1
29656,0,10,2,2,5,9,1,1,7,1,9,1,3,2,1,0,3,4,1,3,2,2,3,3,4,1
29662,0,4,6,2,1,19,7,2,10,2,10,5,2,2,1,0,3,4,1,2,3,2,3,2,2,1
29668,0,4,5,3,5,17,1,3,2,1,11,1,2,3,4,0,3,4,1,3,3,2,5,2,2,1
29675,0,5,6,3,1,9,13,1,2,4,1,8,2,2,1,0,3,4,1,4,2,2,3,3,3,1
29676,0,5,6,4,1,9,13,1,2,4,1,5,2,2,1,0,3,4,1,2,2,2,3,3,3,1
29677,0,5,6,2,1,9,13,1,2,4,1,5,2,2,1,0,3,4,1,2,2,2,3,3,3,1
29678,0,5,7,2,1,18,13,2,10,1,1,1,2,2,1,0,1,4,1,4,1,2,3,2,2,1
29679,0,9,3,4,1,12,18,1,3,5,1,7,2,2,1,1,2,4,1,5,4,3,5,2,4,1
29680,0,9,3,2,1,12,18,1,3,5,1,8,2,2,1,1,2,4,1,5,4,4,5,2,4,1
29681,1,11,6,2,1,17,13,1,2,4,2,1,2,2,1,0,1,4,1,4,1,2,3,2,2,1
29682,1,11,6,3,1,17,13,1,2,4,2,1,2,2,1,0,1,4,1,4,1,2,3,2,2,1
29683,0,11,5,2,1,11,18,1,2,5,2,1,2,2,1,0,1,4,1,4,1,2,3,2,3,1
29684,0,11,5,2,1,11,18,1,2,5,2,7,2,2,1,0,1,4,1,4,1,2,3,2,3,1
29691,0,4,7,2,1,21,13,2,2,4,4,8,2,2,1,0,8,4,1,2,1,2,3,2,2,1
29692,0,4,7,3,1,21,13,2,2,4,4,1,3,2,1,0,8,4,1,4,1,2,3,2,2,1
29700,0,10,5,2,1,10,18,1,2,5,4,8,2,2,1,0,2,4,1,2,2,2,3,2,7,1
29701,0,10,5,2,1,10,18,1,2,5,4,8,2,2,1,0,2,4,1,2,2,2,3,2,7,1