id,Severity,age_classes,day_week,DEFORMED_classes,m_harm_classes,hour,impact1_classes,lgt_cond,make,man_coll,month,p_crash1,pcrash4,pcrash5,rel_road,reljct1,reljct2,rest_use,sex,speed_classes,typ_int,valign,vnum_lan,vsurcond,vtrafway,weather_classes
32724,0,6,6,4,1,14,13,1,7,4,2,1,2,2,1,0,2,1,1,3,2,2,3,2,4,1
32727,0,10,3,2,1,12,13,1,7,2,2,7,2,2,1,0,1,1,1,3,1,2,3,2,4,1
32728,0,7,2,4,3,21,13,3,10,1,2,1,3,3,4,0,1,1,2,3,1,2,3,2,4,1
32729,0,5,1,2,5,15,1,1,8,1,2,1,3,2,1,0,2,1,1,4,3,2,4,2,4,1
32732,0,5,4,4,1,21,13,3,4,2,2,1,2,2,1,0,1,1,1,4,1,2,5,2,4,1
32735,0,4,1,4,1,24,13,3,2,2,3,8,2,2,1,0,14,1,1,5,1,3,2,2,7,1
32737,1,9,6,3,5,13,1,1,2,1,3,8,2,2,1,0,8,1,1,3,1,3,5,2,5,1
32741,0,9,7,3,1,24,13,3,2,1,3,1,2,2,1,0,1,1,1,2,1,2,3,2,2,1
32743,0,9,4,3,1,18,13,1,8,3,3,1,2,2,1,0,2,1,1,2,2,2,4,2,4,1
32745,0,7,5,2,1,18,13,1,7,4,4,1,2,2,1,0,8,3,1,2,1,2,3,2,2,1
32754,0,4,7,3,1,20,7,3,2,2,4,2,2,2,1,0,1,1,2,3,1,2,6,2,4,1
32756,0,6,6,4,1,14,13,1,7,4,5,1,2,2,1,0,8,3,1,3,1,2,3,2,2,1
32757,1,4,1,4,1,1,13,3,10,4,5,1,2,2,1,0,2,3,1,3,2,2,3,2,2,1
32762,0,3,7,4,1,20,13,3,4,4,5,1,2,2,1,0,8,1,1,4,1,2,3,2,3,1
32763,0,3,4,3,1,18,13,1,8,2,5,1,2,2,1,0,1,1,2,4,1,2,7,2,4,1
32768,0,4,6,4,5,4,7,3,2,2,5,1,2,2,1,0,1,1,1,4,1,2,7,2,4,1
32770,0,3,1,4,1,12,13,1,2,2,6,1,2,2,1,0,1,1,1,3,1,2,7,3,4,1
32778,0,8,7,3,1,10,3,1,7,6,6,1,2,2,1,0,2,1,1,3,2,2,3,3,2,1
32781,1,4,3,4,1,21,13,3,8,2,7,1,2,2,1,0,3,3,1,4,2,2,3,3,4,1
32784,1,6,6,3,5,19,1,1,2,1,8,1,2,2,1,0,8,1,1,3,1,2,3,2,3,1
32788,0,5,6,2,1,22,13,3,8,2,8,1,2,2,1,0,1,1,1,4,1,2,4,2,4,1
32792,0,4,2,3,5,18,13,1,8,4,9,1,2,2,1,0,2,1,1,3,3,2,3,2,2,1
32798,0,7,6,4,1,20,13,3,7,4,10,1,2,2,1,0,2,3,1,3,3,2,6,2,2,1
32804,1,5,7,4,3,23,13,3,10,1,10,8,3,3,4,0,1,3,1,3,1,4,3,2,4,1
32805,0,3,1,2,1,14,12,1,4,5,11,1,2,2,1,0,1,3,1,3,1,2,5,2,2,1
32811,0,4,3,4,3,18,13,3,2,1,11,1,2,3,3,0,1,1,1,4,1,2,6,2,4,1
32813,0,5,5,4,1,20,13,3,8,2,11,7,2,2,11,0,1,1,1,3,1,2,6,2,5,1
32816,0,6,5,4,5,24,1,3,4,1,11,1,2,3,4,0,1,1,1,6,1,2,6,2,4,1
32817,0,5,6,4,1,17,13,5,2,2,11,1,2,2,1,0,1,1,1,4,1,2,5,2,4,1
32820,1,7,2,4,1,14,10,1,7,4,11,1,2,2,1,0,2,3,1,3,2,2,5,2,4,1
32826,1,8,2,4,1,14,13,1,2,4,12,1,2,2,1,0,8,1,1,3,1,2,4,2,4,1
32828,0,7,2,4,1,10,19,1,7,5,12,1,2,2,1,0,1,1,2,2,1,2,5,2,4,1
32830,0,3,7,4,1,13,13,1,2,4,12,1,2,2,1,0,2,1,1,4,2,2,4,2,4,1
32833,1,8,3,4,1,23,13,3,7,4,12,8,2,2,1,0,2,3,1,2,2,2,4,2,4,1
32839,1,9,2,4,5,19,1,2,10,1,1,8,3,3,4,0,1,4,1,4,1,4,3,2,2,1
32840,0,5,2,2,5,16,1,1,2,1,1,8,2,3,4,0,1,4,1,3,1,3,3,2,2,1
32841,0,5,7,2,4,21,21,2,10,1,2,8,3,3,3,0,1,3,1,5,1,3,4,2,4,1
32842,0,9,7,2,5,17,1,1,7,1,3,1,3,2,1,0,1,4,1,2,1,2,3,2,2,1
32843,0,9,1,2,4,14,18,1,7,1,3,8,3,3,4,0,1,4,1,4,1,4,3,2,2,1
32853,0,4,4,2,5,1,1,2,4,1,3,3,2,2,1,0,1,4,1,4,1,2,3,2,2,1
32854,0,8,7,2,4,15,21,1,4,1,3,8,3,3,4,0,1,4,1,4,1,3,3,2,2,1
32858,0,4,7,4,2,15,1,1,7,1,3,8,3,3,4,0,1,4,2,3,1,3,3,2,2,1
32865,0,3,5,2,5,8,1,1,2,1,4,8,3,3,4,0,1,4,1,5,1,4,4,2,4,1
32866,0,5,1,3,1,4,13,3,4,1,4,1,3,3,4,0,3,4,1,6,3,2,3,2,2,1
32876,0,4,7,2,1,16,13,1,7,2,4,1,3,2,1,0,3,4,1,4,2,2,3,2,3,1
32914,0,8,7,2,5,12,1,1,4,1,5,2,3,2,1,0,1,4,1,4,1,2,4,2,4,1
32922,0,5,2,2,1,21,13,2,4,1,6,1,2,2,1,0,1,4,1,3,1,2,3,2,2,1
32962,0,6,6,2,1,7,11,1,10,5,8,7,2,2,1,0,1,3,1,4,1,2,6,2,5,1
32969,0,6,7,2,1,14,13,1,7,2,8,1,3,2,1,0,8,4,1,4,1,2,6,2,5,1
32990,0,7,3,3,1,18,18,1,10,5,9,7,2,2,11,0,3,4,1,4,3,2,4,2,5,1
32993,0,9,4,2,1,7,13,1,10,2,8,1,2,2,1,0,1,4,1,4,1,2,3,2,3,1
33042,0,5,4,2,1,13,18,2,10,5,10,8,2,2,1,0,3,4,1,3,2,2,3,2,3,1
33113,0,9,4,2,1,19,7,1,8,2,7,5,2,2,1,0,3,1,1,2,3,2,3,2,2,1
33119,1,4,6,4,1,2,13,3,4,2,8,1,2,2,1,0,1,1,1,6,1,2,3,2,4,1
33171,0,8,6,4,1,14,7,1,7,2,3,2,2,2,1,0,3,4,1,2,2,2,4,2,3,1
33177,0,6,1,2,1,18,13,1,7,2,4,1,2,2,1,0,3,1,1,2,3,2,4,2,3,1
33179,1,7,7,2,4,16,12,1,7,1,5,1,3,3,4,0,1,4,1,3,1,2,3,2,2,1
33181,0,6,6,2,1,16,13,1,10,4,5,7,2,2,11,0,8,1,1,3,1,2,4,2,5,1
33183,0,8,2,4,4,13,13,1,2,1,6,1,2,2,1,0,1,1,1,4,1,2,3,2,2,1
33186,0,8,6,4,1,15,13,1,7,2,7,1,2,2,1,0,1,1,1,2,1,2,3,2,3,1
33192,0,7,1,2,1,14,13,1,7,4,8,1,2,2,1,0,2,4,2,3,3,2,3,2,2,1
33193,1,8,1,2,5,13,1,1,2,1,8,8,2,5,1,0,1,1,1,4,1,4,3,2,2,1
33197,0,4,1,4,1,19,13,3,7,4,8,1,2,2,1,0,2,1,1,2,2,2,4,2,2,1
33205,0,11,7,4,1,17,13,1,2,1,10,8,2,2,1,0,1,1,1,4,1,4,3,2,2,1
33257,0,6,1,4,1,21,7,3,7,2,7,5,2,2,1,0,3,3,1,2,2,2,5,2,3,1
33272,0,8,5,4,2,20,13,3,7,1,10,1,2,2,1,0,1,3,1,4,1,2,4,2,3,1
33389,0,8,1,4,1,10,13,1,7,3,1,8,3,2,1,0,1,4,1,4,1,4,3,2,3,1
33392,0,7,7,4,1,16,13,1,6,1,4,8,2,3,4,0,1,4,2,3,1,3,3,2,2,1
33395,0,9,1,4,1,19,13,5,4,4,5,1,2,2,1,0,1,4,1,3,1,2,3,2,2,1
33400,0,2,2,4,5,19,1,5,2,1,5,8,2,2,1,0,1,4,1,4,1,3,3,2,4,1
33401,0,4,7,3,3,1,18,3,7,1,5,8,2,3,3,0,1,3,1,3,1,5,3,3,3,1
33402,0,8,7,3,5,12,1,1,4,1,6,1,3,2,1,0,1,3,1,3,1,2,3,2,2,1
33408,0,7,3,3,1,6,1,1,2,1,6,1,2,2,1,0,1,4,1,4,1,2,4,2,3,1
33424,0,4,4,3,5,14,1,1,2,1,8,1,3,2,1,0,1,4,1,2,1,2,3,2,3,1
33425,0,3,7,4,1,20,22,5,10,4,5,7,2,2,1,0,1,4,1,4,1,3,3,2,2,1
33433,0,9,1,4,5,11,1,1,1,1,9,8,3,3,2,0,1,4,1,3,1,4,3,2,2,1
33439,0,5,5,1,1,17,13,1,4,1,9,8,2,2,1,0,3,4,1,2,3,2,3,2,2,1
33440,1,7,5,4,5,15,1,1,4,1,10,8,3,3,4,0,1,4,1,3,1,4,3,2,2,1
33444,0,5,6,2,5,21,1,3,2,1,10,8,2,2,1,0,1,4,1,3,1,5,4,2,4,1
33455,1,10,1,4,4,16,13,1,7,1,2,1,2,3,4,0,1,4,1,5,1,4,4,2,2,1
33460,0,3,2,4,5,12,1,1,8,1,3,8,2,3,2,0,1,4,1,4,1,4,3,2,2,1
33465,1,6,7,4,5,12,1,1,8,1,4,1,2,3,4,0,1,4,2,4,1,4,4,2,2,1
33470,1,9,7,4,5,16,1,1,7,1,5,1,2,3,5,0,1,2,1,3,1,4,3,2,2,1
33472,0,8,7,4,1,24,13,2,8,1,5,1,2,2,1,0,1,4,1,4,1,2,3,2,2,1
33473,0,10,7,4,5,12,1,1,7,1,5,8,2,2,1,0,1,3,1,3,1,3,3,2,2,1
33478,1,8,1,4,1,13,21,1,4,5,6,8,2,2,1,0,1,4,1,5,1,4,5,2,2,1
33482,0,4,1,4,1,8,19,1,10,6,7,8,2,2,1,0,1,4,1,3,1,3,3,2,2,1
33484,0,5,1,4,1,8,1,1,10,6,7,8,2,2,1,0,1,4,1,3,1,3,3,2,2,1
33509,1,7,1,4,1,11,13,1,3,3,9,8,2,2,1,0,1,3,1,4,1,3,3,2,2,1
33510,1,7,1,4,1,11,13,1,3,3,9,8,2,2,1,0,1,3,1,4,1,3,3,2,2,1
33536,1,11,6,4,5,17,1,1,7,1,1,1,3,3,3,0,1,4,1,5,1,2,3,2,4,1
33547,0,5,3,2,1,24,22,3,7,5,2,1,3,2,1,0,3,3,1,4,3,2,6,2,5,1
33551,1,5,7,4,3,19,1,3,7,1,2,8,3,3,4,0,1,1,1,4,1,4,4,2,2,1
33552,0,3,2,4,3,7,13,1,2,1,2,1,2,3,4,0,1,4,1,4,1,2,5,2,2,1
33555,1,9,5,4,1,19,13,3,7,3,2,1,2,2,1,0,2,3,1,4,2,2,5,2,2,1
33562,1,4,3,4,1,15,13,1,7,3,2,1,2,2,1,1,2,3,1,3,2,2,5,2,4,1
33563,0,4,5,4,3,11,13,1,7,1,3,8,2,3,4,0,1,4,1,4,1,5,6,2,5,1
33569,0,6,6,4,1,11,13,1,7,4,3,1,2,2,1,0,2,4,1,3,3,2,4,2,2,1
33575,0,11,5,4,5,12,1,1,2,1,3,1,2,2,1,0,1,3,1,3,1,2,6,2,5,1
33576,0,8,1,4,5,11,1,1,7,1,4,1,3,3,3,0,1,3,1,4,1,2,3,2,3,1
33578,1,8,7,4,5,11,1,1,7,1,4,8,2,3,4,1,5,4,2,3,1,4,2,2,7,1
33580,1,6,2,2,1,20,18,2,7,1,4,1,2,2,1,0,1,3,1,4,1,2,6,2,5,1
33584,0,4,6,2,1,20,23,3,2,4,5,1,2,2,1,0,2,3,1,3,2,2,6,2,5,1
33585,0,6,6,3,1,15,13,1,4,2,5,1,2,2,1,0,8,3,1,3,1,2,3,2,2,1
33587,0,5,2,4,5,4,1,2,4,1,5,8,3,3,4,0,1,4,1,4,1,3,3,2,2,1
33588,1,10,7,4,5,13,1,1,7,1,5,1,2,3,3,0,1,4,2,5,1,2,3,2,4,1
33597,0,9,4,4,5,8,1,1,2,1,6,8,3,3,4,0,1,3,1,6,1,3,3,2,2,1
33600,0,7,5,4,3,1,13,3,2,1,7,1,2,3,3,0,1,3,1,4,1,2,5,2,3,1
33605,1,11,3,4,5,11,1,1,7,1,7,1,2,3,4,0,1,4,1,5,1,2,3,2,4,1
33607,0,8,4,4,5,4,1,3,10,1,7,1,2,2,1,0,8,3,1,3,1,2,4,2,4,1
33613,0,11,6,4,1,22,7,3,7,2,8,5,2,2,1,0,3,4,1,2,2,2,6,2,5,1
33618,0,7,6,4,1,18,21,1,7,5,9,1,3,2,1,0,8,3,1,3,1,2,6,2,5,1
33619,0,3,2,4,3,24,13,3,7,1,9,1,2,3,4,0,1,3,1,4,1,2,4,2,3,1
33628,1,3,7,4,4,5,13,2,2,1,10,8,2,3,4,0,1,3,1,5,1,3,3,2,2,1
33635,0,3,3,2,1,17,4,1,2,4,10,8,2,2,1,0,2,4,2,2,2,2,6,2,3,1
33636,0,2,6,2,5,12,1,1,2,1,10,1,2,2,1,0,1,4,1,4,1,2,5,2,3,1
33639,0,5,5,3,1,17,18,1,2,4,10,1,2,2,1,0,8,3,1,3,1,2,6,2,5,1
33642,1,9,5,4,1,14,13,1,4,4,10,8,2,2,1,0,3,4,1,3,3,3,3,2,3,1
33655,0,4,1,4,1,14,13,1,4,2,11,1,2,2,1,0,2,4,1,3,2,2,6,2,5,1
33663,1,10,3,4,1,10,13,1,10,4,12,1,2,2,1,0,2,4,1,3,2,2,6,2,5,1
33693,0,9,2,2,5,16,1,1,7,1,9,8,3,2,1,0,1,3,1,4,1,4,3,2,2,1
33698,1,9,4,4,1,5,21,2,1,2,2,1,2,2,1,0,1,1,1,5,1,2,8,2,4,1
33700,0,12,6,3,1,13,19,1,7,5,6,7,2,2,1,0,1,1,1,4,1,2,6,2,4,1
33705,0,3,3,4,1,19,13,1,2,2,8,7,2,2,1,0,1,1,1,6,1,2,7,2,4,1
33710,0,4,5,4,1,24,21,3,10,5,10,1,2,2,1,1,14,1,1,4,1,2,3,2,7,1
33712,0,4,5,4,1,5,19,4,2,5,11,1,2,2,1,0,1,1,1,4,1,2,4,2,4,1
33719,1,7,7,4,1,11,18,1,4,7,10,1,3,2,1,0,1,1,1,5,1,2,6,2,4,1
33726,0,10,2,4,1,16,21,3,7,5,12,1,2,2,1,0,1,1,1,4,1,2,7,2,4,1
33729,0,4,6,4,5,19,1,3,6,1,12,1,2,2,1,1,12,1,1,4,1,2,4,2,4,1
33777,0,7,7,4,1,20,13,3,7,4,9,1,2,2,1,0,2,4,1,3,3,2,3,2,2,1
33916,0,6,5,4,1,20,7,3,10,2,10,5,2,2,1,0,3,4,1,2,7,2,4,3,3,1
34043,0,9,1,4,1,17,13,1,7,4,4,1,2,2,1,0,8,3,1,3,1,2,3,8,2,1
34046,1,7,7,2,1,16,13,1,7,1,4,1,2,3,4,0,1,3,2,3,1,3,3,2,2,1
34047,0,5,6,4,5,17,1,1,7,1,3,8,2,2,1,0,3,3,1,2,3,2,3,9,2,1
34050,0,7,1,2,1,16,13,1,7,2,4,1,2,2,1,0,3,3,1,3,2,2,5,2,5,1
34054,1,10,6,4,5,19,1,1,7,1,6,1,2,3,4,0,1,4,1,4,1,2,3,2,2,1
34058,0,4,6,4,1,20,21,1,2,1,6,1,2,2,1,0,1,1,1,4,1,2,3,2,2,1
34059,0,8,7,4,1,11,13,1,2,4,6,1,2,2,1,0,2,3,1,4,2,2,3,2,2,1
34061,0,6,1,2,1,18,7,1,7,2,7,2,2,2,1,0,1,3,1,3,1,2,3,2,2,1
34062,0,6,1,4,1,18,7,1,7,2,7,1,2,2,1,0,1,3,1,3,1,2,3,2,2,1
34065,0,3,1,2,1,18,13,1,8,2,7,2,2,2,1,0,1,4,1,3,1,2,3,2,2,1
34066,0,3,1,4,1,18,13,1,8,2,7,1,2,2,1,0,1,4,1,3,1,2,3,2,2,1
34071,0,7,2,3,1,8,19,1,3,1,8,1,2,2,1,0,1,4,1,3,1,2,3,2,2,1
34073,0,4,2,2,1,21,13,3,4,2,9,1,2,2,1,0,8,4,1,3,1,2,5,2,2,1
34074,0,4,2,2,1,21,13,3,4,2,9,2,2,2,1,0,8,4,1,2,1,2,5,2,2,1
34075,0,4,2,2,1,21,7,3,2,2,9,1,2,2,1,0,8,4,1,3,1,2,5,2,2,1
34076,0,4,2,2,1,21,7,3,2,2,9,2,2,2,1,0,8,4,1,2,1,2,5,2,2,1
34077,0,10,4,3,5,15,1,1,8,1,9,1,2,2,1,0,3,4,1,2,2,2,5,9,2,1
34078,1,6,1,4,4,15,13,1,7,1,9,1,2,3,4,0,1,3,1,5,1,2,3,2,2,1
34082,1,10,1,4,1,13,13,1,7,4,8,1,2,2,1,0,8,3,1,3,1,2,3,2,2,1
34085,0,7,7,4,1,12,13,1,7,1,10,1,2,2,1,0,1,3,1,4,1,2,3,2,2,1
34087,0,9,4,4,1,14,13,1,8,4,10,1,2,2,1,0,8,3,1,3,1,2,3,2,2,1
34090,0,5,1,2,1,15,13,1,7,1,9,1,2,2,1,0,2,3,1,4,2,2,3,2,2,1
34091,0,4,7,2,4,12,2,1,10,1,9,8,2,3,4,0,1,4,1,2,1,4,3,2,2,1
34094,0,9,1,2,5,17,1,1,7,1,10,8,2,2,1,0,1,3,1,3,1,3,3,2,2,1
34096,0,6,3,4,1,22,13,2,10,1,9,1,2,3,4,0,1,1,1,4,1,3,3,2,2,1
34097,0,8,2,3,1,18,21,2,10,1,11,1,2,2,1,0,1,4,1,5,1,2,3,2,2,1
34098,0,2,7,3,1,13,13,1,8,4,2,1,2,2,1,0,8,1,1,3,1,2,3,2,2,1
34103,1,3,6,3,1,14,13,1,8,4,3,1,3,2,1,0,2,4,1,3,2,2,5,2,2,1
34106,1,8,2,4,5,13,1,1,10,1,4,7,2,2,1,0,3,1,1,4,3,2,3,3,2,1
34114,1,6,3,4,5,21,1,2,4,1,5,8,2,3,4,0,1,3,1,5,1,3,3,2,2,1
34121,1,9,3,4,5,16,1,1,10,1,5,1,2,2,1,0,1,4,1,4,1,2,3,2,2,1
34124,0,8,6,4,5,13,1,1,7,1,5,1,3,2,1,0,1,3,1,3,1,2,6,2,5,1
34125,0,6,6,2,1,15,20,1,2,6,5,1,2,2,1,0,1,1,1,3,1,2,3,2,2,1
34128,0,9,1,1,2,1,4,2,2,1,6,1,2,3,4,0,1,1,1,3,1,2,3,2,2,1
34130,0,4,5,3,1,17,13,1,2,2,6,1,2,2,1,0,1,4,1,2,1,2,3,2,2,1
34132,0,4,7,2,1,20,13,5,8,2,6,1,2,2,1,0,1,4,1,3,1,2,5,2,2,1
34136,0,10,5,2,1,16,20,1,7,1,6,1,2,3,4,0,1,4,1,2,1,4,3,3,2,1
34137,0,2,3,2,5,12,1,1,10,1,6,1,2,3,4,0,1,3,1,4,1,4,3,2,2,1
34138,0,4,6,2,1,18,18,1,4,4,6,1,2,2,1,0,2,4,1,3,3,2,6,2,5,1
34143,0,4,2,3,1,20,13,1,2,1,6,1,2,2,1,0,3,3,1,4,3,2,5,2,2,1
34149,0,10,5,3,1,18,13,1,2,2,7,1,3,2,1,0,3,3,1,4,2,2,3,2,2,1
34151,0,7,6,4,5,11,1,1,7,1,6,7,3,2,1,0,1,3,1,4,1,2,3,2,4,1
34154,1,7,7,4,1,13,13,1,7,2,7,1,2,2,1,0,1,4,2,4,1,2,3,2,4,1
34155,1,7,7,3,1,13,13,1,7,2,7,2,2,2,1,0,1,4,2,2,1,2,3,2,4,1
34157,0,9,7,4,1,13,7,1,7,2,7,1,2,2,1,0,1,4,1,4,1,2,3,2,4,1
34158,0,9,7,3,1,13,7,1,7,2,7,2,2,2,1,0,1,4,1,2,1,2,3,2,4,1
34160,0,7,7,4,1,13,7,1,7,2,7,1,2,2,1,0,1,4,1,4,1,2,3,2,4,1
34161,0,7,7,3,1,13,7,1,7,2,7,2,2,2,1,0,1,4,1,2,1,2,3,2,4,1
34165,0,7,7,3,2,7,10,1,2,1,7,7,2,2,1,1,12,1,1,4,1,2,5,2,4,1
34167,0,7,5,4,1,21,13,2,4,1,7,1,2,2,1,0,1,1,1,3,1,2,3,2,2,1
34170,0,6,6,4,5,15,1,1,3,1,7,1,3,2,1,0,8,4,1,3,1,2,6,2,5,1
34176,0,8,5,4,1,16,13,1,1,4,8,3,2,2,1,0,7,3,1,3,1,2,2,2,3,1
34178,0,11,5,4,1,20,13,1,7,2,7,1,2,2,1,0,3,3,1,3,3,2,3,2,2,1
34179,0,3,6,2,5,19,1,1,4,1,8,8,2,3,4,1,5,1,1,4,1,3,2,2,6,1
34180,0,3,1,3,5,10,1,1,7,1,8,1,3,2,1,0,2,1,1,4,3,2,3,2,3,1
34186,0,7,4,3,1,17,4,1,7,5,8,1,2,2,1,0,1,3,1,2,1,2,5,2,4,1
34187,1,8,2,4,1,6,13,4,10,4,8,1,2,2,1,0,8,3,1,3,1,2,6,2,2,1
34190,0,4,3,4,1,12,11,1,2,4,8,1,2,2,1,0,2,1,1,3,3,2,6,2,2,1
34194,0,3,2,3,1,12,13,1,7,4,9,1,2,2,1,0,2,3,1,4,3,2,6,2,5,1
34196,0,7,4,4,1,19,13,1,7,1,9,1,2,2,1,0,1,3,1,4,1,2,3,2,2,1
34197,1,8,7,4,2,19,1,1,2,1,9,8,2,3,4,0,1,3,1,4,1,4,3,2,2,1
34199,1,10,7,4,1,21,19,2,7,6,9,1,2,2,1,0,1,3,1,3,1,2,3,3,2,1
34204,1,5,4,2,5,18,1,1,7,1,9,1,2,2,1,0,3,4,1,2,3,2,3,2,2,1
34207,0,3,6,2,3,23,10,3,4,5,10,1,2,2,1,0,1,4,2,3,1,2,3,2,3,1
34210,0,7,6,2,1,20,13,3,7,4,9,1,2,2,1,0,2,3,1,2,2,2,2,2,6,1
34213,0,4,7,2,1,19,7,5,2,2,10,2,2,2,1,0,1,4,1,3,1,2,3,2,4,1
34221,1,4,6,2,1,20,10,2,7,4,4,5,2,2,1,0,2,3,1,2,3,2,6,2,5,1
34233,0,5,7,2,1,8,7,1,7,2,6,5,2,2,1,0,3,3,1,2,2,2,6,3,2,1
34355,0,4,4,4,1,5,13,2,10,1,8,1,2,2,1,0,1,4,1,4,1,2,3,2,2,1
34432,0,3,2,3,1,12,7,1,7,2,5,5,2,2,1,0,2,3,1,2,2,2,3,2,2,1
34465,1,4,4,3,1,7,7,1,2,7,6,8,2,2,1,0,2,3,1,2,3,2,2,3,3,1
34605,0,6,3,4,1,16,19,1,10,5,1,1,2,2,1,0,8,3,1,3,1,2,6,2,5,1
34606,0,9,7,4,5,16,1,1,7,1,1,1,2,3,3,0,1,3,1,3,1,2,3,2,3,1
34607,1,7,5,4,1,18,13,3,2,2,1,1,2,2,1,0,1,4,2,2,1,2,4,2,5,1
34609,1,3,2,4,5,16,1,1,10,1,1,1,2,3,4,0,1,4,1,4,1,2,4,2,4,1
34614,0,5,6,4,1,15,13,1,4,2,3,1,2,2,1,0,1,4,1,4,1,2,6,2,5,1
34618,0,3,7,4,1,13,13,1,10,4,3,1,2,2,1,0,2,4,1,3,3,2,5,2,4,1
34627,0,3,5,4,1,16,13,1,4,4,4,1,2,2,1,0,2,3,1,3,2,2,5,2,4,1
34630,0,8,6,4,1,22,13,3,7,4,5,1,2,2,1,0,2,3,1,3,2,2,5,2,4,1
34644,0,8,5,4,1,11,13,1,7,2,7,7,2,2,1,0,1,3,1,4,1,2,6,2,5,1
34646,0,3,2,4,1,20,13,2,10,3,8,1,2,2,11,0,3,4,1,4,2,2,4,2,5,1
34658,0,3,1,4,1,1,13,2,4,2,9,1,2,2,1,0,1,4,1,4,1,2,3,2,4,1
34659,0,3,1,4,1,1,13,2,4,2,9,1,2,2,1,0,1,4,1,4,1,2,3,2,4,1
34660,0,4,1,4,1,1,7,2,1,2,9,1,2,2,1,0,1,4,1,4,1,2,3,2,4,1
34661,0,4,1,4,1,1,7,2,1,2,9,1,2,2,1,0,1,4,1,4,1,2,3,2,4,1
34663,0,9,4,4,1,14,13,1,2,2,10,2,2,4,2,0,1,4,1,2,1,2,4,2,4,1
34664,0,11,6,4,5,8,1,1,2,1,10,1,2,2,1,0,1,4,1,3,1,2,3,2,2,1
34674,0,7,4,4,1,16,23,1,7,5,1,1,2,2,1,0,1,1,1,3,1,2,5,2,4,1
34679,0,7,6,4,1,19,13,1,7,4,3,1,2,2,1,0,8,1,1,3,1,2,3,2,5,1
34680,1,5,6,4,1,7,13,1,10,2,3,1,2,2,1,1,12,1,1,4,1,2,3,2,4,1
34685,0,3,2,2,5,17,1,1,2,1,3,1,3,2,1,0,1,4,2,5,1,2,6,3,4,1
34688,0,4,5,4,5,17,1,1,10,1,4,8,2,3,2,0,1,1,1,4,1,4,3,2,2,1
34691,0,4,4,2,1,17,19,1,7,7,5,1,2,2,1,0,1,1,1,2,1,2,7,2,4,1
34695,0,3,6,4,5,16,1,1,4,1,5,1,3,2,1,0,1,4,1,5,1,2,5,2,4,1
34696,0,4,6,4,5,4,1,3,4,1,5,1,3,2,1,1,12,4,1,5,1,2,4,2,4,1
34703,0,5,7,4,1,12,13,1,7,2,6,1,2,2,1,0,1,4,1,5,1,2,5,2,4,1
34707,0,11,3,4,1,15,13,1,7,2,5,1,2,2,1,0,1,4,1,3,1,2,5,2,4,1
34710,1,4,4,4,1,7,4,1,4,5,5,1,2,2,1,0,1,4,1,4,1,2,6,2,4,1
34716,0,10,4,2,1,20,22,1,7,4,6,8,2,2,1,0,2,1,1,3,3,2,3,2,2,1
34717,0,10,4,2,1,20,22,1,7,4,6,1,2,2,1,0,2,1,1,3,3,2,3,2,2,1
34719,0,7,6,2,1,15,21,1,8,4,7,8,2,2,1,0,3,1,1,3,3,2,4,2,2,1
34722,0,4,1,4,1,20,21,1,10,5,7,1,2,2,1,0,1,1,1,3,1,2,8,2,4,1
34727,0,4,7,4,1,24,7,2,10,2,7,2,2,2,1,0,1,3,1,6,1,2,5,2,4,1
34729,0,4,3,4,1,14,13,1,2,2,7,1,2,2,1,0,1,1,1,5,1,2,5,2,4,1
34735,0,4,6,4,1,8,21,1,7,5,8,1,2,2,1,0,1,1,1,5,1,2,5,2,4,1
34738,1,3,4,4,1,8,13,1,2,4,8,1,2,2,1,0,1,3,1,3,1,2,4,2,4,1
34747,0,9,3,4,1,17,18,1,7,6,9,8,2,2,1,0,1,1,1,4,1,4,3,2,2,1
34774,0,4,6,4,1,19,21,5,2,5,10,1,2,2,1,0,1,1,1,4,1,2,5,2,4,1
34777,0,5,5,4,1,7,18,1,7,5,10,7,2,2,1,0,1,1,1,5,1,2,6,2,4,1
34787,0,6,2,2,5,8,1,1,8,1,11,7,2,2,1,0,1,1,1,3,1,2,4,2,4,1
34792,1,7,7,2,5,2,1,2,7,1,12,1,2,3,4,0,1,4,1,4,1,2,3,2,2,1
34795,0,4,5,4,1,12,19,1,7,4,12,8,2,2,1,0,2,1,1,2,3,2,3,2,2,1
34825,0,3,5,4,5,11,1,1,2,1,7,1,3,3,4,0,1,1,1,3,1,4,3,2,2,1
35038,0,9,7,4,1,20,7,3,7,2,8,5,2,2,1,0,1,3,1,2,1,2,5,2,3,1
35129,0,6,6,4,5,21,1,3,7,1,6,1,2,3,3,0,1,4,1,4,1,2,4,2,4,1